"file","line","kind","depth","path","title","detail"
"ja/development_tools/testing_framework/index.rst","3","heading","1","","テスティングフレームワーク",""
"ja/development_tools/testing_framework/index.rst","6","toctree","0","テスティングフレームワーク","toctree","guide/development_guide/06_TestFWGuide/index;guide/development_guide/05_UnitTestGuide/index"
"ja/development_tools/testing_framework/index.rst","13","para","0","テスティングフレームワーク","","テスティングフレームワークの仕組み・設定・導入を行うアーキテクトは :ref:`testFWGuide` を、 テストの実装方法・テストデータの記述方法を確認する開発者は :ref:`unitTestGuide` を参照。"
"ja/development_tools/testing_framework/index.rst","16","admonition","0","テスティングフレームワーク","important",""
"ja/development_tools/testing_framework/index.rst","18","para","0","テスティングフレームワーク","","テスティングフレームワークは、以下の基盤やライブラリには対応していない。 このため、これらの基盤やライブラリを使用するアプリケーションに対するテストは、 `JUnit(外部サイト、英語) <https://junit.org/junit5/>`_ などのテスティングフレームワークを使用して行うこと。"
"ja/development_tools/testing_framework/index.rst","21","para","0","テスティングフレームワーク","","* :ref:`Jakarta Batchに準拠したバッチアプリケーション <jsr352_batch>`"
"ja/development_tools/testing_framework/index.rst","23","admonition","0","テスティングフレームワーク","important",""
"ja/development_tools/testing_framework/index.rst","25","para","0","テスティングフレームワーク","","テスティングフレームワークは、マルチスレッド機能に対応していない。 マルチスレッド機能のテストは、テスティングフレームワークを使用しないテスト(結合テストなど)で行うこと。"
"ja/development_tools/testing_framework/guide/development_guide/05_UnitTestGuide/index.rst","5","heading","1","","テストの実装方法",""
"ja/development_tools/testing_framework/guide/development_guide/05_UnitTestGuide/index.rst","7","para","0","テストの実装方法","","*テストデータ*"
"ja/development_tools/testing_framework/guide/development_guide/05_UnitTestGuide/index.rst","10","toctree","0","テストの実装方法","toctree","../06_TestFWGuide/testdata/index;../06_TestFWGuide/testdata/examples"
"ja/development_tools/testing_framework/guide/development_guide/05_UnitTestGuide/index.rst","17","para","0","テストの実装方法","","*共通*"
"ja/development_tools/testing_framework/guide/development_guide/05_UnitTestGuide/index.rst","20","toctree","0","テストの実装方法","toctree","01_ClassUnitTest/index"
"ja/development_tools/testing_framework/guide/development_guide/05_UnitTestGuide/index.rst","25","para","0","テストの実装方法","","*ウェブアプリケーション*"
"ja/development_tools/testing_framework/guide/development_guide/05_UnitTestGuide/index.rst","28","toctree","0","テストの実装方法","toctree","02_RequestUnitTest/index;02_RequestUnitTest/fileupload;03_DealUnitTest/index;03_DealUnitTest/send_sync;03_DealUnitTest/http_send_sync;02_RequestUnitTest/double_transmission"
"ja/development_tools/testing_framework/guide/development_guide/05_UnitTestGuide/index.rst","39","para","0","テストの実装方法","","*RESTfulウェブサービス*"
"ja/development_tools/testing_framework/guide/development_guide/05_UnitTestGuide/index.rst","42","toctree","0","テストの実装方法","toctree",""
"ja/development_tools/testing_framework/guide/development_guide/05_UnitTestGuide/index.rst","45","para","0","テストの実装方法","","02_RequestUnitTest/rest 03_DealUnitTest/rest"
"ja/development_tools/testing_framework/guide/development_guide/05_UnitTestGuide/index.rst","49","para","0","テストの実装方法","","*バッチ処理*"
"ja/development_tools/testing_framework/guide/development_guide/05_UnitTestGuide/index.rst","52","toctree","0","テストの実装方法","toctree","02_RequestUnitTest/batch;03_DealUnitTest/batch"
"ja/development_tools/testing_framework/guide/development_guide/05_UnitTestGuide/index.rst","58","para","0","テストの実装方法","","*メッセージング処理*"
"ja/development_tools/testing_framework/guide/development_guide/05_UnitTestGuide/index.rst","60","para","0","テストの実装方法","","*同期応答メッセージ受信処理*"
"ja/development_tools/testing_framework/guide/development_guide/05_UnitTestGuide/index.rst","62","toctree","0","テストの実装方法","toctree",""
"ja/development_tools/testing_framework/guide/development_guide/05_UnitTestGuide/index.rst","65","para","0","テストの実装方法","","02_RequestUnitTest/real 03_DealUnitTest/real"
"ja/development_tools/testing_framework/guide/development_guide/05_UnitTestGuide/index.rst","68","para","0","テストの実装方法","","*応答不要メッセージ受信処理*"
"ja/development_tools/testing_framework/guide/development_guide/05_UnitTestGuide/index.rst","70","toctree","0","テストの実装方法","toctree",""
"ja/development_tools/testing_framework/guide/development_guide/05_UnitTestGuide/index.rst","73","para","0","テストの実装方法","","02_RequestUnitTest/delayed_receive 03_DealUnitTest/delayed_receive"
"ja/development_tools/testing_framework/guide/development_guide/05_UnitTestGuide/index.rst","77","para","0","テストの実装方法","","*HTTP同期応答メッセージ受信処理*"
"ja/development_tools/testing_framework/guide/development_guide/05_UnitTestGuide/index.rst","79","toctree","0","テストの実装方法","toctree",""
"ja/development_tools/testing_framework/guide/development_guide/05_UnitTestGuide/index.rst","82","para","0","テストの実装方法","","02_RequestUnitTest/http_real"
"ja/development_tools/testing_framework/guide/development_guide/05_UnitTestGuide/index.rst","84","para","0","テストの実装方法","","*同期応答メッセージ送信処理*"
"ja/development_tools/testing_framework/guide/development_guide/05_UnitTestGuide/index.rst","86","toctree","0","テストの実装方法","toctree",""
"ja/development_tools/testing_framework/guide/development_guide/05_UnitTestGuide/index.rst","89","para","0","テストの実装方法","","02_RequestUnitTest/send_sync"
"ja/development_tools/testing_framework/guide/development_guide/05_UnitTestGuide/index.rst","91","para","0","テストの実装方法","","*応答不要メッセージ送信処理*"
"ja/development_tools/testing_framework/guide/development_guide/05_UnitTestGuide/index.rst","93","toctree","0","テストの実装方法","toctree",""
"ja/development_tools/testing_framework/guide/development_guide/05_UnitTestGuide/index.rst","96","para","0","テストの実装方法","","02_RequestUnitTest/delayed_send 03_DealUnitTest/delayed_send"
"ja/development_tools/testing_framework/guide/development_guide/05_UnitTestGuide/index.rst","99","para","0","テストの実装方法","","*HTTP同期応答メッセージ送信処理*"
"ja/development_tools/testing_framework/guide/development_guide/05_UnitTestGuide/index.rst","101","toctree","0","テストの実装方法","toctree",""
"ja/development_tools/testing_framework/guide/development_guide/05_UnitTestGuide/index.rst","104","para","0","テストの実装方法","","02_RequestUnitTest/http_send_sync"
"ja/development_tools/testing_framework/guide/development_guide/05_UnitTestGuide/index.rst","107","para","0","テストの実装方法","","*その他の処理*"
"ja/development_tools/testing_framework/guide/development_guide/05_UnitTestGuide/index.rst","109","para","0","テストの実装方法","","*メール送信処理*"
"ja/development_tools/testing_framework/guide/development_guide/05_UnitTestGuide/index.rst","111","toctree","0","テストの実装方法","toctree",""
"ja/development_tools/testing_framework/guide/development_guide/05_UnitTestGuide/index.rst","114","para","0","テストの実装方法","","02_RequestUnitTest/mail"
"ja/development_tools/testing_framework/guide/development_guide/05_UnitTestGuide/index.rst","118","para","0","テストの実装方法","","*目的別API使用方法*"
"ja/development_tools/testing_framework/guide/development_guide/05_UnitTestGuide/index.rst","120","toctree","0","テストの実装方法","toctree","../06_TestFWGuide/03_Tips"
"ja/development_tools/testing_framework/guide/development_guide/05_UnitTestGuide/01_ClassUnitTest/02_componentUnitTest.rst","5","heading","1","","Action/Componentのクラス単体テスト",""
"ja/development_tools/testing_framework/guide/development_guide/05_UnitTestGuide/01_ClassUnitTest/02_componentUnitTest.rst","6","para","0","Action/Componentのクラス単体テスト","","本項では、Action/Componentのクラス単体テストのうちComponentのクラス単体テスト(以下Component単体テスト)にて説明する。 なお、Actionのクラス単体テスト(以下Action単体テスト)の場合の違いとしてはテストクラス名の部分である。"
"ja/development_tools/testing_framework/guide/development_guide/05_UnitTestGuide/01_ClassUnitTest/02_componentUnitTest.rst","11","heading","2","Action/Componentのクラス単体テスト","Action/Component単体テストの書き方",""
"ja/development_tools/testing_framework/guide/development_guide/05_UnitTestGuide/01_ClassUnitTest/02_componentUnitTest.rst","12","para","0","Action/Componentのクラス単体テスト > Action/Component単体テストの書き方","","本項で例として使用したテストクラスとテストデータは以下のとおり(右クリック->保存でダウンロード)。"
"ja/development_tools/testing_framework/guide/development_guide/05_UnitTestGuide/01_ClassUnitTest/02_componentUnitTest.rst","14","para","0","Action/Componentのクラス単体テスト > Action/Component単体テストの書き方","","* :download:`テストケース一覧(ユーザ登録_ UserComponent_クラス単体テストケース.xlsx)<./_download/ユーザ登録_UserComponent_クラス単体テストケース.xlsx>` * :download:`テストクラス(UserComponentTest.java)<./_d"
"ja/development_tools/testing_framework/guide/development_guide/05_UnitTestGuide/01_ClassUnitTest/02_componentUnitTest.rst","20","para","0","Action/Componentのクラス単体テスト > Action/Component単体テストの書き方","","本項では、ユーザ登録用メソッド(UserComponent#registerUser)を例に説明する。"
"ja/development_tools/testing_framework/guide/development_guide/05_UnitTestGuide/01_ClassUnitTest/02_componentUnitTest.rst","24","heading","1","","テストケース実行のパターン分け",""
"ja/development_tools/testing_framework/guide/development_guide/05_UnitTestGuide/01_ClassUnitTest/02_componentUnitTest.rst","25","para","0","テストケース実行のパターン分け","","テストケース一覧とテスト対象メソッドから、テストケースは以下の4つに分類される。これは、どのパターンに属するかによって、テストクラスやデータの作成方法に\ 違いがあるためである。"
"ja/development_tools/testing_framework/guide/development_guide/05_UnitTestGuide/01_ClassUnitTest/02_componentUnitTest.rst","28","table","0","テストケース実行のパターン分け","","パターン | 当てはまる処理の例"
"ja/development_tools/testing_framework/guide/development_guide/05_UnitTestGuide/01_ClassUnitTest/02_componentUnitTest.rst","37","para","0","テストケース実行のパターン分け","","今回の例は、DB挿入処理、2重登録時のエラー処理ありなので、テストケースは""処理終了後のデータベースの状況を確認しなければならないもの""と\ ""メッセージIDを確認しなければならないもの""に分類される。"
"ja/development_tools/testing_framework/guide/development_guide/05_UnitTestGuide/01_ClassUnitTest/02_componentUnitTest.rst","41","heading","1","","テストデータとテストクラスの作成",""
"ja/development_tools/testing_framework/guide/development_guide/05_UnitTestGuide/01_ClassUnitTest/02_componentUnitTest.rst","42","para","0","テストデータとテストクラスの作成","","\ :ref:`componentUnitTest_Setup`\ 、\ :ref:`componentUnitTest_DB`\ 、\ :ref:`componentUnitTest_messageID`\ のそれぞれについて、テストデータとテストクラスの作成方法を説明する。\ まず最初に、テストデータ(テストデータ"
"ja/development_tools/testing_framework/guide/development_guide/05_UnitTestGuide/01_ClassUnitTest/02_componentUnitTest.rst","46","heading","2","テストデータとテストクラスの作成","テストデータの作成",""
"ja/development_tools/testing_framework/guide/development_guide/05_UnitTestGuide/01_ClassUnitTest/02_componentUnitTest.rst","47","para","0","テストデータとテストクラスの作成 > テストデータの作成","","テストデータを記載したテストデータファイルは、\ :ref:`entityUnitTest`\ と同様にテストソースコードと同じディレクトリに同じ名前で格納する(拡張子のみ異なる)。\ なお、全てのテストデータは同じテストデータシートに記載する前提である。"
"ja/development_tools/testing_framework/guide/development_guide/05_UnitTestGuide/01_ClassUnitTest/02_componentUnitTest.rst","50","para","0","テストデータとテストクラスの作成 > テストデータの作成","","テストデータの記述方法詳細については、\ :doc:`../../06_TestFWGuide/01_Abstract`\ 、\ :doc:`../../06_TestFWGuide/02_DbAccessTest`\ を参照。"
"ja/development_tools/testing_framework/guide/development_guide/05_UnitTestGuide/01_ClassUnitTest/02_componentUnitTest.rst","52","para","0","テストデータとテストクラスの作成 > テストデータの作成","","Excel / YAML 形式のデータブロック種別・記述方法については :ref:`ntf_testdata` を参照。"
"ja/development_tools/testing_framework/guide/development_guide/05_UnitTestGuide/01_ClassUnitTest/02_componentUnitTest.rst","54","para","0","テストデータとテストクラスの作成 > テストデータの作成","","なお、メッセージデータやコードマスタなどの、データベースに格納する静的マスタデータは、プロジェクトで管理されたデータがあらかじめ投入されている\ (これらのデータを個別のテストデータとして作成しない)前提である。"
"ja/development_tools/testing_framework/guide/development_guide/05_UnitTestGuide/01_ClassUnitTest/02_componentUnitTest.rst","58","heading","2","テストデータとテストクラスの作成","テストクラスの作成",""
"ja/development_tools/testing_framework/guide/development_guide/05_UnitTestGuide/01_ClassUnitTest/02_componentUnitTest.rst","59","para","0","テストデータとテストクラスの作成 > テストクラスの作成","","Component単体テストのテストクラスは以下の条件を満たすように作成する。詳細は、\ :doc:`../../06_TestFWGuide/02_DbAccessTest`\ を参照。"
"ja/development_tools/testing_framework/guide/development_guide/05_UnitTestGuide/01_ClassUnitTest/02_componentUnitTest.rst","61","para","0","テストデータとテストクラスの作成 > テストクラスの作成","","* テストクラスのパッケージは、テスト対象のAction/Componentと同じとする。 * <Action/Componentクラス名>Testというクラス名でテストクラスを作成する。 * nablarch.test.core.db.DbAccessTestSupportを継承する。"
"ja/development_tools/testing_framework/guide/development_guide/05_UnitTestGuide/01_ClassUnitTest/02_componentUnitTest.rst","65","code","0","テストデータとテストクラスの作成 > テストクラスの作成","java",""
"ja/development_tools/testing_framework/guide/development_guide/05_UnitTestGuide/01_ClassUnitTest/02_componentUnitTest.rst","67","para","0","テストデータとテストクラスの作成 > テストクラスの作成","","package nablarch.sample.management.user; // 【説明】パッケージはUserComponentと同じ"
"ja/development_tools/testing_framework/guide/development_guide/05_UnitTestGuide/01_ClassUnitTest/02_componentUnitTest.rst","69","para","0","テストデータとテストクラスの作成 > テストクラスの作成","","import static org.junit.Assert.assertEquals; import static org.junit.Assert.assertTrue; import static org.junit.Assert.fail;"
"ja/development_tools/testing_framework/guide/development_guide/05_UnitTestGuide/01_ClassUnitTest/02_componentUnitTest.rst","73","para","0","テストデータとテストクラスの作成 > テストクラスの作成","","import java.util.HashMap; import java.util.List; import java.util.Map; import java.util.Map.Entry;"
"ja/development_tools/testing_framework/guide/development_guide/05_UnitTestGuide/01_ClassUnitTest/02_componentUnitTest.rst","78","para","0","テストデータとテストクラスの作成 > テストクラスの作成","","import nablarch.core.db.statement.SqlResultSet; import nablarch.core.message.ApplicationException; import nablarch.test.core.db.DbAccessTestSupport;"
"ja/development_tools/testing_framework/guide/development_guide/05_UnitTestGuide/01_ClassUnitTest/02_componentUnitTest.rst","82","para","0","テストデータとテストクラスの作成 > テストクラスの作成","","import org.junit.Test;"
"ja/development_tools/testing_framework/guide/development_guide/05_UnitTestGuide/01_ClassUnitTest/02_componentUnitTest.rst","84","para","0","テストデータとテストクラスの作成 > テストクラスの作成","","/** * {@link UserComponentTest}のテストクラス。 * * @author Tsuyoshi Kawasaki * @since 1.0 */ public class UserComponentTest extends DbAccessTestSupport { // 【説明】クラス名はU"
"ja/development_tools/testing_framework/guide/development_guide/05_UnitTestGuide/01_ClassUnitTest/02_componentUnitTest.rst","93","para","0","テストデータとテストクラスの作成 > テストクラスの作成","","// ～後略～"
"ja/development_tools/testing_framework/guide/development_guide/05_UnitTestGuide/01_ClassUnitTest/02_componentUnitTest.rst","99","heading","2","テストデータとテストクラスの作成","事前準備データの作成処理",""
"ja/development_tools/testing_framework/guide/development_guide/05_UnitTestGuide/01_ClassUnitTest/02_componentUnitTest.rst","100","para","0","テストデータとテストクラスの作成 > 事前準備データの作成処理","","事前データと事前データ投入処理を作成する。今回の例では、次のようなデータを作成している。"
"ja/development_tools/testing_framework/guide/development_guide/05_UnitTestGuide/01_ClassUnitTest/02_componentUnitTest.rst","102","para","0","テストデータとテストクラスの作成 > 事前準備データの作成処理","","* スレッドコンテキスト\ [#]_\ の設定"
"ja/development_tools/testing_framework/guide/development_guide/05_UnitTestGuide/01_ClassUnitTest/02_componentUnitTest.rst","104","para","0","テストデータとテストクラスの作成 > 事前準備データの作成処理","","* USER_ID:ユーザID。USERID0001。 * REQUEST_ID:リクエストID。USERS00301。"
"ja/development_tools/testing_framework/guide/development_guide/05_UnitTestGuide/01_ClassUnitTest/02_componentUnitTest.rst","107","para","0","テストデータとテストクラスの作成 > 事前準備データの作成処理","","* 挿入対象テーブルの初期化"
"ja/development_tools/testing_framework/guide/development_guide/05_UnitTestGuide/01_ClassUnitTest/02_componentUnitTest.rst","109","para","0","テストデータとテストクラスの作成 > 事前準備データの作成処理","","* SYSTEM_ACCOUNT:システムアカウントテーブル。初期データ3件。 * USERS:ユーザテーブル。初期データ0件。 * UGROUP_SYSTEM_ACCOUNT:グループシステムアカウントテーブル。初期データ0件。 * SYSTEM_ACCOUNT_AUTHORITY:システムアカウント権限テーブル。初"
"ja/development_tools/testing_framework/guide/development_guide/05_UnitTestGuide/01_ClassUnitTest/02_componentUnitTest.rst","114","para","0","テストデータとテストクラスの作成 > 事前準備データの作成処理","","* マスタ系データの投入"
"ja/development_tools/testing_framework/guide/development_guide/05_UnitTestGuide/01_ClassUnitTest/02_componentUnitTest.rst","116","para","0","テストデータとテストクラスの作成 > 事前準備データの作成処理","","* ID_GENERATE:採番テーブル。登録時に採番処理を行うため。採番テーブルを初期化しておかないと、テスト実行時の採番結果がわからなくなり、挿入結果の検証ができなくなる。"
"ja/development_tools/testing_framework/guide/development_guide/05_UnitTestGuide/01_ClassUnitTest/02_componentUnitTest.rst","118","figure","0","テストデータとテストクラスの作成 > 事前準備データの作成処理","","./_image/componentUnitTest_Setup.png"
"ja/development_tools/testing_framework/guide/development_guide/05_UnitTestGuide/01_ClassUnitTest/02_componentUnitTest.rst","124","para","0","テストデータとテストクラスの作成 > 事前準備データの作成処理","","スレッドコンテキストとは、ユーザID、リクエストID、使用言語のような、一連の処理を実行するときに、コールスタックの複数のメソッドにおいて共通的に必要なデータを格納するオブジェクト。"
"ja/development_tools/testing_framework/guide/development_guide/05_UnitTestGuide/01_ClassUnitTest/02_componentUnitTest.rst","126","para","0","テストデータとテストクラスの作成 > 事前準備データの作成処理","","これらのデータを読み込む処理を以下に示す。"
"ja/development_tools/testing_framework/guide/development_guide/05_UnitTestGuide/01_ClassUnitTest/02_componentUnitTest.rst","128","code","0","テストデータとテストクラスの作成 > 事前準備データの作成処理","java",""
"ja/development_tools/testing_framework/guide/development_guide/05_UnitTestGuide/01_ClassUnitTest/02_componentUnitTest.rst","130","para","0","テストデータとテストクラスの作成 > 事前準備データの作成処理","","// ～前略～"
"ja/development_tools/testing_framework/guide/development_guide/05_UnitTestGuide/01_ClassUnitTest/02_componentUnitTest.rst","132","para","0","テストデータとテストクラスの作成 > 事前準備データの作成処理","","/** * {@link UserComponent#registerUser()}のテスト1。<br> * 正常系。 */ @Test public void testRegisterUser1() { String sheetName = ""registerUser"";"
"ja/development_tools/testing_framework/guide/development_guide/05_UnitTestGuide/01_ClassUnitTest/02_componentUnitTest.rst","140","para","0","テストデータとテストクラスの作成 > 事前準備データの作成処理","","setThreadContextValues(sheetName, ""threadContext""); // 【説明】スレッドコンテキストの設定"
"ja/development_tools/testing_framework/guide/development_guide/05_UnitTestGuide/01_ClassUnitTest/02_componentUnitTest.rst","143","para","0","テストデータとテストクラスの作成 > 事前準備データの作成処理","","// ～中略～"
"ja/development_tools/testing_framework/guide/development_guide/05_UnitTestGuide/01_ClassUnitTest/02_componentUnitTest.rst","145","para","0","テストデータとテストクラスの作成 > 事前準備データの作成処理","","for (int i = 0; i < sysAcctDatas.size(); i++) {"
"ja/development_tools/testing_framework/guide/development_guide/05_UnitTestGuide/01_ClassUnitTest/02_componentUnitTest.rst","147","para","0","テストデータとテストクラスの作成 > 事前準備データの作成処理","","// ～中略～"
"ja/development_tools/testing_framework/guide/development_guide/05_UnitTestGuide/01_ClassUnitTest/02_componentUnitTest.rst","149","para","0","テストデータとテストクラスの作成 > 事前準備データの作成処理","","// データベース準備 setUpDb(sheetName); // 【説明】事前データの投入。 // 【説明】各ケースごとに初期化するためループ中で実行する。"
"ja/development_tools/testing_framework/guide/development_guide/05_UnitTestGuide/01_ClassUnitTest/02_componentUnitTest.rst","153","para","0","テストデータとテストクラスの作成 > 事前準備データの作成処理","","// ～後略～"
"ja/development_tools/testing_framework/guide/development_guide/05_UnitTestGuide/01_ClassUnitTest/02_componentUnitTest.rst","159","heading","2","テストデータとテストクラスの作成","処理終了後のデータベースの状況を確認しなければならないもの",""
"ja/development_tools/testing_framework/guide/development_guide/05_UnitTestGuide/01_ClassUnitTest/02_componentUnitTest.rst","164","heading","3","テストデータとテストクラスの作成 > 処理終了後のデータベースの状況を確認しなければならないもの","テストデータ(入力値)の作成",""
"ja/development_tools/testing_framework/guide/development_guide/05_UnitTestGuide/01_ClassUnitTest/02_componentUnitTest.rst","165","para","0","テストデータとテストクラスの作成 > 処理終了後のデータベースの状況を確認しなければならないもの > テストデータ(入力値)の作成","","テスト対象メソッドの引数を用意する。今回の例では、以下の3つが必要となる。なお、各データの同じ行で1組のテストデータとなる(例えば、sysAcctEntityの1行目と、\ usersEntityの1行目と、grpSysAcctEntityの1行目で1ケース分のテストデータとなる)。"
"ja/development_tools/testing_framework/guide/development_guide/05_UnitTestGuide/01_ClassUnitTest/02_componentUnitTest.rst","168","para","0","テストデータとテストクラスの作成 > 処理終了後のデータベースの状況を確認しなければならないもの > テストデータ(入力値)の作成","","* sysAcctEntity:システムアカウントエンティティのデータ * usersEntity:ユーザエンティティのデータ * grpSysAcctEntity:グループシステムアカウントエンティティのデータ"
"ja/development_tools/testing_framework/guide/development_guide/05_UnitTestGuide/01_ClassUnitTest/02_componentUnitTest.rst","172","para","0","テストデータとテストクラスの作成 > 処理終了後のデータベースの状況を確認しなければならないもの > テストデータ(入力値)の作成","","sysAcctEntityのuseCaseIdはuseCaseIdプロパティに設定される値そのものではなく(SystemAccountEntityのuseCaseIdプロパティは配列)、図中矢印で示している別の\ 表のデータを指している。テストコードでは、取得した値をキーとして更にデータを取得、配列を作成し、useCa"
"ja/development_tools/testing_framework/guide/development_guide/05_UnitTestGuide/01_ClassUnitTest/02_componentUnitTest.rst","175","figure","0","テストデータとテストクラスの作成 > 処理終了後のデータベースの状況を確認しなければならないもの > テストデータ(入力値)の作成","","./_image/componentUnitTest_inputData.png"
"ja/development_tools/testing_framework/guide/development_guide/05_UnitTestGuide/01_ClassUnitTest/02_componentUnitTest.rst","179","code","0","テストデータとテストクラスの作成 > 処理終了後のデータベースの状況を確認しなければならないもの > テストデータ(入力値)の作成","java",""
"ja/development_tools/testing_framework/guide/development_guide/05_UnitTestGuide/01_ClassUnitTest/02_componentUnitTest.rst","181","para","0","テストデータとテストクラスの作成 > 処理終了後のデータベースの状況を確認しなければならないもの > テストデータ(入力値)の作成","","// ～前略～"
"ja/development_tools/testing_framework/guide/development_guide/05_UnitTestGuide/01_ClassUnitTest/02_componentUnitTest.rst","183","para","0","テストデータとテストクラスの作成 > 処理終了後のデータベースの状況を確認しなければならないもの > テストデータ(入力値)の作成","","public void testRegisterUser1() { String sheetName = ""registerUser"";"
"ja/development_tools/testing_framework/guide/development_guide/05_UnitTestGuide/01_ClassUnitTest/02_componentUnitTest.rst","186","para","0","テストデータとテストクラスの作成 > 処理終了後のデータベースの状況を確認しなければならないもの > テストデータ(入力値)の作成","","setThreadContextValues(sheetName, ""threadContext"");"
"ja/development_tools/testing_framework/guide/development_guide/05_UnitTestGuide/01_ClassUnitTest/02_componentUnitTest.rst","188","para","0","テストデータとテストクラスの作成 > 処理終了後のデータベースの状況を確認しなければならないもの > テストデータ(入力値)の作成","","List<Map<String, String>> sysAcctDatas = getListMap(sheetName, ""sysAcctEntity""); List<Map<String, String>> usersDatas = getListMap(sheetName, ""usersEntity""); Li"
"ja/development_tools/testing_framework/guide/development_guide/05_UnitTestGuide/01_ClassUnitTest/02_componentUnitTest.rst","195","para","0","テストデータとテストクラスの作成 > 処理終了後のデータベースの状況を確認しなければならないもの > テストデータ(入力値)の作成","","SystemAccountEntity sysAcct = null; UsersEntity users = null; UgroupSystemAccountEntity grpSysAcct = null; for (int i = 0; i < sysAcctDatas.size(); i++) {"
"ja/development_tools/testing_framework/guide/development_guide/05_UnitTestGuide/01_ClassUnitTest/02_componentUnitTest.rst","200","para","0","テストデータとテストクラスの作成 > 処理終了後のデータベースの状況を確認しなければならないもの > テストデータ(入力値)の作成","","// ～中略～"
"ja/development_tools/testing_framework/guide/development_guide/05_UnitTestGuide/01_ClassUnitTest/02_componentUnitTest.rst","203","para","0","テストデータとテストクラスの作成 > 処理終了後のデータベースの状況を確認しなければならないもの > テストデータ(入力値)の作成","","// システムアカウント  // 【説明】SystemAccountEntityの準備 work.clear(); for (Entry<String, String> e : sysAcctDatas.get(i).entrySet()) { work.put(e.getKey(), e.getValue()); }"
"ja/development_tools/testing_framework/guide/development_guide/05_UnitTestGuide/01_ClassUnitTest/02_componentUnitTest.rst","218","para","0","テストデータとテストクラスの作成 > 処理終了後のデータベースの状況を確認しなければならないもの > テストデータ(入力値)の作成","","// ユーザ  // 【説明】UsersEntityの準備 work.clear(); for (Entry<String, String> e : usersDatas.get(i).entrySet()) { work.put(e.getKey(), e.getValue()); } users = new Use"
"ja/development_tools/testing_framework/guide/development_guide/05_UnitTestGuide/01_ClassUnitTest/02_componentUnitTest.rst","225","para","0","テストデータとテストクラスの作成 > 処理終了後のデータベースの状況を確認しなければならないもの > テストデータ(入力値)の作成","","// グループシステムアカウント  // 【説明】UgroupSystemAccountEntityの準備 work.clear(); for (Entry<String, String> e : grpSysAcctDatas.get(i).entrySet()) { work.put(e.getKey(), e.g"
"ja/development_tools/testing_framework/guide/development_guide/05_UnitTestGuide/01_ClassUnitTest/02_componentUnitTest.rst","232","para","0","テストデータとテストクラスの作成 > 処理終了後のデータベースの状況を確認しなければならないもの > テストデータ(入力値)の作成","","// 実行 target.registerUser(sysAcct, users, grpSysAcct); commitTransactions();   // 【説明】全てのトランザクションをコミット"
"ja/development_tools/testing_framework/guide/development_guide/05_UnitTestGuide/01_ClassUnitTest/02_componentUnitTest.rst","236","para","0","テストデータとテストクラスの作成 > 処理終了後のデータベースの状況を確認しなければならないもの > テストデータ(入力値)の作成","","// 検証 String expectedGroupId = getListMap(sheetName, ""expected"").get(i).get(""caseNo""); assertTableEquals(expectedGroupId, sheetName, expectedGroupId);"
"ja/development_tools/testing_framework/guide/development_guide/05_UnitTestGuide/01_ClassUnitTest/02_componentUnitTest.rst","240","para","0","テストデータとテストクラスの作成 > 処理終了後のデータベースの状況を確認しなければならないもの > テストデータ(入力値)の作成","","// ～後略～"
"ja/development_tools/testing_framework/guide/development_guide/05_UnitTestGuide/01_ClassUnitTest/02_componentUnitTest.rst","242","admonition","0","テストデータとテストクラスの作成 > 処理終了後のデータベースの状況を確認しなければならないもの > テストデータ(入力値)の作成","tip",""
"ja/development_tools/testing_framework/guide/development_guide/05_UnitTestGuide/01_ClassUnitTest/02_componentUnitTest.rst","244","para","0","テストデータとテストクラスの作成 > 処理終了後のデータベースの状況を確認しなければならないもの > テストデータ(入力値)の作成","","上記のソースコードでは、getListMapメソッドを用いてテストデータシートからデータを読み込んでいる。\ getListMapメソッドの詳細については、\ :doc:`../../06_TestFWGuide/03_Tips`\ の\ 『\ :ref:`how_to_get_data_from_excel`\ 』 "
"ja/development_tools/testing_framework/guide/development_guide/05_UnitTestGuide/01_ClassUnitTest/02_componentUnitTest.rst","249","para","0","テストデータとテストクラスの作成 > 処理終了後のデータベースの状況を確認しなければならないもの > テストデータ(入力値)の作成","","クラス単体テストでは、テストクラスからデータベースアクセスを行うクラスを直接起動する為、\ フレームワークによるトランザクション制御は行われない。\ 処理終了後のデータベースの状況を確認しなければならない場合は、テストクラスにてトランザクションをコミットする必要がある。\"
"ja/development_tools/testing_framework/guide/development_guide/05_UnitTestGuide/01_ClassUnitTest/02_componentUnitTest.rst","253","para","0","テストデータとテストクラスの作成 > 処理終了後のデータベースの状況を確認しなければならないもの > テストデータ(入力値)の作成","","スーパクラスの ``commitTransactions()`` メソッドを起動しコミットする。 トランザクションをコミットしない場合、テスト結果の確認が正常に行われない。\ (参照系のテストの場合はコミットを行う必要はない)"
"ja/development_tools/testing_framework/guide/development_guide/05_UnitTestGuide/01_ClassUnitTest/02_componentUnitTest.rst","258","heading","3","テストデータとテストクラスの作成 > 処理終了後のデータベースの状況を確認しなければならないもの","テストデータ(想定結果)の作成",""
"ja/development_tools/testing_framework/guide/development_guide/05_UnitTestGuide/01_ClassUnitTest/02_componentUnitTest.rst","259","para","0","テストデータとテストクラスの作成 > 処理終了後のデータベースの状況を確認しなければならないもの > テストデータ(想定結果)の作成","","想定結果をテストケースごとに用意する。アプリケーションで設定する項目だけでなく、自動設定項目(\ :ref:`database-common_bean`\ 参照)も想定結果を用意する。検証には""assertTableEquals""メソッドを用いる。"
"ja/development_tools/testing_framework/guide/development_guide/05_UnitTestGuide/01_ClassUnitTest/02_componentUnitTest.rst","261","para","0","テストデータとテストクラスの作成 > 処理終了後のデータベースの状況を確認しなければならないもの > テストデータ(想定結果)の作成","","サンプルアプリケーションでは、グループID(\ :ref:`tips_groupId`\ 参照)を定義したデータ(expected)を用意し、これをassertTableEqualsの\ 引数に渡すことで、複数の想定結果に対応している。"
"ja/development_tools/testing_framework/guide/development_guide/05_UnitTestGuide/01_ClassUnitTest/02_componentUnitTest.rst","264","figure","0","テストデータとテストクラスの作成 > 処理終了後のデータベースの状況を確認しなければならないもの > テストデータ(想定結果)の作成","","./_image/componentUnitTest_expectedDataNormal.png"
"ja/development_tools/testing_framework/guide/development_guide/05_UnitTestGuide/01_ClassUnitTest/02_componentUnitTest.rst","268","code","0","テストデータとテストクラスの作成 > 処理終了後のデータベースの状況を確認しなければならないもの > テストデータ(想定結果)の作成","java",""
"ja/development_tools/testing_framework/guide/development_guide/05_UnitTestGuide/01_ClassUnitTest/02_componentUnitTest.rst","270","para","0","テストデータとテストクラスの作成 > 処理終了後のデータベースの状況を確認しなければならないもの > テストデータ(想定結果)の作成","","// ～前略～"
"ja/development_tools/testing_framework/guide/development_guide/05_UnitTestGuide/01_ClassUnitTest/02_componentUnitTest.rst","272","para","0","テストデータとテストクラスの作成 > 処理終了後のデータベースの状況を確認しなければならないもの > テストデータ(想定結果)の作成","","/** * {@link UserComponent#registerUser()}のテスト1。<br> * 正常系。 */ @Test public void testRegisterUser1() { String sheetName = ""registerUser"";"
"ja/development_tools/testing_framework/guide/development_guide/05_UnitTestGuide/01_ClassUnitTest/02_componentUnitTest.rst","280","para","0","テストデータとテストクラスの作成 > 処理終了後のデータベースの状況を確認しなければならないもの > テストデータ(想定結果)の作成","","// ～中略～"
"ja/development_tools/testing_framework/guide/development_guide/05_UnitTestGuide/01_ClassUnitTest/02_componentUnitTest.rst","282","para","0","テストデータとテストクラスの作成 > 処理終了後のデータベースの状況を確認しなければならないもの > テストデータ(想定結果)の作成","","for (int i = 0; i < sysAcctDatas.size(); i++) {"
"ja/development_tools/testing_framework/guide/development_guide/05_UnitTestGuide/01_ClassUnitTest/02_componentUnitTest.rst","284","para","0","テストデータとテストクラスの作成 > 処理終了後のデータベースの状況を確認しなければならないもの > テストデータ(想定結果)の作成","","// ～中略～"
"ja/development_tools/testing_framework/guide/development_guide/05_UnitTestGuide/01_ClassUnitTest/02_componentUnitTest.rst","287","para","0","テストデータとテストクラスの作成 > 処理終了後のデータベースの状況を確認しなければならないもの > テストデータ(想定結果)の作成","","// 検証 // 【説明】グループIDの取得 String expectedGroupId = getListMap(sheetName, ""expected"").get(i).get(""caseNo""); // 【説明】取得したグループIDを引数にassertTableEqualsの実行 assertTableEqu"
"ja/development_tools/testing_framework/guide/development_guide/05_UnitTestGuide/01_ClassUnitTest/02_componentUnitTest.rst","293","para","0","テストデータとテストクラスの作成 > 処理終了後のデータベースの状況を確認しなければならないもの > テストデータ(想定結果)の作成","","// ～後略～"
"ja/development_tools/testing_framework/guide/development_guide/05_UnitTestGuide/01_ClassUnitTest/02_componentUnitTest.rst","296","para","0","テストデータとテストクラスの作成 > 処理終了後のデータベースの状況を確認しなければならないもの > テストデータ(想定結果)の作成","","case1を例にとると、想定結果は次のようになる。"
"ja/development_tools/testing_framework/guide/development_guide/05_UnitTestGuide/01_ClassUnitTest/02_componentUnitTest.rst","298","table","0","テストデータとテストクラスの作成 > 処理終了後のデータベースの状況を確認しなければならないもの > テストデータ(想定結果)の作成","","テーブル名 | 想定"
"ja/development_tools/testing_framework/guide/development_guide/05_UnitTestGuide/01_ClassUnitTest/02_componentUnitTest.rst","310","heading","2","テストデータとテストクラスの作成","メッセージIDを確認しなければならないもの",""
"ja/development_tools/testing_framework/guide/development_guide/05_UnitTestGuide/01_ClassUnitTest/02_componentUnitTest.rst","313","heading","3","テストデータとテストクラスの作成 > メッセージIDを確認しなければならないもの","テストデータ(入力値と想定値)の作成",""
"ja/development_tools/testing_framework/guide/development_guide/05_UnitTestGuide/01_ClassUnitTest/02_componentUnitTest.rst","315","para","0","テストデータとテストクラスの作成 > メッセージIDを確認しなければならないもの > テストデータ(入力値と想定値)の作成","","\ :ref:`前項のテストデータ(入力値)の作成<componentUnitTest_inputData_normal>`\ と同様にテストデータ(入力値)を作成する。こちらでは、\ \ :ref:`前項<componentUnitTest_inputData_normal>`\ で指定したIDの末尾に""Err""を付"
"ja/development_tools/testing_framework/guide/development_guide/05_UnitTestGuide/01_ClassUnitTest/02_componentUnitTest.rst","319","para","0","テストデータとテストクラスの作成 > メッセージIDを確認しなければならないもの > テストデータ(入力値と想定値)の作成","","ここで確認すべき内容は、ユニークキー制約違反による例外の発生である。テストコードでは、目的の例外をキャッチし、メッセージIDを比較することで検証する。"
"ja/development_tools/testing_framework/guide/development_guide/05_UnitTestGuide/01_ClassUnitTest/02_componentUnitTest.rst","321","admonition","0","テストデータとテストクラスの作成 > メッセージIDを確認しなければならないもの > テストデータ(入力値と想定値)の作成","important",""
"ja/development_tools/testing_framework/guide/development_guide/05_UnitTestGuide/01_ClassUnitTest/02_componentUnitTest.rst","323","para","0","テストデータとテストクラスの作成 > メッセージIDを確認しなければならないもの > テストデータ(入力値と想定値)の作成","","キャッチする例外は発生を想定する例外とし、RuntimeExceptionなどの上位例外クラスは用いないこと。メッセージIDはあっているが、例外そのものを間違えているバグを\ 検出できなくなってしまう。"
"ja/development_tools/testing_framework/guide/development_guide/05_UnitTestGuide/01_ClassUnitTest/02_componentUnitTest.rst","326","figure","0","テストデータとテストクラスの作成 > メッセージIDを確認しなければならないもの > テストデータ(入力値と想定値)の作成","","./_image/componentUnitTest_expectedDataAbnormal.png"
"ja/development_tools/testing_framework/guide/development_guide/05_UnitTestGuide/01_ClassUnitTest/02_componentUnitTest.rst","330","code","0","テストデータとテストクラスの作成 > メッセージIDを確認しなければならないもの > テストデータ(入力値と想定値)の作成","java",""
"ja/development_tools/testing_framework/guide/development_guide/05_UnitTestGuide/01_ClassUnitTest/02_componentUnitTest.rst","332","para","0","テストデータとテストクラスの作成 > メッセージIDを確認しなければならないもの > テストデータ(入力値と想定値)の作成","","// ～前略～"
"ja/development_tools/testing_framework/guide/development_guide/05_UnitTestGuide/01_ClassUnitTest/02_componentUnitTest.rst","334","para","0","テストデータとテストクラスの作成 > メッセージIDを確認しなければならないもの > テストデータ(入力値と想定値)の作成","","/** * {@link UserComponent#registerUser()}のテスト2。<br> * 異常系。 */ @Test public void testRegisterUser2() { String sheetName = ""registerUser"";"
"ja/development_tools/testing_framework/guide/development_guide/05_UnitTestGuide/01_ClassUnitTest/02_componentUnitTest.rst","342","para","0","テストデータとテストクラスの作成 > メッセージIDを確認しなければならないもの > テストデータ(入力値と想定値)の作成","","// ～中略～"
"ja/development_tools/testing_framework/guide/development_guide/05_UnitTestGuide/01_ClassUnitTest/02_componentUnitTest.rst","344","para","0","テストデータとテストクラスの作成 > メッセージIDを確認しなければならないもの > テストデータ(入力値と想定値)の作成","","// 実行 try { target.registerUser(sysAcct, users, grpSysAcct); // 【説明】テスト対象メソッド実行 fail(); // 【説明】例外が発生しなかったらテスト失敗 } catch (ApplicationException ae) { // 【説明】発生するは"
"ja/development_tools/testing_framework/guide/development_guide/05_UnitTestGuide/01_ClassUnitTest/02_componentUnitTest.rst","355","para","0","テストデータとテストクラスの作成 > メッセージIDを確認しなければならないもの > テストデータ(入力値と想定値)の作成","","// ～後略～"
"ja/development_tools/testing_framework/guide/development_guide/05_UnitTestGuide/01_ClassUnitTest/index.rst","5","heading","1","","クラス単体テストの実施方法",""
"ja/development_tools/testing_framework/guide/development_guide/05_UnitTestGuide/01_ClassUnitTest/index.rst","7","toctree","0","クラス単体テストの実施方法","toctree","01_entityUnitTest/index;02_componentUnitTest"
"ja/development_tools/testing_framework/guide/development_guide/05_UnitTestGuide/01_ClassUnitTest/01_entityUnitTest/01_entityUnitTestWithBeanValidation.rst","5","heading","1","","Bean Validationに対応したForm/Entityのクラス単体テスト",""
"ja/development_tools/testing_framework/guide/development_guide/05_UnitTestGuide/01_ClassUnitTest/01_entityUnitTest/01_entityUnitTestWithBeanValidation.rst","6","para","0","Bean Validationに対応したForm/Entityのクラス単体テスト","","本項では、入力値チェックを :ref:`bean_validation` で実施しているFormおよびEntityクラス単体テスト(以下Form単体テストまたはEntity単体テスト)について説明する。 両者はほぼ同じように単体テストを行えるため、共通する内容についてはForm単体テストをベースに説明し、特有の処理につ"
"ja/development_tools/testing_framework/guide/development_guide/05_UnitTestGuide/01_ClassUnitTest/01_entityUnitTest/01_entityUnitTestWithBeanValidation.rst","9","admonition","0","Bean Validationに対応したForm/Entityのクラス単体テスト","tip","Form、Entityの責務については、各処理方式の責務配置を参照すること。 例： :ref:`ウェブアプリケーションの責務配置<application_des"
"ja/development_tools/testing_framework/guide/development_guide/05_UnitTestGuide/01_ClassUnitTest/01_entityUnitTest/01_entityUnitTestWithBeanValidation.rst","15","heading","2","Bean Validationに対応したForm/Entityのクラス単体テスト","Form/Entity単体テストの書き方",""
"ja/development_tools/testing_framework/guide/development_guide/05_UnitTestGuide/01_ClassUnitTest/01_entityUnitTest/01_entityUnitTestWithBeanValidation.rst","16","para","0","Bean Validationに対応したForm/Entityのクラス単体テスト > Form/Entity単体テストの書き方","","本項で例として使用したテストクラスとテストデータは以下のとおり(右クリック->保存でダウンロード)。"
"ja/development_tools/testing_framework/guide/development_guide/05_UnitTestGuide/01_ClassUnitTest/01_entityUnitTest/01_entityUnitTestWithBeanValidation.rst","18","para","0","Bean Validationに対応したForm/Entityのクラス単体テスト > Form/Entity単体テストの書き方","","* :download:`テストクラス(UserRegistrationFormTest.java)<../_download/UserRegistrationFormTest.java>` * :download:`テストデータ(UserRegistrationFormTest.xlsx)<../_download/"
"ja/development_tools/testing_framework/guide/development_guide/05_UnitTestGuide/01_ClassUnitTest/01_entityUnitTest/01_entityUnitTestWithBeanValidation.rst","23","heading","1","","テストデータの作成",""
"ja/development_tools/testing_framework/guide/development_guide/05_UnitTestGuide/01_ClassUnitTest/01_entityUnitTest/01_entityUnitTestWithBeanValidation.rst","24","para","0","テストデータの作成","","テストデータを記載したテストデータファイルそのものの作成方法を説明する。テストデータを記載したテストデータファイルは、テストソースコードと同じディレクトリに同じ名前で格納する(拡張子のみ異なる)。 なお、後述する \ \ :ref:`精査のテストケース<entityUnitTest_ValidationCase_Bea"
"ja/development_tools/testing_framework/guide/development_guide/05_UnitTestGuide/01_ClassUnitTest/01_entityUnitTest/01_entityUnitTestWithBeanValidation.rst","30","para","0","テストデータの作成","","テストデータの記述方法詳細については、 :doc:`../../../06_TestFWGuide/01_Abstract` 、 :doc:`../../../06_TestFWGuide/02_DbAccessTest` を参照。"
"ja/development_tools/testing_framework/guide/development_guide/05_UnitTestGuide/01_ClassUnitTest/01_entityUnitTest/01_entityUnitTestWithBeanValidation.rst","32","para","0","テストデータの作成","","Excel / YAML 形式のデータブロック種別・記述方法については :ref:`ntf_testdata` を参照。"
"ja/development_tools/testing_framework/guide/development_guide/05_UnitTestGuide/01_ClassUnitTest/01_entityUnitTest/01_entityUnitTestWithBeanValidation.rst","34","para","0","テストデータの作成","","なお、メッセージデータやコードマスタなどの、データベースに格納する静的マスタデータは、プロジェクトで管理されたデータがあらかじめ投入されている (これらのデータを個別のテストデータとして作成しない)前提である。"
"ja/development_tools/testing_framework/guide/development_guide/05_UnitTestGuide/01_ClassUnitTest/01_entityUnitTest/01_entityUnitTestWithBeanValidation.rst","38","heading","1","","テストクラスの作成",""
"ja/development_tools/testing_framework/guide/development_guide/05_UnitTestGuide/01_ClassUnitTest/01_entityUnitTest/01_entityUnitTestWithBeanValidation.rst","39","para","0","テストクラスの作成","","Form/Entity単体テストのテストクラスは、以下の条件を満たすように作成する。"
"ja/development_tools/testing_framework/guide/development_guide/05_UnitTestGuide/01_ClassUnitTest/01_entityUnitTest/01_entityUnitTestWithBeanValidation.rst","41","para","0","テストクラスの作成","","* テストクラスのパッケージは、テスト対象のForm/Entityと同じとする。 * <Form/Entityクラス名>Testというクラス名でテストクラスを作成する。 * nablarch.test.core.db.EntityTestSupportを継承する。"
"ja/development_tools/testing_framework/guide/development_guide/05_UnitTestGuide/01_ClassUnitTest/01_entityUnitTest/01_entityUnitTestWithBeanValidation.rst","45","code","0","テストクラスの作成","java",""
"ja/development_tools/testing_framework/guide/development_guide/05_UnitTestGuide/01_ClassUnitTest/01_entityUnitTest/01_entityUnitTestWithBeanValidation.rst","47","para","0","テストクラスの作成","","package com.nablarch.example.app.web.form; // 【説明】パッケージはUserRegistrationFormと同じ"
"ja/development_tools/testing_framework/guide/development_guide/05_UnitTestGuide/01_ClassUnitTest/01_entityUnitTest/01_entityUnitTestWithBeanValidation.rst","49","para","0","テストクラスの作成","","import nablarch.test.core.db.EntityTestSupport; import org.junit.Test;"
"ja/development_tools/testing_framework/guide/development_guide/05_UnitTestGuide/01_ClassUnitTest/01_entityUnitTest/01_entityUnitTestWithBeanValidation.rst","52","para","0","テストクラスの作成","","/** * {@link UserRegistrationForm}に対するテストを実行するクラス。 * テスト内容はテストデータシート参照のこと。 * * @author Takayuki Uchida * @since 1.0 */ public class UserRegistrationFormTest ext"
"ja/development_tools/testing_framework/guide/development_guide/05_UnitTestGuide/01_ClassUnitTest/01_entityUnitTest/01_entityUnitTestWithBeanValidation.rst","62","para","0","テストクラスの作成","","// 【説明】〜後略〜"
"ja/development_tools/testing_framework/guide/development_guide/05_UnitTestGuide/01_ClassUnitTest/01_entityUnitTest/01_entityUnitTestWithBeanValidation.rst","64","para","0","テストクラスの作成","","テストメソッドの記述方法は本項以降に記載されているコード例を参照。"
"ja/development_tools/testing_framework/guide/development_guide/05_UnitTestGuide/01_ClassUnitTest/01_entityUnitTest/01_entityUnitTestWithBeanValidation.rst","69","heading","1","","文字種と文字列長の単項目精査テストケース",""
"ja/development_tools/testing_framework/guide/development_guide/05_UnitTestGuide/01_ClassUnitTest/01_entityUnitTest/01_entityUnitTestWithBeanValidation.rst","71","para","0","文字種と文字列長の単項目精査テストケース","","単項目精査に関するテストケースは、入力される文字種および文字列長に関するものがほとんどである。\ 例えば、以下のようなプロパティがあるとする。"
"ja/development_tools/testing_framework/guide/development_guide/05_UnitTestGuide/01_ClassUnitTest/01_entityUnitTest/01_entityUnitTestWithBeanValidation.rst","74","para","0","文字種と文字列長の単項目精査テストケース","","* プロパティ名「フリガナ」 * 最大文字列長は50文字 * 必須項目 * 全角カタカナのみを許容する"
"ja/development_tools/testing_framework/guide/development_guide/05_UnitTestGuide/01_ClassUnitTest/01_entityUnitTest/01_entityUnitTestWithBeanValidation.rst","79","para","0","文字種と文字列長の単項目精査テストケース","","この場合、以下のようなテストケースを作成することになる。"
"ja/development_tools/testing_framework/guide/development_guide/05_UnitTestGuide/01_ClassUnitTest/01_entityUnitTest/01_entityUnitTestWithBeanValidation.rst","81","para","0","文字種と文字列長の単項目精査テストケース","","=============================================== ========================= ケース                                           観点 ====================================="
"ja/development_tools/testing_framework/guide/development_guide/05_UnitTestGuide/01_ClassUnitTest/01_entityUnitTest/01_entityUnitTestWithBeanValidation.rst","91","para","0","文字種と文字列長の単項目精査テストケース","","\"
"ja/development_tools/testing_framework/guide/development_guide/05_UnitTestGuide/01_ClassUnitTest/01_entityUnitTest/01_entityUnitTestWithBeanValidation.rst","93","para","0","文字種と文字列長の単項目精査テストケース","",".. [#] 同様に、半角英字、全角ひらがな、漢字...等が入力され精査が失敗するケースが必要である。"
"ja/development_tools/testing_framework/guide/development_guide/05_UnitTestGuide/01_ClassUnitTest/01_entityUnitTest/01_entityUnitTestWithBeanValidation.rst","95","para","0","文字種と文字列長の単項目精査テストケース","","このように、単項目精査のテストケースは、ケース数が多くなりデータ作成の労力がかかる。\ そこで、単項目精査テスト専用のテスト方法を提供する。これにより以下の効果が見込まれる。"
"ja/development_tools/testing_framework/guide/development_guide/05_UnitTestGuide/01_ClassUnitTest/01_entityUnitTest/01_entityUnitTestWithBeanValidation.rst","98","para","0","文字種と文字列長の単項目精査テストケース","","* 単項目精査のテストケース作成が容易になる。 * 保守性の高いテストデータが作成でき、レビューやメンテナンスが容易になる。"
"ja/development_tools/testing_framework/guide/development_guide/05_UnitTestGuide/01_ClassUnitTest/01_entityUnitTest/01_entityUnitTestWithBeanValidation.rst","102","admonition","0","文字種と文字列長の単項目精査テストケース","tip","本テスト方法は、プロパティとして別のFormを保持するFormに対しては使用できない。その場合、独自に精査処理のテストを実装すること。 プロパティとして別のFo"
"ja/development_tools/testing_framework/guide/development_guide/05_UnitTestGuide/01_ClassUnitTest/01_entityUnitTest/01_entityUnitTestWithBeanValidation.rst","106","code","0","文字種と文字列長の単項目精査テストケース","none","<親Form>.<子Form>.<子フォームのプロパティ名>"
"ja/development_tools/testing_framework/guide/development_guide/05_UnitTestGuide/01_ClassUnitTest/01_entityUnitTest/01_entityUnitTestWithBeanValidation.rst","113","heading","2","文字種と文字列長の単項目精査テストケース","テストケース表の作成方法",""
"ja/development_tools/testing_framework/guide/development_guide/05_UnitTestGuide/01_ClassUnitTest/01_entityUnitTest/01_entityUnitTestWithBeanValidation.rst","115","para","0","文字種と文字列長の単項目精査テストケース > テストケース表の作成方法","","以下のカラムを用意する。"
"ja/development_tools/testing_framework/guide/development_guide/05_UnitTestGuide/01_ClassUnitTest/01_entityUnitTest/01_entityUnitTestWithBeanValidation.rst","117","table","0","文字種と文字列長の単項目精査テストケース > テストケース表の作成方法","","カラム名 | 記載内容"
"ja/development_tools/testing_framework/guide/development_guide/05_UnitTestGuide/01_ClassUnitTest/01_entityUnitTest/01_entityUnitTestWithBeanValidation.rst","169","para","0","文字種と文字列長の単項目精査テストケース > テストケース表の作成方法","","内部クラスを指定する場合は、クラスを ``$`` で区切ること。"
"ja/development_tools/testing_framework/guide/development_guide/05_UnitTestGuide/01_ClassUnitTest/01_entityUnitTest/01_entityUnitTestWithBeanValidation.rst","171","para","0","文字種と文字列長の単項目精査テストケース > テストケース表の作成方法","","\"
"ja/development_tools/testing_framework/guide/development_guide/05_UnitTestGuide/01_ClassUnitTest/01_entityUnitTest/01_entityUnitTestWithBeanValidation.rst","174","para","0","文字種と文字列長の単項目精査テストケース > テストケース表の作成方法","","の値が使用される。"
"ja/development_tools/testing_framework/guide/development_guide/05_UnitTestGuide/01_ClassUnitTest/01_entityUnitTest/01_entityUnitTestWithBeanValidation.rst","176","para","0","文字種と文字列長の単項目精査テストケース > テストケース表の作成方法","","\"
"ja/development_tools/testing_framework/guide/development_guide/05_UnitTestGuide/01_ClassUnitTest/01_entityUnitTest/01_entityUnitTestWithBeanValidation.rst","179","para","0","文字種と文字列長の単項目精査テストケース > テストケース表の作成方法","","設定したデフォルト値が使用される。省略時にどのデフォルト値が使用されるかは、max欄及びmin欄の記載によって決まり、以下の通り。"
"ja/development_tools/testing_framework/guide/development_guide/05_UnitTestGuide/01_ClassUnitTest/01_entityUnitTest/01_entityUnitTestWithBeanValidation.rst","181","table","0","文字種と文字列長の単項目精査テストケース > テストケース表の作成方法","","max欄の記載 | min欄の記載 | maxとminの比較 | 省略時に使用されるデフォルト値"
"ja/development_tools/testing_framework/guide/development_guide/05_UnitTestGuide/01_ClassUnitTest/01_entityUnitTest/01_entityUnitTestWithBeanValidation.rst","193","para","0","文字種と文字列長の単項目精査テストケース > テストケース表の作成方法","","\"
"ja/development_tools/testing_framework/guide/development_guide/05_UnitTestGuide/01_ClassUnitTest/01_entityUnitTest/01_entityUnitTestWithBeanValidation.rst","196","para","0","文字種と文字列長の単項目精査テストケース > テストケース表の作成方法","","interpolateKey_1 には埋め込み文字のキー名を、 interpolateValue_1 には埋め込み文字の値を、それぞれ記載する。 埋め込み文字が複数存在する場合は、interpolateKey_2, interpolateValue_2のようにカラムを増やす。"
"ja/development_tools/testing_framework/guide/development_guide/05_UnitTestGuide/01_ClassUnitTest/01_entityUnitTest/01_entityUnitTestWithBeanValidation.rst","200","para","0","文字種と文字列長の単項目精査テストケース > テストケース表の作成方法","","許容するかどうかを記入するカラムには、以下の値を設定する。"
"ja/development_tools/testing_framework/guide/development_guide/05_UnitTestGuide/01_ClassUnitTest/01_entityUnitTest/01_entityUnitTestWithBeanValidation.rst","202","table","0","文字種と文字列長の単項目精査テストケース > テストケース表の作成方法","","設定内容 | 設定値 | 備考"
"ja/development_tools/testing_framework/guide/development_guide/05_UnitTestGuide/01_ClassUnitTest/01_entityUnitTest/01_entityUnitTestWithBeanValidation.rst","210","para","0","文字種と文字列長の単項目精査テストケース > テストケース表の作成方法","","メッセージを指定するカラムには、精査エラー時に期待するメッセージを記載する。 メッセージ内の ``{}`` で囲まれた部分は、 :ref:`message-format-spec` の埋め込み文字であると見なされる。 メッセージ全体を ``{}`` で囲んだ場合は、メッセージIDと見なされ、 :ref:`message"
"ja/development_tools/testing_framework/guide/development_guide/05_UnitTestGuide/01_ClassUnitTest/01_entityUnitTest/01_entityUnitTestWithBeanValidation.rst","214","para","0","文字種と文字列長の単項目精査テストケース > テストケース表の作成方法","","以下、メッセージの指定方法の例を記載する。"
"ja/development_tools/testing_framework/guide/development_guide/05_UnitTestGuide/01_ClassUnitTest/01_entityUnitTest/01_entityUnitTestWithBeanValidation.rst","216","table","0","文字種と文字列長の単項目精査テストケース > テストケース表の作成方法","","記載例 | 説明"
"ja/development_tools/testing_framework/guide/development_guide/05_UnitTestGuide/01_ClassUnitTest/01_entityUnitTest/01_entityUnitTestWithBeanValidation.rst","226","para","0","文字種と文字列長の単項目精査テストケース > テストケース表の作成方法","","具体例を以下に示す。"
"ja/development_tools/testing_framework/guide/development_guide/05_UnitTestGuide/01_ClassUnitTest/01_entityUnitTest/01_entityUnitTestWithBeanValidation.rst","228","figure","0","文字種と文字列長の単項目精査テストケース > テストケース表の作成方法","","../_image/entityUnitTest_CharsetAndLengthExample_BeanValidation.png"
"ja/development_tools/testing_framework/guide/development_guide/05_UnitTestGuide/01_ClassUnitTest/01_entityUnitTest/01_entityUnitTestWithBeanValidation.rst","233","heading","2","文字種と文字列長の単項目精査テストケース","テストメソッドの作成方法",""
"ja/development_tools/testing_framework/guide/development_guide/05_UnitTestGuide/01_ClassUnitTest/01_entityUnitTest/01_entityUnitTestWithBeanValidation.rst","236","para","0","文字種と文字列長の単項目精査テストケース > テストメソッドの作成方法","","スーパクラスの以下のメソッドを起動する。"
"ja/development_tools/testing_framework/guide/development_guide/05_UnitTestGuide/01_ClassUnitTest/01_entityUnitTest/01_entityUnitTestWithBeanValidation.rst","238","code","0","文字種と文字列長の単項目精査テストケース > テストメソッドの作成方法","java",""
"ja/development_tools/testing_framework/guide/development_guide/05_UnitTestGuide/01_ClassUnitTest/01_entityUnitTest/01_entityUnitTestWithBeanValidation.rst","240","para","0","文字種と文字列長の単項目精査テストケース > テストメソッドの作成方法","","void testValidateCharsetAndLength(Class entityClass, String sheetName, String id)"
"ja/development_tools/testing_framework/guide/development_guide/05_UnitTestGuide/01_ClassUnitTest/01_entityUnitTest/01_entityUnitTestWithBeanValidation.rst","243","para","0","文字種と文字列長の単項目精査テストケース > テストメソッドの作成方法","","\"
"ja/development_tools/testing_framework/guide/development_guide/05_UnitTestGuide/01_ClassUnitTest/01_entityUnitTest/01_entityUnitTestWithBeanValidation.rst","245","code","0","文字種と文字列長の単項目精査テストケース > テストメソッドの作成方法","java",""
"ja/development_tools/testing_framework/guide/development_guide/05_UnitTestGuide/01_ClassUnitTest/01_entityUnitTest/01_entityUnitTestWithBeanValidation.rst","248","para","0","文字種と文字列長の単項目精査テストケース > テストメソッドの作成方法","","// 【説明】〜前略〜 public class UserRegistrationFormTest extends EntityTestSupport {"
"ja/development_tools/testing_framework/guide/development_guide/05_UnitTestGuide/01_ClassUnitTest/01_entityUnitTest/01_entityUnitTestWithBeanValidation.rst","251","para","0","文字種と文字列長の単項目精査テストケース > テストメソッドの作成方法","","/** * テスト対象Formクラス。 */ private static final Class<?> TARGET_CLASS = UserRegistrationForm.class;"
"ja/development_tools/testing_framework/guide/development_guide/05_UnitTestGuide/01_ClassUnitTest/01_entityUnitTest/01_entityUnitTestWithBeanValidation.rst","256","para","0","文字種と文字列長の単項目精査テストケース > テストメソッドの作成方法","","/** * 文字種および文字列長の単項目精査テストケース */ @Test public void testCharsetAndLength() {"
"ja/development_tools/testing_framework/guide/development_guide/05_UnitTestGuide/01_ClassUnitTest/01_entityUnitTest/01_entityUnitTestWithBeanValidation.rst","262","para","0","文字種と文字列長の単項目精査テストケース > テストメソッドの作成方法","","// 【説明】テストデータを記載したシート名 String sheetName = ""testCharsetAndLength"";"
"ja/development_tools/testing_framework/guide/development_guide/05_UnitTestGuide/01_ClassUnitTest/01_entityUnitTest/01_entityUnitTestWithBeanValidation.rst","265","para","0","文字種と文字列長の単項目精査テストケース > テストメソッドの作成方法","","// 【説明】テストデータのID String id = ""charsetAndLength"";"
"ja/development_tools/testing_framework/guide/development_guide/05_UnitTestGuide/01_ClassUnitTest/01_entityUnitTest/01_entityUnitTestWithBeanValidation.rst","268","para","0","文字種と文字列長の単項目精査テストケース > テストメソッドの作成方法","","// 【説明】テスト実行 testValidateCharsetAndLength(TARGET_CLASS, sheetName, id); }"
"ja/development_tools/testing_framework/guide/development_guide/05_UnitTestGuide/01_ClassUnitTest/01_entityUnitTest/01_entityUnitTestWithBeanValidation.rst","272","para","0","文字種と文字列長の単項目精査テストケース > テストメソッドの作成方法","","// 【説明】〜後略〜"
"ja/development_tools/testing_framework/guide/development_guide/05_UnitTestGuide/01_ClassUnitTest/01_entityUnitTest/01_entityUnitTestWithBeanValidation.rst","276","para","0","文字種と文字列長の単項目精査テストケース > テストメソッドの作成方法","","このメソッドを実行すると、テストデータの各行毎に以下の観点でテストが実行される。"
"ja/development_tools/testing_framework/guide/development_guide/05_UnitTestGuide/01_ClassUnitTest/01_entityUnitTest/01_entityUnitTestWithBeanValidation.rst","278","table","0","文字種と文字列長の単項目精査テストケース > テストメソッドの作成方法","","観点 | 入力値 | 備考"
"ja/development_tools/testing_framework/guide/development_guide/05_UnitTestGuide/01_ClassUnitTest/01_entityUnitTest/01_entityUnitTestWithBeanValidation.rst","319","heading","1","","その他の単項目精査のテストケース",""
"ja/development_tools/testing_framework/guide/development_guide/05_UnitTestGuide/01_ClassUnitTest/01_entityUnitTest/01_entityUnitTestWithBeanValidation.rst","321","para","0","その他の単項目精査のテストケース","","前述の、文字種と文字列長の単項目精査テストケースを使用すれば\ 大部分の単項目精査がテストできるが、一部の精査についてはカバーできないものもある。 例えば、日付入力項目のフォーマット精査が挙げられる。"
"ja/development_tools/testing_framework/guide/development_guide/05_UnitTestGuide/01_ClassUnitTest/01_entityUnitTest/01_entityUnitTestWithBeanValidation.rst","326","para","0","その他の単項目精査のテストケース","","このような単項目精査のテストについても、簡易にテストできる仕組みを用意している。 各プロパティについて、１つの入力値と期待するメッセージIDのペアを記述することで、 任意の値で単項目精査のテストができる。"
"ja/development_tools/testing_framework/guide/development_guide/05_UnitTestGuide/01_ClassUnitTest/01_entityUnitTest/01_entityUnitTestWithBeanValidation.rst","331","admonition","0","その他の単項目精査のテストケース","tip","本テスト方法は、プロパティとして別のFormを保持するFormに対しては使用できない。その場合は、独自に精査処理のテストを実装すること。 プロパティとして別のF"
"ja/development_tools/testing_framework/guide/development_guide/05_UnitTestGuide/01_ClassUnitTest/01_entityUnitTest/01_entityUnitTestWithBeanValidation.rst","335","code","0","その他の単項目精査のテストケース","none","<親Form>.<子Form>.<子フォームのプロパティ名>"
"ja/development_tools/testing_framework/guide/development_guide/05_UnitTestGuide/01_ClassUnitTest/01_entityUnitTest/01_entityUnitTestWithBeanValidation.rst","341","heading","2","その他の単項目精査のテストケース","テストケース表の作成方法",""
"ja/development_tools/testing_framework/guide/development_guide/05_UnitTestGuide/01_ClassUnitTest/01_entityUnitTest/01_entityUnitTestWithBeanValidation.rst","343","para","0","その他の単項目精査のテストケース > テストケース表の作成方法","","以下のカラムを用意する。"
"ja/development_tools/testing_framework/guide/development_guide/05_UnitTestGuide/01_ClassUnitTest/01_entityUnitTest/01_entityUnitTestWithBeanValidation.rst","345","table","0","その他の単項目精査のテストケース > テストケース表の作成方法","","カラム名 | 記載内容"
"ja/development_tools/testing_framework/guide/development_guide/05_UnitTestGuide/01_ClassUnitTest/01_entityUnitTest/01_entityUnitTestWithBeanValidation.rst","368","para","0","その他の単項目精査のテストケース > テストケース表の作成方法","","\"
"ja/development_tools/testing_framework/guide/development_guide/05_UnitTestGuide/01_ClassUnitTest/01_entityUnitTest/01_entityUnitTestWithBeanValidation.rst","372","para","0","その他の単項目精査のテストケース > テストケース表の作成方法","","\"
"ja/development_tools/testing_framework/guide/development_guide/05_UnitTestGuide/01_ClassUnitTest/01_entityUnitTest/01_entityUnitTestWithBeanValidation.rst","376","para","0","その他の単項目精査のテストケース > テストケース表の作成方法","","\"
"ja/development_tools/testing_framework/guide/development_guide/05_UnitTestGuide/01_ClassUnitTest/01_entityUnitTest/01_entityUnitTestWithBeanValidation.rst","382","para","0","その他の単項目精査のテストケース > テストケース表の作成方法","","具体例を以下に示す。"
"ja/development_tools/testing_framework/guide/development_guide/05_UnitTestGuide/01_ClassUnitTest/01_entityUnitTest/01_entityUnitTestWithBeanValidation.rst","384","figure","0","その他の単項目精査のテストケース > テストケース表の作成方法","","../_image/entityUnitTest_singleValidationDataExample_BeanValidation.png"
"ja/development_tools/testing_framework/guide/development_guide/05_UnitTestGuide/01_ClassUnitTest/01_entityUnitTest/01_entityUnitTestWithBeanValidation.rst","389","heading","2","その他の単項目精査のテストケース","テストメソッドの作成方法",""
"ja/development_tools/testing_framework/guide/development_guide/05_UnitTestGuide/01_ClassUnitTest/01_entityUnitTest/01_entityUnitTestWithBeanValidation.rst","392","para","0","その他の単項目精査のテストケース > テストメソッドの作成方法","","スーパクラスの以下のメソッドを起動する。"
"ja/development_tools/testing_framework/guide/development_guide/05_UnitTestGuide/01_ClassUnitTest/01_entityUnitTest/01_entityUnitTestWithBeanValidation.rst","394","code","0","その他の単項目精査のテストケース > テストメソッドの作成方法","java",""
"ja/development_tools/testing_framework/guide/development_guide/05_UnitTestGuide/01_ClassUnitTest/01_entityUnitTest/01_entityUnitTestWithBeanValidation.rst","396","para","0","その他の単項目精査のテストケース > テストメソッドの作成方法","","void testSingleValidation(Class entityClass, String sheetName, String id)"
"ja/development_tools/testing_framework/guide/development_guide/05_UnitTestGuide/01_ClassUnitTest/01_entityUnitTest/01_entityUnitTestWithBeanValidation.rst","401","code","0","その他の単項目精査のテストケース > テストメソッドの作成方法","java",""
"ja/development_tools/testing_framework/guide/development_guide/05_UnitTestGuide/01_ClassUnitTest/01_entityUnitTest/01_entityUnitTestWithBeanValidation.rst","403","para","0","その他の単項目精査のテストケース > テストメソッドの作成方法","","// 【説明】〜前略〜 public class UserRegistrationFormTest extends EntityTestSupport {"
"ja/development_tools/testing_framework/guide/development_guide/05_UnitTestGuide/01_ClassUnitTest/01_entityUnitTest/01_entityUnitTestWithBeanValidation.rst","406","para","0","その他の単項目精査のテストケース > テストメソッドの作成方法","","/** * テスト対象Formクラス。 */ private static final Class<?> TARGET_CLASS = UserRegistrationForm.class;"
"ja/development_tools/testing_framework/guide/development_guide/05_UnitTestGuide/01_ClassUnitTest/01_entityUnitTest/01_entityUnitTestWithBeanValidation.rst","411","para","0","その他の単項目精査のテストケース > テストメソッドの作成方法","","// 【説明】〜中略〜"
"ja/development_tools/testing_framework/guide/development_guide/05_UnitTestGuide/01_ClassUnitTest/01_entityUnitTest/01_entityUnitTestWithBeanValidation.rst","413","para","0","その他の単項目精査のテストケース > テストメソッドの作成方法","","/** * 単項目精査のテストケース（上記以外） */ @Test public void testSingleValidation() {"
"ja/development_tools/testing_framework/guide/development_guide/05_UnitTestGuide/01_ClassUnitTest/01_entityUnitTest/01_entityUnitTestWithBeanValidation.rst","419","para","0","その他の単項目精査のテストケース > テストメソッドの作成方法","","// 【説明】テストデータを記載したシート名 String sheetName = ""testSingleValidation"";"
"ja/development_tools/testing_framework/guide/development_guide/05_UnitTestGuide/01_ClassUnitTest/01_entityUnitTest/01_entityUnitTestWithBeanValidation.rst","422","para","0","その他の単項目精査のテストケース > テストメソッドの作成方法","","// 【説明】テストデータのID String id = ""singleValidation"";"
"ja/development_tools/testing_framework/guide/development_guide/05_UnitTestGuide/01_ClassUnitTest/01_entityUnitTest/01_entityUnitTestWithBeanValidation.rst","425","para","0","その他の単項目精査のテストケース > テストメソッドの作成方法","","// 【説明】テスト実行 testSingleValidation(TARGET_CLASS, sheetName, id); }"
"ja/development_tools/testing_framework/guide/development_guide/05_UnitTestGuide/01_ClassUnitTest/01_entityUnitTest/01_entityUnitTestWithBeanValidation.rst","429","para","0","その他の単項目精査のテストケース > テストメソッドの作成方法","","// 【説明】〜後略〜"
"ja/development_tools/testing_framework/guide/development_guide/05_UnitTestGuide/01_ClassUnitTest/01_entityUnitTest/01_entityUnitTestWithBeanValidation.rst","433","heading","1","","項目間精査のテストケース",""
"ja/development_tools/testing_framework/guide/development_guide/05_UnitTestGuide/01_ClassUnitTest/01_entityUnitTest/01_entityUnitTestWithBeanValidation.rst","435","para","0","項目間精査のテストケース","","上記までの単項目精査でテストできないような、 :java:extdoc:`@AssertTrue <jakarta.validation.constraints.AssertTrue>` を指定した項目間精査などは、別途テストを作成する必要がある。"
"ja/development_tools/testing_framework/guide/development_guide/05_UnitTestGuide/01_ClassUnitTest/01_entityUnitTest/01_entityUnitTestWithBeanValidation.rst","439","heading","2","項目間精査のテストケース","テストケース表の作成",""
"ja/development_tools/testing_framework/guide/development_guide/05_UnitTestGuide/01_ClassUnitTest/01_entityUnitTest/01_entityUnitTestWithBeanValidation.rst","441","para","0","項目間精査のテストケース > テストケース表の作成","","* IDは""testShots""固定とする。 * 以下のカラムを用意する。"
"ja/development_tools/testing_framework/guide/development_guide/05_UnitTestGuide/01_ClassUnitTest/01_entityUnitTest/01_entityUnitTestWithBeanValidation.rst","444","para","0","項目間精査のテストケース > テストケース表の作成","","+-----------------------------------+---------------------------------------------------+ | カラム名                          | 記載内容                                "
"ja/development_tools/testing_framework/guide/development_guide/05_UnitTestGuide/01_ClassUnitTest/01_entityUnitTest/01_entityUnitTestWithBeanValidation.rst","465","para","0","項目間精査のテストケース > テストケース表の作成","","に記載の方法と同じである。"
"ja/development_tools/testing_framework/guide/development_guide/05_UnitTestGuide/01_ClassUnitTest/01_entityUnitTest/01_entityUnitTestWithBeanValidation.rst","468","para","0","項目間精査のテストケース > テストケース表の作成","","に記載の方法と同じである。複数のメッセージを期待する場合、expectedMessageId2, propertyName2というように数値を増やして右側に追加していく。"
"ja/development_tools/testing_framework/guide/development_guide/05_UnitTestGuide/01_ClassUnitTest/01_entityUnitTest/01_entityUnitTestWithBeanValidation.rst","471","para","0","項目間精査のテストケース > テストケース表の作成","","interpolateKey2_2, interpolateValue2_2のように数値を増やして右側に追加していく。"
"ja/development_tools/testing_framework/guide/development_guide/05_UnitTestGuide/01_ClassUnitTest/01_entityUnitTest/01_entityUnitTestWithBeanValidation.rst","473","para","0","項目間精査のテストケース > テストケース表の作成","","\"
"ja/development_tools/testing_framework/guide/development_guide/05_UnitTestGuide/01_ClassUnitTest/01_entityUnitTest/01_entityUnitTestWithBeanValidation.rst","475","para","0","項目間精査のテストケース > テストケース表の作成","","精査エラーが発生するプロパティ名と、そのプロパティの精査エラーメッセージを記載する。精査エラーが発生しないプロパティは記載しない。"
"ja/development_tools/testing_framework/guide/development_guide/05_UnitTestGuide/01_ClassUnitTest/01_entityUnitTest/01_entityUnitTestWithBeanValidation.rst","477","para","0","項目間精査のテストケース > テストケース表の作成","","* 入力パラメータ表の作成"
"ja/development_tools/testing_framework/guide/development_guide/05_UnitTestGuide/01_ClassUnitTest/01_entityUnitTest/01_entityUnitTestWithBeanValidation.rst","479","para","0","項目間精査のテストケース > テストケース表の作成","","* IDは""params""固定とする。 * 上記のテストケース表に対応する、入力パラメータ\ [#]_ \を1行ずつ記載する。"
"ja/development_tools/testing_framework/guide/development_guide/05_UnitTestGuide/01_ClassUnitTest/01_entityUnitTest/01_entityUnitTestWithBeanValidation.rst","482","para","0","項目間精査のテストケース > テストケース表の作成","","\"
"ja/development_tools/testing_framework/guide/development_guide/05_UnitTestGuide/01_ClassUnitTest/01_entityUnitTest/01_entityUnitTestWithBeanValidation.rst","484","para","0","項目間精査のテストケース > テストケース表の作成","",".. [#] :ref:`special_notation_in_cell` の記法を使用することで、効率的に入力値を作成できる。"
"ja/development_tools/testing_framework/guide/development_guide/05_UnitTestGuide/01_ClassUnitTest/01_entityUnitTest/01_entityUnitTestWithBeanValidation.rst","486","para","0","項目間精査のテストケース > テストケース表の作成","","\"
"ja/development_tools/testing_framework/guide/development_guide/05_UnitTestGuide/01_ClassUnitTest/01_entityUnitTest/01_entityUnitTestWithBeanValidation.rst","488","para","0","項目間精査のテストケース > テストケース表の作成","","入力パラメータ表には、項目間精査で検証したいプロパティの値を記載する。 項目間精査で検証したいプロパティ以外に、入力必須のプロパティが存在する場合は、それも記載する必要がある。"
"ja/development_tools/testing_framework/guide/development_guide/05_UnitTestGuide/01_ClassUnitTest/01_entityUnitTest/01_entityUnitTestWithBeanValidation.rst","491","para","0","項目間精査のテストケース > テストケース表の作成","","具体例を以下に示す。 下図では、""newPasswordとconfirmPasswordが等しいか否か""を検証するプロパティ（validPassword）に対するケースを作成している。"
"ja/development_tools/testing_framework/guide/development_guide/05_UnitTestGuide/01_ClassUnitTest/01_entityUnitTest/01_entityUnitTestWithBeanValidation.rst","494","figure","0","項目間精査のテストケース > テストケース表の作成","","../_image/entityUnitTest_validationTestData_BeanValidation.png"
"ja/development_tools/testing_framework/guide/development_guide/05_UnitTestGuide/01_ClassUnitTest/01_entityUnitTest/01_entityUnitTestWithBeanValidation.rst","497","admonition","0","項目間精査のテストケース > テストケース表の作成","tip","Form単体テストのテストケースやテストデータを作成する際、\ **プロパティに保持している別のFormのプロパティ** を指定したいことがある。\ この場合、"
"ja/development_tools/testing_framework/guide/development_guide/05_UnitTestGuide/01_ClassUnitTest/01_entityUnitTest/01_entityUnitTestWithBeanValidation.rst","505","code","0","項目間精査のテストケース > テストケース表の作成","java","public class SampleForm {"
"ja/development_tools/testing_framework/guide/development_guide/05_UnitTestGuide/01_ClassUnitTest/01_entityUnitTest/01_entityUnitTestWithBeanValidation.rst","509","para","0","項目間精査のテストケース > テストケース表の作成","","/** システムユーザ */ private SystemUserEntity systemUser;"
"ja/development_tools/testing_framework/guide/development_guide/05_UnitTestGuide/01_ClassUnitTest/01_entityUnitTest/01_entityUnitTestWithBeanValidation.rst","512","para","0","項目間精査のテストケース > テストケース表の作成","","/** 電話番号配列 */ private UserTelEntity[] userTelArray;"
"ja/development_tools/testing_framework/guide/development_guide/05_UnitTestGuide/01_ClassUnitTest/01_entityUnitTest/01_entityUnitTestWithBeanValidation.rst","515","para","0","項目間精査のテストケース > テストケース表の作成","","// 【説明】プロパティ以外は省略"
"ja/development_tools/testing_framework/guide/development_guide/05_UnitTestGuide/01_ClassUnitTest/01_entityUnitTest/01_entityUnitTestWithBeanValidation.rst","517","para","0","項目間精査のテストケース > テストケース表の作成","","}"
"ja/development_tools/testing_framework/guide/development_guide/05_UnitTestGuide/01_ClassUnitTest/01_entityUnitTest/01_entityUnitTestWithBeanValidation.rst","519","para","0","項目間精査のテストケース > テストケース表の作成","","* 保持しているFormのプロパティを指定する方法(SystemUserEntity.userIdを指定する場合)"
"ja/development_tools/testing_framework/guide/development_guide/05_UnitTestGuide/01_ClassUnitTest/01_entityUnitTest/01_entityUnitTestWithBeanValidation.rst","521","code","0","項目間精査のテストケース > テストケース表の作成","none","sampleForm.systemUser.userId"
"ja/development_tools/testing_framework/guide/development_guide/05_UnitTestGuide/01_ClassUnitTest/01_entityUnitTest/01_entityUnitTestWithBeanValidation.rst","525","para","0","項目間精査のテストケース > テストケース表の作成","","* Form配列の要素のプロパティを指定する方法(UserTelEntity配列の先頭要素のプロパティを指定する場合)"
"ja/development_tools/testing_framework/guide/development_guide/05_UnitTestGuide/01_ClassUnitTest/01_entityUnitTest/01_entityUnitTestWithBeanValidation.rst","527","code","0","項目間精査のテストケース > テストケース表の作成","none","sampleForm.userTelArray[0].telNoArea"
"ja/development_tools/testing_framework/guide/development_guide/05_UnitTestGuide/01_ClassUnitTest/01_entityUnitTest/01_entityUnitTestWithBeanValidation.rst","534","heading","2","項目間精査のテストケース","テストメソッドの作成方法",""
"ja/development_tools/testing_framework/guide/development_guide/05_UnitTestGuide/01_ClassUnitTest/01_entityUnitTest/01_entityUnitTestWithBeanValidation.rst","536","para","0","項目間精査のテストケース > テストメソッドの作成方法","","スーパクラスの以下のメソッドを起動する。"
"ja/development_tools/testing_framework/guide/development_guide/05_UnitTestGuide/01_ClassUnitTest/01_entityUnitTest/01_entityUnitTestWithBeanValidation.rst","538","code","0","項目間精査のテストケース > テストメソッドの作成方法","java",""
"ja/development_tools/testing_framework/guide/development_guide/05_UnitTestGuide/01_ClassUnitTest/01_entityUnitTest/01_entityUnitTestWithBeanValidation.rst","540","para","0","項目間精査のテストケース > テストメソッドの作成方法","","void testBeanValidation(Class entityClass, String sheetName)"
"ja/development_tools/testing_framework/guide/development_guide/05_UnitTestGuide/01_ClassUnitTest/01_entityUnitTest/01_entityUnitTestWithBeanValidation.rst","543","code","0","項目間精査のテストケース > テストメソッドの作成方法","java",""
"ja/development_tools/testing_framework/guide/development_guide/05_UnitTestGuide/01_ClassUnitTest/01_entityUnitTest/01_entityUnitTestWithBeanValidation.rst","545","para","0","項目間精査のテストケース > テストメソッドの作成方法","","// 【説明】〜前略〜 public class UserRegistrationFormTest extends EntityTestSupport {"
"ja/development_tools/testing_framework/guide/development_guide/05_UnitTestGuide/01_ClassUnitTest/01_entityUnitTest/01_entityUnitTestWithBeanValidation.rst","548","para","0","項目間精査のテストケース > テストメソッドの作成方法","","/** * テスト対象Formクラス。 */ private static final Class<?> TARGET_CLASS = UserRegistrationForm.class;"
"ja/development_tools/testing_framework/guide/development_guide/05_UnitTestGuide/01_ClassUnitTest/01_entityUnitTest/01_entityUnitTestWithBeanValidation.rst","553","para","0","項目間精査のテストケース > テストメソッドの作成方法","","// 【説明】〜中略〜"
"ja/development_tools/testing_framework/guide/development_guide/05_UnitTestGuide/01_ClassUnitTest/01_entityUnitTest/01_entityUnitTestWithBeanValidation.rst","555","para","0","項目間精査のテストケース > テストメソッドの作成方法","","/** * 項目間精査のテストケース */ @Test public void testWholeFormValidation() { // 【説明】テストデータを記載したシート名 String sheetName = ""testWholeFormValidation"";"
"ja/development_tools/testing_framework/guide/development_guide/05_UnitTestGuide/01_ClassUnitTest/01_entityUnitTest/01_entityUnitTestWithBeanValidation.rst","563","para","0","項目間精査のテストケース > テストメソッドの作成方法","","// 【説明】テスト実行 testBeanValidation(TARGET_CLASS, sheetName); }"
"ja/development_tools/testing_framework/guide/development_guide/05_UnitTestGuide/01_ClassUnitTest/01_entityUnitTest/01_entityUnitTestWithBeanValidation.rst","567","para","0","項目間精査のテストケース > テストメソッドの作成方法","","// 【説明】〜後略〜"
"ja/development_tools/testing_framework/guide/development_guide/05_UnitTestGuide/01_ClassUnitTest/01_entityUnitTest/01_entityUnitTestWithBeanValidation.rst","573","heading","1","","setter、getterに対するテストケース",""
"ja/development_tools/testing_framework/guide/development_guide/05_UnitTestGuide/01_ClassUnitTest/01_entityUnitTest/01_entityUnitTestWithBeanValidation.rst","575","para","0","setter、getterに対するテストケース","","setter、getterに対するテストでは、setterで設定した値とgetterで取得した値が、期待通りになっているか確認するケースを作成する。\ このとき対象となるプロパティは、Formに定義されている全てのプロパティである。"
"ja/development_tools/testing_framework/guide/development_guide/05_UnitTestGuide/01_ClassUnitTest/01_entityUnitTest/01_entityUnitTestWithBeanValidation.rst","578","para","0","setter、getterに対するテストケース","","各プロパティに対して、setterに渡すためのデータと期待値(getterで取得した値と比較するデータ)を用意する。 テストメソッドでは、前述のsetterに渡すためのデータを引数にsetterを呼び出し、直後にgetterで取得した値と期待値が\ 等しいことを確認している。"
"ja/development_tools/testing_framework/guide/development_guide/05_UnitTestGuide/01_ClassUnitTest/01_entityUnitTest/01_entityUnitTestWithBeanValidation.rst","582","para","0","setter、getterに対するテストケース","","実際のテストコードでは、setterへの値の設定及び値の確認(期待値との比較)は、 自動テストフレームワークで提供されるメソッド内で行われる。 詳細は、:ref:`テストコード<test-setterGetter-java-label>`  を参照すること。"
"ja/development_tools/testing_framework/guide/development_guide/05_UnitTestGuide/01_ClassUnitTest/01_entityUnitTest/01_entityUnitTestWithBeanValidation.rst","586","admonition","0","setter、getterに対するテストケース","tip","Entityは自動生成されるため、アプリケーションで使用されないsetter/getterが生成される可能性がある。\ その場合リクエスト単体テストではテストで"
"ja/development_tools/testing_framework/guide/development_guide/05_UnitTestGuide/01_ClassUnitTest/01_entityUnitTest/01_entityUnitTestWithBeanValidation.rst","597","heading","2","setter、getterに対するテストケース","Excelへの定義",""
"ja/development_tools/testing_framework/guide/development_guide/05_UnitTestGuide/01_ClassUnitTest/01_entityUnitTest/01_entityUnitTestWithBeanValidation.rst","598","figure","0","setter、getterに対するテストケース > Excelへの定義","","../_image/entityUnitTest_SetterAndGetter.png"
"ja/development_tools/testing_framework/guide/development_guide/05_UnitTestGuide/01_ClassUnitTest/01_entityUnitTest/01_entityUnitTestWithBeanValidation.rst","603","para","0","setter、getterに対するテストケース > Excelへの定義","","このデータを使用するテストメソッドを以下に示す。"
"ja/development_tools/testing_framework/guide/development_guide/05_UnitTestGuide/01_ClassUnitTest/01_entityUnitTest/01_entityUnitTestWithBeanValidation.rst","605","code","0","setter、getterに対するテストケース > Excelへの定義","java",""
"ja/development_tools/testing_framework/guide/development_guide/05_UnitTestGuide/01_ClassUnitTest/01_entityUnitTest/01_entityUnitTestWithBeanValidation.rst","607","para","0","setter、getterに対するテストケース > Excelへの定義","","// 【説明】～前略～"
"ja/development_tools/testing_framework/guide/development_guide/05_UnitTestGuide/01_ClassUnitTest/01_entityUnitTest/01_entityUnitTestWithBeanValidation.rst","609","para","0","setter、getterに対するテストケース > Excelへの定義","","public class UserRegistrationFormTest extends EntityTestSupport { /** * テスト対象Formクラス。 */ private static final Class<?> TARGET_CLASS = UserRegistrationForm.class"
"ja/development_tools/testing_framework/guide/development_guide/05_UnitTestGuide/01_ClassUnitTest/01_entityUnitTest/01_entityUnitTestWithBeanValidation.rst","615","para","0","setter、getterに対するテストケース > Excelへの定義","","// 【説明】〜中略〜"
"ja/development_tools/testing_framework/guide/development_guide/05_UnitTestGuide/01_ClassUnitTest/01_entityUnitTest/01_entityUnitTestWithBeanValidation.rst","617","para","0","setter、getterに対するテストケース > Excelへの定義","","/** * setter、getterのテストケース */ @Test public void testSetterAndGetter() {"
"ja/development_tools/testing_framework/guide/development_guide/05_UnitTestGuide/01_ClassUnitTest/01_entityUnitTest/01_entityUnitTestWithBeanValidation.rst","623","para","0","setter、getterに対するテストケース > Excelへの定義","","String sheetName = ""testSetterAndGetter"";"
"ja/development_tools/testing_framework/guide/development_guide/05_UnitTestGuide/01_ClassUnitTest/01_entityUnitTest/01_entityUnitTestWithBeanValidation.rst","625","para","0","setter、getterに対するテストケース > Excelへの定義","","String id = ""setterAndGetter"";"
"ja/development_tools/testing_framework/guide/development_guide/05_UnitTestGuide/01_ClassUnitTest/01_entityUnitTest/01_entityUnitTestWithBeanValidation.rst","627","para","0","setter、getterに対するテストケース > Excelへの定義","","testSetterAndGetter(TARGET_CLASS, sheetName, id); } }"
"ja/development_tools/testing_framework/guide/development_guide/05_UnitTestGuide/01_ClassUnitTest/01_entityUnitTest/01_entityUnitTestWithBeanValidation.rst","633","admonition","0","setter、getterに対するテストケース > Excelへの定義","tip",""
"ja/development_tools/testing_framework/guide/development_guide/05_UnitTestGuide/01_ClassUnitTest/01_entityUnitTest/01_entityUnitTestWithBeanValidation.rst","635","para","0","setter、getterに対するテストケース > Excelへの定義","","testSetterAndGetterでテスト可能なプロパティの型(クラス)には制限がある。 下記型(クラス)に該当しない場合には、各テストクラスにてsetterとgetterを明示的に呼び出してテストする必要がある。"
"ja/development_tools/testing_framework/guide/development_guide/05_UnitTestGuide/01_ClassUnitTest/01_entityUnitTest/01_entityUnitTestWithBeanValidation.rst","639","para","0","setter、getterに対するテストケース > Excelへの定義","","* String及び、String配列 * BigDecimal及び、BigDecimal配列 * java.util.Date及び、java.util.Date配列(Excelへはyyyy-MM-dd形式もしくはyyyy-MM-dd HH:mm:ss形式で記述すること) * valueOf(String)メソッドを持"
"ja/development_tools/testing_framework/guide/development_guide/05_UnitTestGuide/01_ClassUnitTest/01_entityUnitTest/01_entityUnitTestWithBeanValidation.rst","644","para","0","setter、getterに対するテストケース > Excelへの定義","","以下に、個別のテスト実施方法の例を示す。 この例では、Formが ``List<String>`` 型のプロパティ ``users`` を持っているとしている。"
"ja/development_tools/testing_framework/guide/development_guide/05_UnitTestGuide/01_ClassUnitTest/01_entityUnitTest/01_entityUnitTestWithBeanValidation.rst","647","para","0","setter、getterに対するテストケース > Excelへの定義","","* Excelへのデータ記述例"
"ja/development_tools/testing_framework/guide/development_guide/05_UnitTestGuide/01_ClassUnitTest/01_entityUnitTest/01_entityUnitTestWithBeanValidation.rst","649","figure","0","setter、getterに対するテストケース > Excelへの定義","","../_image/entityUnitTest_SetterAndGetterOther.png"
"ja/development_tools/testing_framework/guide/development_guide/05_UnitTestGuide/01_ClassUnitTest/01_entityUnitTest/01_entityUnitTestWithBeanValidation.rst","653","para","0","setter、getterに対するテストケース > Excelへの定義","","* テストコード例"
"ja/development_tools/testing_framework/guide/development_guide/05_UnitTestGuide/01_ClassUnitTest/01_entityUnitTest/01_entityUnitTestWithBeanValidation.rst","655","code","0","setter、getterに対するテストケース > Excelへの定義","java","/** setter/getterのテスト */
@Test
public void testSetterAndGetter() {"
"ja/development_tools/testing_framework/guide/development_guide/05_UnitTestGuide/01_ClassUnitTest/01_entityUnitTest/01_entityUnitTestWithBeanValidation.rst","688","admonition","0","setter、getterに対するテストケース > Excelへの定義","tip",""
"ja/development_tools/testing_framework/guide/development_guide/05_UnitTestGuide/01_ClassUnitTest/01_entityUnitTest/01_entityUnitTestWithBeanValidation.rst","690","para","0","setter、getterに対するテストケース > Excelへの定義","","setterやgetterにロジックを記述した場合(例えば、setterは郵便番号上3桁と下4桁に別れているが、getterはまとめて7桁取得する場合など)は、 そのロジックを確認するテストケースを作成すること。"
"ja/development_tools/testing_framework/guide/development_guide/05_UnitTestGuide/01_ClassUnitTest/01_entityUnitTest/01_entityUnitTestWithBeanValidation.rst","693","code","0","setter、getterに対するテストケース > Excelへの定義","","郵便番号に下記を設定した場合に、正しく7桁の郵便番号(0010001)が取得することを確認する例
郵便番号上3桁:001
郵便番号下4桁:0001"
"ja/development_tools/testing_framework/guide/development_guide/05_UnitTestGuide/01_ClassUnitTest/01_entityUnitTest/01_entityUnitTestWithBeanValidation.rst","699","figure","0","setter、getterに対するテストケース > Excelへの定義","","../_image/entityUnitTest_SetterAndGetter_PostNo.png"
"ja/development_tools/testing_framework/guide/development_guide/05_UnitTestGuide/01_ClassUnitTest/01_entityUnitTest/01_entityUnitTestWithBeanValidation.rst","705","heading","1","","自動テストフレームワーク設定値",""
"ja/development_tools/testing_framework/guide/development_guide/05_UnitTestGuide/01_ClassUnitTest/01_entityUnitTest/01_entityUnitTestWithBeanValidation.rst","707","para","0","自動テストフレームワーク設定値","",":ref:`精査のテストケース<entityUnitTest_ValidationCase_BeanValidation>`\ を実施する際に必要な初期値設定について説明する。"
"ja/development_tools/testing_framework/guide/development_guide/05_UnitTestGuide/01_ClassUnitTest/01_entityUnitTest/01_entityUnitTestWithBeanValidation.rst","711","heading","2","自動テストフレームワーク設定値","設定項目一覧",""
"ja/development_tools/testing_framework/guide/development_guide/05_UnitTestGuide/01_ClassUnitTest/01_entityUnitTest/01_entityUnitTestWithBeanValidation.rst","713","para","0","自動テストフレームワーク設定値 > 設定項目一覧","","``nablarch.test.core.entity.EntityTestConfiguration``\ クラスを使用し、\ 以下の値をコンポーネント設定ファイルで設定する。"
"ja/development_tools/testing_framework/guide/development_guide/05_UnitTestGuide/01_ClassUnitTest/01_entityUnitTest/01_entityUnitTestWithBeanValidation.rst","716","table","0","自動テストフレームワーク設定値 > 設定項目一覧","","設定項目名 | 説明"
"ja/development_tools/testing_framework/guide/development_guide/05_UnitTestGuide/01_ClassUnitTest/01_entityUnitTest/01_entityUnitTestWithBeanValidation.rst","736","para","0","自動テストフレームワーク設定値 > 設定項目一覧","","\"
"ja/development_tools/testing_framework/guide/development_guide/05_UnitTestGuide/01_ClassUnitTest/01_entityUnitTest/01_entityUnitTestWithBeanValidation.rst","739","para","0","自動テストフレームワーク設定値 > 設定項目一覧","",":ref:`entityUnitTest_ValidationCase_BeanValidation` で、maxを省略したテストケースを作成する場合は指定必須。"
"ja/development_tools/testing_framework/guide/development_guide/05_UnitTestGuide/01_ClassUnitTest/01_entityUnitTest/01_entityUnitTestWithBeanValidation.rst","742","para","0","自動テストフレームワーク設定値 > 設定項目一覧","","``nablarch.test.core.util.generator.CharacterGenerator``\ の実装クラスを指定する。 このクラスがテスト用の入力値を生成する。 通常は、\ ``nablarch.test.core.util.generator.BasicJapaneseCharacterGene"
"ja/development_tools/testing_framework/guide/development_guide/05_UnitTestGuide/01_ClassUnitTest/01_entityUnitTest/01_entityUnitTestWithBeanValidation.rst","747","para","0","自動テストフレームワーク設定値 > 設定項目一覧","","Bean Validationを使用する場合は、 ``nablarch.test.core.entity.BeanValidationTestStrategy``\ を固定で指定する。"
"ja/development_tools/testing_framework/guide/development_guide/05_UnitTestGuide/01_ClassUnitTest/01_entityUnitTest/01_entityUnitTestWithBeanValidation.rst","751","heading","2","自動テストフレームワーク設定値","コンポーネント設定ファイルの記述例",""
"ja/development_tools/testing_framework/guide/development_guide/05_UnitTestGuide/01_ClassUnitTest/01_entityUnitTest/01_entityUnitTestWithBeanValidation.rst","753","para","0","自動テストフレームワーク設定値 > コンポーネント設定ファイルの記述例","","テスト用コンポーネント設定ファイル記述例を示す。"
"ja/development_tools/testing_framework/guide/development_guide/05_UnitTestGuide/01_ClassUnitTest/01_entityUnitTest/01_entityUnitTestWithBeanValidation.rst","755","code","0","自動テストフレームワーク設定値 > コンポーネント設定ファイルの記述例","xml",""
"ja/development_tools/testing_framework/guide/development_guide/05_UnitTestGuide/01_ClassUnitTest/01_entityUnitTest/01_entityUnitTestWithBeanValidation.rst","757","para","0","自動テストフレームワーク設定値 > コンポーネント設定ファイルの記述例","","<!-- エンティティテスト設定 --> <component name=""entityTestConfiguration"" class=""nablarch.test.core.entity.EntityTestConfiguration""> <property name=""maxMessageId""        v"
"ja/development_tools/testing_framework/guide/development_guide/05_UnitTestGuide/01_ClassUnitTest/01_entityUnitTest/02_entityUnitTestWithNablarchValidation.rst","5","heading","1","","Nablarch Validationに対応したForm/Entityのクラス単体テスト",""
"ja/development_tools/testing_framework/guide/development_guide/05_UnitTestGuide/01_ClassUnitTest/01_entityUnitTest/02_entityUnitTestWithNablarchValidation.rst","6","para","0","Nablarch Validationに対応したForm/Entityのクラス単体テスト","","本項では、入力値チェックを :ref:`nablarch_validation` で実施しているFormおよびEntityクラス単体テスト(以下Form単体テストまたはEntity単体テスト)について説明する。 両者はほぼ同じように単体テストを行えるため、共通する内容についてはEntity単体テストをベースに説明し、特"
"ja/development_tools/testing_framework/guide/development_guide/05_UnitTestGuide/01_ClassUnitTest/01_entityUnitTest/02_entityUnitTestWithNablarchValidation.rst","9","admonition","0","Nablarch Validationに対応したForm/Entityのクラス単体テスト","tip","Form、Entityの責務については、各処理方式の責務配置を参照すること。 例： :ref:`ウェブアプリケーションの責務配置<application_des"
"ja/development_tools/testing_framework/guide/development_guide/05_UnitTestGuide/01_ClassUnitTest/01_entityUnitTest/02_entityUnitTestWithNablarchValidation.rst","15","heading","2","Nablarch Validationに対応したForm/Entityのクラス単体テスト","Form/Entity単体テストの書き方",""
"ja/development_tools/testing_framework/guide/development_guide/05_UnitTestGuide/01_ClassUnitTest/01_entityUnitTest/02_entityUnitTestWithNablarchValidation.rst","16","para","0","Nablarch Validationに対応したForm/Entityのクラス単体テスト > Form/Entity単体テストの書き方","","本項で例として使用したテストクラスとテストデータは以下のとおり(右クリック->保存でダウンロード)。"
"ja/development_tools/testing_framework/guide/development_guide/05_UnitTestGuide/01_ClassUnitTest/01_entityUnitTest/02_entityUnitTestWithNablarchValidation.rst","18","para","0","Nablarch Validationに対応したForm/Entityのクラス単体テスト > Form/Entity単体テストの書き方","","* :download:`テストクラス(SystemAccountEntityTest.java)<../_download/SystemAccountEntityTest.java>` * :download:`テストデータ(SystemAccountEntityTest.xlsx)<../_download/Sys"
"ja/development_tools/testing_framework/guide/development_guide/05_UnitTestGuide/01_ClassUnitTest/01_entityUnitTest/02_entityUnitTestWithNablarchValidation.rst","23","heading","1","","テストデータの作成",""
"ja/development_tools/testing_framework/guide/development_guide/05_UnitTestGuide/01_ClassUnitTest/01_entityUnitTest/02_entityUnitTestWithNablarchValidation.rst","24","para","0","テストデータの作成","","テストデータを記載したテストデータファイルそのものの作成方法を説明する。テストデータを記載したテストデータファイルは、テストソースコードと同じディレクトリに同じ名前で格納する(拡張子のみ異なる)。\ なお、後述する\ \ :ref:`精査のテストケース<entityUnitTest_ValidationCase>`\ "
"ja/development_tools/testing_framework/guide/development_guide/05_UnitTestGuide/01_ClassUnitTest/01_entityUnitTest/02_entityUnitTestWithNablarchValidation.rst","31","para","0","テストデータの作成","","テストデータの記述方法詳細については、\ :doc:`../../../06_TestFWGuide/01_Abstract`\ 、\ :doc:`../../../06_TestFWGuide/02_DbAccessTest`\ を参照。"
"ja/development_tools/testing_framework/guide/development_guide/05_UnitTestGuide/01_ClassUnitTest/01_entityUnitTest/02_entityUnitTestWithNablarchValidation.rst","33","para","0","テストデータの作成","","Excel / YAML 形式のデータブロック種別・記述方法については :ref:`ntf_testdata` を参照。"
"ja/development_tools/testing_framework/guide/development_guide/05_UnitTestGuide/01_ClassUnitTest/01_entityUnitTest/02_entityUnitTestWithNablarchValidation.rst","35","para","0","テストデータの作成","","なお、メッセージデータやコードマスタなどの、データベースに格納する静的マスタデータは、プロジェクトで管理されたデータがあらかじめ投入されている\ (これらのデータを個別のテストデータとして作成しない)前提である。"
"ja/development_tools/testing_framework/guide/development_guide/05_UnitTestGuide/01_ClassUnitTest/01_entityUnitTest/02_entityUnitTestWithNablarchValidation.rst","39","heading","1","","テストクラスの作成",""
"ja/development_tools/testing_framework/guide/development_guide/05_UnitTestGuide/01_ClassUnitTest/01_entityUnitTest/02_entityUnitTestWithNablarchValidation.rst","40","para","0","テストクラスの作成","","Form/Entity単体テストのテストクラスは、以下の条件を満たすように作成する。"
"ja/development_tools/testing_framework/guide/development_guide/05_UnitTestGuide/01_ClassUnitTest/01_entityUnitTest/02_entityUnitTestWithNablarchValidation.rst","42","para","0","テストクラスの作成","","* テストクラスのパッケージは、テスト対象のForm/Entityと同じとする。 * <Form/Entityクラス名>Testというクラス名でテストクラスを作成する。 * nablarch.test.core.db.EntityTestSupportを継承する。"
"ja/development_tools/testing_framework/guide/development_guide/05_UnitTestGuide/01_ClassUnitTest/01_entityUnitTest/02_entityUnitTestWithNablarchValidation.rst","46","code","0","テストクラスの作成","java",""
"ja/development_tools/testing_framework/guide/development_guide/05_UnitTestGuide/01_ClassUnitTest/01_entityUnitTest/02_entityUnitTestWithNablarchValidation.rst","48","para","0","テストクラスの作成","","package nablarch.sample.management.user; // 【説明】パッケージはSystemAccountEntityと同じ"
"ja/development_tools/testing_framework/guide/development_guide/05_UnitTestGuide/01_ClassUnitTest/01_entityUnitTest/02_entityUnitTestWithNablarchValidation.rst","50","para","0","テストクラスの作成","","import java.util.HashMap; import java.util.Map;"
"ja/development_tools/testing_framework/guide/development_guide/05_UnitTestGuide/01_ClassUnitTest/01_entityUnitTest/02_entityUnitTestWithNablarchValidation.rst","53","para","0","テストクラスの作成","","import org.junit.Test;"
"ja/development_tools/testing_framework/guide/development_guide/05_UnitTestGuide/01_ClassUnitTest/01_entityUnitTest/02_entityUnitTestWithNablarchValidation.rst","55","para","0","テストクラスの作成","","import nablarch.test.core.db.EntityTestSupport;"
"ja/development_tools/testing_framework/guide/development_guide/05_UnitTestGuide/01_ClassUnitTest/01_entityUnitTest/02_entityUnitTestWithNablarchValidation.rst","57","para","0","テストクラスの作成","","import static org.junit.Assert.assertArrayEquals; import static org.junit.Assert.assertEquals;"
"ja/development_tools/testing_framework/guide/development_guide/05_UnitTestGuide/01_ClassUnitTest/01_entityUnitTest/02_entityUnitTestWithNablarchValidation.rst","60","para","0","テストクラスの作成","","/** * SystemAccountEntityクラスに対するテストを実行するクラス。<br/> * テスト内容はエクセルシート参照のこと。 * * @author Miki Habu * @since 1.0 */ public class SystemAccountEntityTest extends Entit"
"ja/development_tools/testing_framework/guide/development_guide/05_UnitTestGuide/01_ClassUnitTest/01_entityUnitTest/02_entityUnitTestWithNablarchValidation.rst","71","para","0","テストクラスの作成","","// ～後略～"
"ja/development_tools/testing_framework/guide/development_guide/05_UnitTestGuide/01_ClassUnitTest/01_entityUnitTest/02_entityUnitTestWithNablarchValidation.rst","73","para","0","テストクラスの作成","","テストメソッドの記述方法は本項以降に記載されているコード例を参照。"
"ja/development_tools/testing_framework/guide/development_guide/05_UnitTestGuide/01_ClassUnitTest/01_entityUnitTest/02_entityUnitTestWithNablarchValidation.rst","78","heading","1","","文字種と文字列長の単項目精査テストケース",""
"ja/development_tools/testing_framework/guide/development_guide/05_UnitTestGuide/01_ClassUnitTest/01_entityUnitTest/02_entityUnitTestWithNablarchValidation.rst","80","para","0","文字種と文字列長の単項目精査テストケース","","単項目精査に関するテストケースは、入力される文字種および文字列長に関するものがほとんどである。\ 例えば、以下のようなプロパティがあるとする。"
"ja/development_tools/testing_framework/guide/development_guide/05_UnitTestGuide/01_ClassUnitTest/01_entityUnitTest/02_entityUnitTestWithNablarchValidation.rst","83","para","0","文字種と文字列長の単項目精査テストケース","","* プロパティ名「フリガナ」 * 最大文字列長は50文字 * 必須項目 * 全角カタカナのみを許容する"
"ja/development_tools/testing_framework/guide/development_guide/05_UnitTestGuide/01_ClassUnitTest/01_entityUnitTest/02_entityUnitTestWithNablarchValidation.rst","88","para","0","文字種と文字列長の単項目精査テストケース","","この場合、以下のようなテストケースを作成することになる。"
"ja/development_tools/testing_framework/guide/development_guide/05_UnitTestGuide/01_ClassUnitTest/01_entityUnitTest/02_entityUnitTestWithNablarchValidation.rst","90","para","0","文字種と文字列長の単項目精査テストケース","","=============================================== ========================= ケース                                           観点 ====================================="
"ja/development_tools/testing_framework/guide/development_guide/05_UnitTestGuide/01_ClassUnitTest/01_entityUnitTest/02_entityUnitTestWithNablarchValidation.rst","100","para","0","文字種と文字列長の単項目精査テストケース","","\"
"ja/development_tools/testing_framework/guide/development_guide/05_UnitTestGuide/01_ClassUnitTest/01_entityUnitTest/02_entityUnitTestWithNablarchValidation.rst","102","para","0","文字種と文字列長の単項目精査テストケース","",".. [#] 同様に、半角英字、全角ひらがな、漢字...等が入力され精査が失敗するケースが必要である。"
"ja/development_tools/testing_framework/guide/development_guide/05_UnitTestGuide/01_ClassUnitTest/01_entityUnitTest/02_entityUnitTestWithNablarchValidation.rst","104","para","0","文字種と文字列長の単項目精査テストケース","","このように、単項目精査のテストケースは、ケース数が多くなりデータ作成の労力がかかる。\ そこで、単項目精査テスト専用のテスト方法を提供する。これにより以下の効果が見込まれる。"
"ja/development_tools/testing_framework/guide/development_guide/05_UnitTestGuide/01_ClassUnitTest/01_entityUnitTest/02_entityUnitTestWithNablarchValidation.rst","107","para","0","文字種と文字列長の単項目精査テストケース","","* 単項目精査のテストケース作成が容易になる。 * 保守性の高いテストデータが作成でき、レビューやメンテナンスが容易になる。"
"ja/development_tools/testing_framework/guide/development_guide/05_UnitTestGuide/01_ClassUnitTest/01_entityUnitTest/02_entityUnitTestWithNablarchValidation.rst","111","admonition","0","文字種と文字列長の単項目精査テストケース","tip","本テスト方法は、プロパティとして別のFormを保持するFormに対しては使用できない。その場合、独自に精査処理のテストを実装すること。 プロパティとして別のFo"
"ja/development_tools/testing_framework/guide/development_guide/05_UnitTestGuide/01_ClassUnitTest/01_entityUnitTest/02_entityUnitTestWithNablarchValidation.rst","115","code","0","文字種と文字列長の単項目精査テストケース","none","<親Form>.<子Form>.<子フォームのプロパティ名>"
"ja/development_tools/testing_framework/guide/development_guide/05_UnitTestGuide/01_ClassUnitTest/01_entityUnitTest/02_entityUnitTestWithNablarchValidation.rst","121","heading","2","文字種と文字列長の単項目精査テストケース","テストケース表の作成方法",""
"ja/development_tools/testing_framework/guide/development_guide/05_UnitTestGuide/01_ClassUnitTest/01_entityUnitTest/02_entityUnitTestWithNablarchValidation.rst","123","para","0","文字種と文字列長の単項目精査テストケース > テストケース表の作成方法","","以下のカラムを用意する。"
"ja/development_tools/testing_framework/guide/development_guide/05_UnitTestGuide/01_ClassUnitTest/01_entityUnitTest/02_entityUnitTestWithNablarchValidation.rst","125","table","0","文字種と文字列長の単項目精査テストケース > テストケース表の作成方法","","カラム名 | 記載内容"
"ja/development_tools/testing_framework/guide/development_guide/05_UnitTestGuide/01_ClassUnitTest/01_entityUnitTest/02_entityUnitTestWithNablarchValidation.rst","168","para","0","文字種と文字列長の単項目精査テストケース > テストケース表の作成方法","","の値が使用される。"
"ja/development_tools/testing_framework/guide/development_guide/05_UnitTestGuide/01_ClassUnitTest/01_entityUnitTest/02_entityUnitTestWithNablarchValidation.rst","170","para","0","文字種と文字列長の単項目精査テストケース > テストケース表の作成方法","","\"
"ja/development_tools/testing_framework/guide/development_guide/05_UnitTestGuide/01_ClassUnitTest/01_entityUnitTest/02_entityUnitTestWithNablarchValidation.rst","173","para","0","文字種と文字列長の単項目精査テストケース > テストケース表の作成方法","","設定したデフォルト値が使用される。省略時にどのデフォルト値が使用されるかは、max欄及びmin欄の記載によって決まり、以下の通り。"
"ja/development_tools/testing_framework/guide/development_guide/05_UnitTestGuide/01_ClassUnitTest/01_entityUnitTest/02_entityUnitTestWithNablarchValidation.rst","175","table","0","文字種と文字列長の単項目精査テストケース > テストケース表の作成方法","","min欄の記載 | maxとminの比較 | 省略時に使用されるデフォルト値"
"ja/development_tools/testing_framework/guide/development_guide/05_UnitTestGuide/01_ClassUnitTest/01_entityUnitTest/02_entityUnitTestWithNablarchValidation.rst","186","para","0","文字種と文字列長の単項目精査テストケース > テストケース表の作成方法","","許容するかどうかを記入するカラムには、以下の値を設定する。"
"ja/development_tools/testing_framework/guide/development_guide/05_UnitTestGuide/01_ClassUnitTest/01_entityUnitTest/02_entityUnitTestWithNablarchValidation.rst","188","table","0","文字種と文字列長の単項目精査テストケース > テストケース表の作成方法","","設定内容 | 設定値 | 備考"
"ja/development_tools/testing_framework/guide/development_guide/05_UnitTestGuide/01_ClassUnitTest/01_entityUnitTest/02_entityUnitTestWithNablarchValidation.rst","196","para","0","文字種と文字列長の単項目精査テストケース > テストケース表の作成方法","","具体例を以下に示す。"
"ja/development_tools/testing_framework/guide/development_guide/05_UnitTestGuide/01_ClassUnitTest/01_entityUnitTest/02_entityUnitTestWithNablarchValidation.rst","198","figure","0","文字種と文字列長の単項目精査テストケース > テストケース表の作成方法","","../_image/entityUnitTest_CharsetAndLengthExample.png"
"ja/development_tools/testing_framework/guide/development_guide/05_UnitTestGuide/01_ClassUnitTest/01_entityUnitTest/02_entityUnitTestWithNablarchValidation.rst","204","heading","2","文字種と文字列長の単項目精査テストケース","テストメソッドの作成方法",""
"ja/development_tools/testing_framework/guide/development_guide/05_UnitTestGuide/01_ClassUnitTest/01_entityUnitTest/02_entityUnitTestWithNablarchValidation.rst","207","para","0","文字種と文字列長の単項目精査テストケース > テストメソッドの作成方法","","スーパクラスの以下のメソッドを起動する。"
"ja/development_tools/testing_framework/guide/development_guide/05_UnitTestGuide/01_ClassUnitTest/01_entityUnitTest/02_entityUnitTestWithNablarchValidation.rst","209","code","0","文字種と文字列長の単項目精査テストケース > テストメソッドの作成方法","java",""
"ja/development_tools/testing_framework/guide/development_guide/05_UnitTestGuide/01_ClassUnitTest/01_entityUnitTest/02_entityUnitTestWithNablarchValidation.rst","211","para","0","文字種と文字列長の単項目精査テストケース > テストメソッドの作成方法","","void testValidateCharsetAndLength(Class entityClass, String sheetName, String id)"
"ja/development_tools/testing_framework/guide/development_guide/05_UnitTestGuide/01_ClassUnitTest/01_entityUnitTest/02_entityUnitTestWithNablarchValidation.rst","214","para","0","文字種と文字列長の単項目精査テストケース > テストメソッドの作成方法","","\"
"ja/development_tools/testing_framework/guide/development_guide/05_UnitTestGuide/01_ClassUnitTest/01_entityUnitTest/02_entityUnitTestWithNablarchValidation.rst","216","code","0","文字種と文字列長の単項目精査テストケース > テストメソッドの作成方法","java",""
"ja/development_tools/testing_framework/guide/development_guide/05_UnitTestGuide/01_ClassUnitTest/01_entityUnitTest/02_entityUnitTestWithNablarchValidation.rst","218","para","0","文字種と文字列長の単項目精査テストケース > テストメソッドの作成方法","","// 【説明】～前略～"
"ja/development_tools/testing_framework/guide/development_guide/05_UnitTestGuide/01_ClassUnitTest/01_entityUnitTest/02_entityUnitTestWithNablarchValidation.rst","220","para","0","文字種と文字列長の単項目精査テストケース > テストメソッドの作成方法","","public class SystemAccountEntityTest extends EntityTestSupport {"
"ja/development_tools/testing_framework/guide/development_guide/05_UnitTestGuide/01_ClassUnitTest/01_entityUnitTest/02_entityUnitTestWithNablarchValidation.rst","222","para","0","文字種と文字列長の単項目精査テストケース > テストメソッドの作成方法","","/** テスト対象エンティティクラス */ private static final Class<SystemAccountEntity> ENTITY_CLASS = SystemAccountEntity.class;"
"ja/development_tools/testing_framework/guide/development_guide/05_UnitTestGuide/01_ClassUnitTest/01_entityUnitTest/02_entityUnitTestWithNablarchValidation.rst","226","para","0","文字種と文字列長の単項目精査テストケース > テストメソッドの作成方法","","/** * 文字種および文字列長のテストケース */ @Test public void testCharsetAndLength() { // 【説明】テストデータを記載したシート名 String sheetName = ""testCharsetAndLength"";"
"ja/development_tools/testing_framework/guide/development_guide/05_UnitTestGuide/01_ClassUnitTest/01_entityUnitTest/02_entityUnitTestWithNablarchValidation.rst","234","para","0","文字種と文字列長の単項目精査テストケース > テストメソッドの作成方法","","// 【説明】テストデータのID String id = ""charsetAndLength"";"
"ja/development_tools/testing_framework/guide/development_guide/05_UnitTestGuide/01_ClassUnitTest/01_entityUnitTest/02_entityUnitTestWithNablarchValidation.rst","237","para","0","文字種と文字列長の単項目精査テストケース > テストメソッドの作成方法","","// 【説明】テスト実行 testValidateCharsetAndLength(ENTITY_CLASS, sheetName, id); }"
"ja/development_tools/testing_framework/guide/development_guide/05_UnitTestGuide/01_ClassUnitTest/01_entityUnitTest/02_entityUnitTestWithNablarchValidation.rst","242","para","0","文字種と文字列長の単項目精査テストケース > テストメソッドの作成方法","","// 【説明】～後略～"
"ja/development_tools/testing_framework/guide/development_guide/05_UnitTestGuide/01_ClassUnitTest/01_entityUnitTest/02_entityUnitTestWithNablarchValidation.rst","246","para","0","文字種と文字列長の単項目精査テストケース > テストメソッドの作成方法","","このメソッドを実行すると、テストデータの各行毎に以下の観点でテストが実行される。"
"ja/development_tools/testing_framework/guide/development_guide/05_UnitTestGuide/01_ClassUnitTest/01_entityUnitTest/02_entityUnitTestWithNablarchValidation.rst","248","table","0","文字種と文字列長の単項目精査テストケース > テストメソッドの作成方法","","観点 | 入力値 | 備考"
"ja/development_tools/testing_framework/guide/development_guide/05_UnitTestGuide/01_ClassUnitTest/01_entityUnitTest/02_entityUnitTestWithNablarchValidation.rst","289","heading","1","","その他の単項目精査のテストケース",""
"ja/development_tools/testing_framework/guide/development_guide/05_UnitTestGuide/01_ClassUnitTest/01_entityUnitTest/02_entityUnitTestWithNablarchValidation.rst","291","para","0","その他の単項目精査のテストケース","","前述の、文字種と文字列長の単項目精査テストケースを使用すれば\ 大部分の単項目精査がテストできるが、一部の精査についてはカバーできないものもある。 例えば、数値入力項目の範囲精査が挙げられる。"
"ja/development_tools/testing_framework/guide/development_guide/05_UnitTestGuide/01_ClassUnitTest/01_entityUnitTest/02_entityUnitTestWithNablarchValidation.rst","296","para","0","その他の単項目精査のテストケース","","このような単項目精査のテストについても、簡易にテストできる仕組みを用意している。 各プロパティについて、１つの入力値と期待するメッセージIDのペアを記述することで、 任意の値で単項目精査のテストができる。"
"ja/development_tools/testing_framework/guide/development_guide/05_UnitTestGuide/01_ClassUnitTest/01_entityUnitTest/02_entityUnitTestWithNablarchValidation.rst","301","admonition","0","その他の単項目精査のテストケース","tip","本テスト方法は、プロパティとして別のFormを保持するFormに対しては使用できない。その場合は、独自に精査処理のテストを実装すること。 プロパティとして別のF"
"ja/development_tools/testing_framework/guide/development_guide/05_UnitTestGuide/01_ClassUnitTest/01_entityUnitTest/02_entityUnitTestWithNablarchValidation.rst","305","code","0","その他の単項目精査のテストケース","none","<親Form>.<子Form>.<子フォームのプロパティ名>"
"ja/development_tools/testing_framework/guide/development_guide/05_UnitTestGuide/01_ClassUnitTest/01_entityUnitTest/02_entityUnitTestWithNablarchValidation.rst","311","heading","2","その他の単項目精査のテストケース","テストケース表の作成方法",""
"ja/development_tools/testing_framework/guide/development_guide/05_UnitTestGuide/01_ClassUnitTest/01_entityUnitTest/02_entityUnitTestWithNablarchValidation.rst","313","para","0","その他の単項目精査のテストケース > テストケース表の作成方法","","以下のカラムを用意する。"
"ja/development_tools/testing_framework/guide/development_guide/05_UnitTestGuide/01_ClassUnitTest/01_entityUnitTest/02_entityUnitTestWithNablarchValidation.rst","315","table","0","その他の単項目精査のテストケース > テストケース表の作成方法","","カラム名 | 記載内容"
"ja/development_tools/testing_framework/guide/development_guide/05_UnitTestGuide/01_ClassUnitTest/01_entityUnitTest/02_entityUnitTestWithNablarchValidation.rst","332","para","0","その他の単項目精査のテストケース > テストケース表の作成方法","","\"
"ja/development_tools/testing_framework/guide/development_guide/05_UnitTestGuide/01_ClassUnitTest/01_entityUnitTest/02_entityUnitTestWithNablarchValidation.rst","336","para","0","その他の単項目精査のテストケース > テストケース表の作成方法","","具体例を以下に示す。"
"ja/development_tools/testing_framework/guide/development_guide/05_UnitTestGuide/01_ClassUnitTest/01_entityUnitTest/02_entityUnitTestWithNablarchValidation.rst","338","figure","0","その他の単項目精査のテストケース > テストケース表の作成方法","","../_image/entityUnitTest_singleValidationDataExample.png"
"ja/development_tools/testing_framework/guide/development_guide/05_UnitTestGuide/01_ClassUnitTest/01_entityUnitTest/02_entityUnitTestWithNablarchValidation.rst","343","heading","2","その他の単項目精査のテストケース","テストメソッドの作成方法",""
"ja/development_tools/testing_framework/guide/development_guide/05_UnitTestGuide/01_ClassUnitTest/01_entityUnitTest/02_entityUnitTestWithNablarchValidation.rst","346","para","0","その他の単項目精査のテストケース > テストメソッドの作成方法","","スーパクラスの以下のメソッドを起動する。"
"ja/development_tools/testing_framework/guide/development_guide/05_UnitTestGuide/01_ClassUnitTest/01_entityUnitTest/02_entityUnitTestWithNablarchValidation.rst","348","code","0","その他の単項目精査のテストケース > テストメソッドの作成方法","java",""
"ja/development_tools/testing_framework/guide/development_guide/05_UnitTestGuide/01_ClassUnitTest/01_entityUnitTest/02_entityUnitTestWithNablarchValidation.rst","350","para","0","その他の単項目精査のテストケース > テストメソッドの作成方法","","void testSingleValidation(Class entityClass, String sheetName, String id)"
"ja/development_tools/testing_framework/guide/development_guide/05_UnitTestGuide/01_ClassUnitTest/01_entityUnitTest/02_entityUnitTestWithNablarchValidation.rst","355","code","0","その他の単項目精査のテストケース > テストメソッドの作成方法","java",""
"ja/development_tools/testing_framework/guide/development_guide/05_UnitTestGuide/01_ClassUnitTest/01_entityUnitTest/02_entityUnitTestWithNablarchValidation.rst","357","para","0","その他の単項目精査のテストケース > テストメソッドの作成方法","","// 【説明】～前略～"
"ja/development_tools/testing_framework/guide/development_guide/05_UnitTestGuide/01_ClassUnitTest/01_entityUnitTest/02_entityUnitTestWithNablarchValidation.rst","359","para","0","その他の単項目精査のテストケース > テストメソッドの作成方法","","public class SystemAccountEntityTest extends EntityTestSupport {"
"ja/development_tools/testing_framework/guide/development_guide/05_UnitTestGuide/01_ClassUnitTest/01_entityUnitTest/02_entityUnitTestWithNablarchValidation.rst","361","para","0","その他の単項目精査のテストケース > テストメソッドの作成方法","","/** テスト対象エンティティクラス */ private static final Class<SystemAccountEntity> ENTITY_CLASS = SystemAccountEntity.class;"
"ja/development_tools/testing_framework/guide/development_guide/05_UnitTestGuide/01_ClassUnitTest/01_entityUnitTest/02_entityUnitTestWithNablarchValidation.rst","364","para","0","その他の単項目精査のテストケース > テストメソッドの作成方法","","/** * 文字種および文字列長の単項目精査テストケース */ // 【説明】～中略～"
"ja/development_tools/testing_framework/guide/development_guide/05_UnitTestGuide/01_ClassUnitTest/01_entityUnitTest/02_entityUnitTestWithNablarchValidation.rst","369","para","0","その他の単項目精査のテストケース > テストメソッドの作成方法","","/** * 単項目精査のテストケース（上記以外） */ @Test public void testSingleValidation() { String sheetName = ""testSingleValidation""; String id = ""singleValidation""; testSingleVali"
"ja/development_tools/testing_framework/guide/development_guide/05_UnitTestGuide/01_ClassUnitTest/01_entityUnitTest/02_entityUnitTestWithNablarchValidation.rst","380","para","0","その他の単項目精査のテストケース > テストメソッドの作成方法","","// 【説明】～後略～"
"ja/development_tools/testing_framework/guide/development_guide/05_UnitTestGuide/01_ClassUnitTest/01_entityUnitTest/02_entityUnitTestWithNablarchValidation.rst","384","heading","1","","バリデーションメソッドのテストケース",""
"ja/development_tools/testing_framework/guide/development_guide/05_UnitTestGuide/01_ClassUnitTest/01_entityUnitTest/02_entityUnitTestWithNablarchValidation.rst","386","para","0","バリデーションメソッドのテストケース","","上記までの単項目精査のテストでは、エンティティのセッターメソッドに付与されたアノテーションが\ 正しいかテストされ、エンティティに実装したバリデーションメソッド\ [#]_\ は実行されていない。"
"ja/development_tools/testing_framework/guide/development_guide/05_UnitTestGuide/01_ClassUnitTest/01_entityUnitTest/02_entityUnitTestWithNablarchValidation.rst","389","para","0","バリデーションメソッドのテストケース","","その為、独自のバリデーションメソッドをエンティティに実装した場合は、 別途テストを作成する必要がある。"
"ja/development_tools/testing_framework/guide/development_guide/05_UnitTestGuide/01_ClassUnitTest/01_entityUnitTest/02_entityUnitTestWithNablarchValidation.rst","398","heading","2","バリデーションメソッドのテストケース","テストケース表の作成",""
"ja/development_tools/testing_framework/guide/development_guide/05_UnitTestGuide/01_ClassUnitTest/01_entityUnitTest/02_entityUnitTestWithNablarchValidation.rst","400","para","0","バリデーションメソッドのテストケース > テストケース表の作成","","* IDは""testShots""固定とする。 * 以下のカラムを用意する。"
"ja/development_tools/testing_framework/guide/development_guide/05_UnitTestGuide/01_ClassUnitTest/01_entityUnitTest/02_entityUnitTestWithNablarchValidation.rst","403","para","0","バリデーションメソッドのテストケース > テストケース表の作成","","+---------------------------------+-----------------------------------------------+ | カラム名                        | 記載内容                                      | "
"ja/development_tools/testing_framework/guide/development_guide/05_UnitTestGuide/01_ClassUnitTest/01_entityUnitTest/02_entityUnitTestWithNablarchValidation.rst","418","para","0","バリデーションメソッドのテストケース > テストケース表の作成","","* 入力パラメータ表の作成"
"ja/development_tools/testing_framework/guide/development_guide/05_UnitTestGuide/01_ClassUnitTest/01_entityUnitTest/02_entityUnitTestWithNablarchValidation.rst","420","para","0","バリデーションメソッドのテストケース > テストケース表の作成","","* IDは""params""固定とする。 * 上記のテストケース表に対応する、入力パラメータ\ [#]_ \を1行ずつ記載する。"
"ja/development_tools/testing_framework/guide/development_guide/05_UnitTestGuide/01_ClassUnitTest/01_entityUnitTest/02_entityUnitTestWithNablarchValidation.rst","423","para","0","バリデーションメソッドのテストケース > テストケース表の作成","","\"
"ja/development_tools/testing_framework/guide/development_guide/05_UnitTestGuide/01_ClassUnitTest/01_entityUnitTest/02_entityUnitTestWithNablarchValidation.rst","425","para","0","バリデーションメソッドのテストケース > テストケース表の作成","",".. [#] \ :ref:`special_notation_in_cell`\ の記法を使用することで、効率的に入力値を作成できる。"
"ja/development_tools/testing_framework/guide/development_guide/05_UnitTestGuide/01_ClassUnitTest/01_entityUnitTest/02_entityUnitTestWithNablarchValidation.rst","427","para","0","バリデーションメソッドのテストケース > テストケース表の作成","","\"
"ja/development_tools/testing_framework/guide/development_guide/05_UnitTestGuide/01_ClassUnitTest/01_entityUnitTest/02_entityUnitTestWithNablarchValidation.rst","429","para","0","バリデーションメソッドのテストケース > テストケース表の作成","","具体例を以下に示す。"
"ja/development_tools/testing_framework/guide/development_guide/05_UnitTestGuide/01_ClassUnitTest/01_entityUnitTest/02_entityUnitTestWithNablarchValidation.rst","431","figure","0","バリデーションメソッドのテストケース > テストケース表の作成","","../_image/entityUnitTest_validationTestData.png"
"ja/development_tools/testing_framework/guide/development_guide/05_UnitTestGuide/01_ClassUnitTest/01_entityUnitTest/02_entityUnitTestWithNablarchValidation.rst","437","heading","2","バリデーションメソッドのテストケース","テストケース、テストデータの作成",""
"ja/development_tools/testing_framework/guide/development_guide/05_UnitTestGuide/01_ClassUnitTest/01_entityUnitTest/02_entityUnitTestWithNablarchValidation.rst","444","heading","3","バリデーションメソッドのテストケース > テストケース、テストデータの作成","精査対象確認",""
"ja/development_tools/testing_framework/guide/development_guide/05_UnitTestGuide/01_ClassUnitTest/01_entityUnitTest/02_entityUnitTestWithNablarchValidation.rst","446","para","0","バリデーションメソッドのテストケース > テストケース、テストデータの作成 > 精査対象確認","","精査対象のプロパティを指定(\ :ref:`nablarch_validation`\ 参照)した場合、\ その指定が正しいかどうか確認するケースを作成する。"
"ja/development_tools/testing_framework/guide/development_guide/05_UnitTestGuide/01_ClassUnitTest/01_entityUnitTest/02_entityUnitTestWithNablarchValidation.rst","450","para","0","バリデーションメソッドのテストケース > テストケース、テストデータの作成 > 精査対象確認","","全てのプロパティに対して、おのおの単項目精査でエラーとなるデータを用意する。\ 精査対象プロパティの指定が正しければ、精査対象のプロパティだけが単項目精査になるはずである。\ よって、期待値として、全精査対象プロパティ名と、各プロパティ単項目精査エラー時のメッセージIDを記載する。\"
"ja/development_tools/testing_framework/guide/development_guide/05_UnitTestGuide/01_ClassUnitTest/01_entityUnitTest/02_entityUnitTestWithNablarchValidation.rst","455","admonition","0","バリデーションメソッドのテストケース > テストケース、テストデータの作成 > 精査対象確認","tip",""
"ja/development_tools/testing_framework/guide/development_guide/05_UnitTestGuide/01_ClassUnitTest/01_entityUnitTest/02_entityUnitTestWithNablarchValidation.rst","456","para","0","バリデーションメソッドのテストケース > テストケース、テストデータの作成 > 精査対象確認","","精査対象プロパティが誤って精査対象から漏れていた場合、\ 期待したメッセージが出力されない為、メッセージIDのアサートが失敗する。\ また、精査対象でないプロパティが誤って精査対象となっていた場合は、\ 入力値が不正により単項目精査が失敗し、予期しないメッセージが出力される。\ これにより、精査対象の誤りを検知できる。"
"ja/development_tools/testing_framework/guide/development_guide/05_UnitTestGuide/01_ClassUnitTest/01_entityUnitTest/02_entityUnitTestWithNablarchValidation.rst","463","para","0","バリデーションメソッドのテストケース > テストケース、テストデータの作成 > 精査対象確認","","テストケース表には、全精査対象プロパティのプロパティ名と、\ そのプロパティ単項目精査エラーメッセージIDを記載する。"
"ja/development_tools/testing_framework/guide/development_guide/05_UnitTestGuide/01_ClassUnitTest/01_entityUnitTest/02_entityUnitTestWithNablarchValidation.rst","466","figure","0","バリデーションメソッドのテストケース > テストケース、テストデータの作成 > 精査対象確認","","../_image/entityUnitTest_ValidationPropTestCases.png"
"ja/development_tools/testing_framework/guide/development_guide/05_UnitTestGuide/01_ClassUnitTest/01_entityUnitTest/02_entityUnitTestWithNablarchValidation.rst","470","para","0","バリデーションメソッドのテストケース > テストケース、テストデータの作成 > 精査対象確認","","入力パラメータ表には、全てのプロパティに対してそれぞれ単項目精査エラーとなる値を記載する。"
"ja/development_tools/testing_framework/guide/development_guide/05_UnitTestGuide/01_ClassUnitTest/01_entityUnitTest/02_entityUnitTestWithNablarchValidation.rst","473","figure","0","バリデーションメソッドのテストケース > テストケース、テストデータの作成 > 精査対象確認","","../_image/entityUnitTest_ValidationPropParams.png"
"ja/development_tools/testing_framework/guide/development_guide/05_UnitTestGuide/01_ClassUnitTest/01_entityUnitTest/02_entityUnitTestWithNablarchValidation.rst","477","admonition","0","バリデーションメソッドのテストケース > テストケース、テストデータの作成 > 精査対象確認","tip","Form単体テストのテストケースやテストデータを作成する際、\ **プロパティに保持している別のFormのプロパティ** を指定したいことがある。\ この場合、"
"ja/development_tools/testing_framework/guide/development_guide/05_UnitTestGuide/01_ClassUnitTest/01_entityUnitTest/02_entityUnitTestWithNablarchValidation.rst","485","code","0","バリデーションメソッドのテストケース > テストケース、テストデータの作成 > 精査対象確認","java","public class SampleForm {"
"ja/development_tools/testing_framework/guide/development_guide/05_UnitTestGuide/01_ClassUnitTest/01_entityUnitTest/02_entityUnitTestWithNablarchValidation.rst","489","para","0","バリデーションメソッドのテストケース > テストケース、テストデータの作成 > 精査対象確認","","/** システムユーザ */ private SystemUserEntity systemUser;"
"ja/development_tools/testing_framework/guide/development_guide/05_UnitTestGuide/01_ClassUnitTest/01_entityUnitTest/02_entityUnitTestWithNablarchValidation.rst","492","para","0","バリデーションメソッドのテストケース > テストケース、テストデータの作成 > 精査対象確認","","/** 電話番号配列 */ private UserTelEntity[] userTelArray;"
"ja/development_tools/testing_framework/guide/development_guide/05_UnitTestGuide/01_ClassUnitTest/01_entityUnitTest/02_entityUnitTestWithNablarchValidation.rst","495","para","0","バリデーションメソッドのテストケース > テストケース、テストデータの作成 > 精査対象確認","","// 【説明】プロパティ以外は省略"
"ja/development_tools/testing_framework/guide/development_guide/05_UnitTestGuide/01_ClassUnitTest/01_entityUnitTest/02_entityUnitTestWithNablarchValidation.rst","497","para","0","バリデーションメソッドのテストケース > テストケース、テストデータの作成 > 精査対象確認","","}"
"ja/development_tools/testing_framework/guide/development_guide/05_UnitTestGuide/01_ClassUnitTest/01_entityUnitTest/02_entityUnitTestWithNablarchValidation.rst","499","para","0","バリデーションメソッドのテストケース > テストケース、テストデータの作成 > 精査対象確認","","* 保持しているFormのプロパティを指定する方法(SystemUserEntity.userIdを指定する場合)"
"ja/development_tools/testing_framework/guide/development_guide/05_UnitTestGuide/01_ClassUnitTest/01_entityUnitTest/02_entityUnitTestWithNablarchValidation.rst","501","code","0","バリデーションメソッドのテストケース > テストケース、テストデータの作成 > 精査対象確認","none","sampleForm.systemUser.userId"
"ja/development_tools/testing_framework/guide/development_guide/05_UnitTestGuide/01_ClassUnitTest/01_entityUnitTest/02_entityUnitTestWithNablarchValidation.rst","505","para","0","バリデーションメソッドのテストケース > テストケース、テストデータの作成 > 精査対象確認","","* Form配列の要素のプロパティを指定する方法(UserTelEntity配列の先頭要素のプロパティを指定する場合)"
"ja/development_tools/testing_framework/guide/development_guide/05_UnitTestGuide/01_ClassUnitTest/01_entityUnitTest/02_entityUnitTestWithNablarchValidation.rst","507","code","0","バリデーションメソッドのテストケース > テストケース、テストデータの作成 > 精査対象確認","none","sampleForm.userTelArray[0].telNoArea"
"ja/development_tools/testing_framework/guide/development_guide/05_UnitTestGuide/01_ClassUnitTest/01_entityUnitTest/02_entityUnitTestWithNablarchValidation.rst","514","heading","3","バリデーションメソッドのテストケース > テストケース、テストデータの作成","項目間精査など",""
"ja/development_tools/testing_framework/guide/development_guide/05_UnitTestGuide/01_ClassUnitTest/01_entityUnitTest/02_entityUnitTestWithNablarchValidation.rst","516","para","0","バリデーションメソッドのテストケース > テストケース、テストデータの作成 > 項目間精査など","","項目間精査など、バリデーションメソッドの\ :ref:`entityUnitTest_ValidationMethodSpecifyNormal`\ で行った精査対象指定以外の動作確認を行うケースを作成する。"
"ja/development_tools/testing_framework/guide/development_guide/05_UnitTestGuide/01_ClassUnitTest/01_entityUnitTest/02_entityUnitTestWithNablarchValidation.rst","519","para","0","バリデーションメソッドのテストケース > テストケース、テストデータの作成 > 項目間精査など","","下図では、""newPasswordとconfirmPasswordが等しいこと""というバリデーションメソッドに対する正常系のケースを作成している。"
"ja/development_tools/testing_framework/guide/development_guide/05_UnitTestGuide/01_ClassUnitTest/01_entityUnitTest/02_entityUnitTestWithNablarchValidation.rst","521","figure","0","バリデーションメソッドのテストケース > テストケース、テストデータの作成 > 項目間精査など","","../_image/entityUnitTest_RelationalValidation.png"
"ja/development_tools/testing_framework/guide/development_guide/05_UnitTestGuide/01_ClassUnitTest/01_entityUnitTest/02_entityUnitTestWithNablarchValidation.rst","526","heading","2","バリデーションメソッドのテストケース","テストメソッドの作成方法",""
"ja/development_tools/testing_framework/guide/development_guide/05_UnitTestGuide/01_ClassUnitTest/01_entityUnitTest/02_entityUnitTestWithNablarchValidation.rst","528","para","0","バリデーションメソッドのテストケース > テストメソッドの作成方法","","これまでに作成したテストケース、データを使用するテストメソッドを以下に示す。\ 下記コードの変数内容を変更するだけで、異なるEntityの精査のテストに対応できる。"
"ja/development_tools/testing_framework/guide/development_guide/05_UnitTestGuide/01_ClassUnitTest/01_entityUnitTest/02_entityUnitTestWithNablarchValidation.rst","531","code","0","バリデーションメソッドのテストケース > テストメソッドの作成方法","java","// ～前略～
/** テスト対象エンティティクラス */
private static final Class<SystemAccountEntity> ENTITY_CLASS = SystemAccountEntity.class;"
"ja/development_tools/testing_framework/guide/development_guide/05_UnitTestGuide/01_ClassUnitTest/01_entityUnitTest/02_entityUnitTestWithNablarchValidation.rst","550","para","0","バリデーションメソッドのテストケース > テストメソッドの作成方法","","// ～後略～"
"ja/development_tools/testing_framework/guide/development_guide/05_UnitTestGuide/01_ClassUnitTest/01_entityUnitTest/02_entityUnitTestWithNablarchValidation.rst","557","heading","1","","コンストラクタに対するテストケース",""
"ja/development_tools/testing_framework/guide/development_guide/05_UnitTestGuide/01_ClassUnitTest/01_entityUnitTest/02_entityUnitTestWithNablarchValidation.rst","559","para","0","コンストラクタに対するテストケース","","Nablarch Validationで入力値チェックを実施しているEntityには、 :ref:`nablarch_validation-execute` に記載の通り ``Map<String, Object>`` を引数にとるコンストラクタが実装されており、このコンストラクタに対するテストを作成する必要がある。"
"ja/development_tools/testing_framework/guide/development_guide/05_UnitTestGuide/01_ClassUnitTest/01_entityUnitTest/02_entityUnitTestWithNablarchValidation.rst","562","para","0","コンストラクタに対するテストケース","","コンストラクタに対するテストでは、引数に指定した値が、正しくプロパティに設定されているかを確認するケースを作成する。\ このとき対象となるプロパティは、Entityに定義されている全てのプロパティである。\ テストデータには、プロパティ名とそれに設定するデータと期待値(getterで取得した値と比較するデータ)を用意す"
"ja/development_tools/testing_framework/guide/development_guide/05_UnitTestGuide/01_ClassUnitTest/01_entityUnitTest/02_entityUnitTestWithNablarchValidation.rst","566","para","0","コンストラクタに対するテストケース","","下図では、以下のように各プロパティに値を指定している。 テストでは、コンストラクタにこれらの値の組み合わせを与えたとき、各プロパティに指定した値が設定されているか(getterを呼び出して、想定通りの値が取得できるか)確認している。"
"ja/development_tools/testing_framework/guide/development_guide/05_UnitTestGuide/01_ClassUnitTest/01_entityUnitTest/02_entityUnitTestWithNablarchValidation.rst","569","para","0","コンストラクタに対するテストケース","","実際のテストコードでは、コンストラクタへの値の設定及び値の確認は、自動テストフレームワークで提供されるメソッド内で行われる。 詳細は、 :ref:`テストコード<test-constructor-java-label>` を参照すること。"
"ja/development_tools/testing_framework/guide/development_guide/05_UnitTestGuide/01_ClassUnitTest/01_entityUnitTest/02_entityUnitTestWithNablarchValidation.rst","573","admonition","0","コンストラクタに対するテストケース","tip","Entityは自動生成されるため、アプリケーションで使用されないコンストラクタが生成される可能性がある。\ その場合リクエスト単体テストではテストできないため、"
"ja/development_tools/testing_framework/guide/development_guide/05_UnitTestGuide/01_ClassUnitTest/01_entityUnitTest/02_entityUnitTestWithNablarchValidation.rst","583","heading","2","コンストラクタに対するテストケース","Excelへの定義",""
"ja/development_tools/testing_framework/guide/development_guide/05_UnitTestGuide/01_ClassUnitTest/01_entityUnitTest/02_entityUnitTestWithNablarchValidation.rst","584","figure","0","コンストラクタに対するテストケース > Excelへの定義","","../_image/entityUnitTest_Constructor.png"
"ja/development_tools/testing_framework/guide/development_guide/05_UnitTestGuide/01_ClassUnitTest/01_entityUnitTest/02_entityUnitTestWithNablarchValidation.rst","587","para","0","コンストラクタに対するテストケース > Excelへの定義","","上記設定値のテスト内容(抜粋)"
"ja/development_tools/testing_framework/guide/development_guide/05_UnitTestGuide/01_ClassUnitTest/01_entityUnitTest/02_entityUnitTestWithNablarchValidation.rst","589","table","0","コンストラクタに対するテストケース > Excelへの定義","","プロパティ | コンストラクタに設定する値 | 期待値(getterから取得される値"
"ja/development_tools/testing_framework/guide/development_guide/05_UnitTestGuide/01_ClassUnitTest/01_entityUnitTest/02_entityUnitTestWithNablarchValidation.rst","599","para","0","コンストラクタに対するテストケース > Excelへの定義","","このデータを使用するテストメソッドを以下に示す。"
"ja/development_tools/testing_framework/guide/development_guide/05_UnitTestGuide/01_ClassUnitTest/01_entityUnitTest/02_entityUnitTestWithNablarchValidation.rst","601","code","0","コンストラクタに対するテストケース > Excelへの定義","java",""
"ja/development_tools/testing_framework/guide/development_guide/05_UnitTestGuide/01_ClassUnitTest/01_entityUnitTest/02_entityUnitTestWithNablarchValidation.rst","603","para","0","コンストラクタに対するテストケース > Excelへの定義","","// 【説明】～前略～"
"ja/development_tools/testing_framework/guide/development_guide/05_UnitTestGuide/01_ClassUnitTest/01_entityUnitTest/02_entityUnitTestWithNablarchValidation.rst","605","para","0","コンストラクタに対するテストケース > Excelへの定義","","public class SystemAccountEntityTest extends EntityTestSupport {"
"ja/development_tools/testing_framework/guide/development_guide/05_UnitTestGuide/01_ClassUnitTest/01_entityUnitTest/02_entityUnitTestWithNablarchValidation.rst","607","para","0","コンストラクタに対するテストケース > Excelへの定義","","/** コンストラクタのテスト */ @Test public void testConstructor() { Class<?> entityClass = SystemAccountEntity.class; String sheetName = ""testAccessor""; String id = ""testC"
"ja/development_tools/testing_framework/guide/development_guide/05_UnitTestGuide/01_ClassUnitTest/01_entityUnitTest/02_entityUnitTestWithNablarchValidation.rst","616","para","0","コンストラクタに対するテストケース > Excelへの定義","","}"
"ja/development_tools/testing_framework/guide/development_guide/05_UnitTestGuide/01_ClassUnitTest/01_entityUnitTest/02_entityUnitTestWithNablarchValidation.rst","621","admonition","0","コンストラクタに対するテストケース > Excelへの定義","tip",""
"ja/development_tools/testing_framework/guide/development_guide/05_UnitTestGuide/01_ClassUnitTest/01_entityUnitTest/02_entityUnitTestWithNablarchValidation.rst","623","para","0","コンストラクタに対するテストケース > Excelへの定義","","testConstructorAndGetterでテスト可能なプロパティの型(クラス)には制限がある。 下記型(クラス)に該当しない場合には、各テストクラスにてコンストラクタとgetterを明示的に呼び出してテストする必要がある。"
"ja/development_tools/testing_framework/guide/development_guide/05_UnitTestGuide/01_ClassUnitTest/01_entityUnitTest/02_entityUnitTestWithNablarchValidation.rst","627","para","0","コンストラクタに対するテストケース > Excelへの定義","","* String及び、String配列 * BigDecimal及び、BigDecimal配列 * java.util.Date及び、java.util.Date配列(Excelへはyyyy-MM-dd形式もしくはyyyy-MM-dd HH:mm:ss形式で記述すること) * valueOf(String)メソッドを持"
"ja/development_tools/testing_framework/guide/development_guide/05_UnitTestGuide/01_ClassUnitTest/01_entityUnitTest/02_entityUnitTestWithNablarchValidation.rst","632","para","0","コンストラクタに対するテストケース > Excelへの定義","","以下に、個別のテスト実施方法の例を示す。 この例では、Formが ``List<String>`` 型のプロパティ ``users`` を持っているとしている。"
"ja/development_tools/testing_framework/guide/development_guide/05_UnitTestGuide/01_ClassUnitTest/01_entityUnitTest/02_entityUnitTestWithNablarchValidation.rst","636","para","0","コンストラクタに対するテストケース > Excelへの定義","","* Excelへのデータ記述例"
"ja/development_tools/testing_framework/guide/development_guide/05_UnitTestGuide/01_ClassUnitTest/01_entityUnitTest/02_entityUnitTestWithNablarchValidation.rst","638","figure","0","コンストラクタに対するテストケース > Excelへの定義","","../_image/entityUnitTest_ConstructorOther.png"
"ja/development_tools/testing_framework/guide/development_guide/05_UnitTestGuide/01_ClassUnitTest/01_entityUnitTest/02_entityUnitTestWithNablarchValidation.rst","643","para","0","コンストラクタに対するテストケース > Excelへの定義","","* テストコード例"
"ja/development_tools/testing_framework/guide/development_guide/05_UnitTestGuide/01_ClassUnitTest/01_entityUnitTest/02_entityUnitTestWithNablarchValidation.rst","645","code","0","コンストラクタに対するテストケース > Excelへの定義","java","/** コンストラクタのテスト */
@Test
public void testConstructor() {"
"ja/development_tools/testing_framework/guide/development_guide/05_UnitTestGuide/01_ClassUnitTest/01_entityUnitTest/02_entityUnitTestWithNablarchValidation.rst","680","heading","1","","setter、getterに対するテストケース",""
"ja/development_tools/testing_framework/guide/development_guide/05_UnitTestGuide/01_ClassUnitTest/01_entityUnitTest/02_entityUnitTestWithNablarchValidation.rst","682","para","0","setter、getterに対するテストケース","",":ref:`entityUnitTest_SetterGetterCase_BeanValidation` を参照。"
"ja/development_tools/testing_framework/guide/development_guide/05_UnitTestGuide/01_ClassUnitTest/01_entityUnitTest/02_entityUnitTestWithNablarchValidation.rst","684","para","0","setter、getterに対するテストケース","","\"
"ja/development_tools/testing_framework/guide/development_guide/05_UnitTestGuide/01_ClassUnitTest/01_entityUnitTest/02_entityUnitTestWithNablarchValidation.rst","689","heading","1","","自動テストフレームワーク設定値",""
"ja/development_tools/testing_framework/guide/development_guide/05_UnitTestGuide/01_ClassUnitTest/01_entityUnitTest/02_entityUnitTestWithNablarchValidation.rst","691","para","0","自動テストフレームワーク設定値","",":ref:`entityUnitTest_ValidationCase`\ を実施する際に必要な初期値設定について説明する。"
"ja/development_tools/testing_framework/guide/development_guide/05_UnitTestGuide/01_ClassUnitTest/01_entityUnitTest/02_entityUnitTestWithNablarchValidation.rst","695","heading","2","自動テストフレームワーク設定値","設定項目一覧",""
"ja/development_tools/testing_framework/guide/development_guide/05_UnitTestGuide/01_ClassUnitTest/01_entityUnitTest/02_entityUnitTestWithNablarchValidation.rst","697","para","0","自動テストフレームワーク設定値 > 設定項目一覧","","``nablarch.test.core.entity.EntityTestConfiguration``\ クラスを使用し、\ 以下の値をコンポーネント設定ファイルで設定する（全項目必須）。"
"ja/development_tools/testing_framework/guide/development_guide/05_UnitTestGuide/01_ClassUnitTest/01_entityUnitTest/02_entityUnitTestWithNablarchValidation.rst","700","table","0","自動テストフレームワーク設定値 > 設定項目一覧","","設定項目名 | 説明"
"ja/development_tools/testing_framework/guide/development_guide/05_UnitTestGuide/01_ClassUnitTest/01_entityUnitTest/02_entityUnitTestWithNablarchValidation.rst","717","para","0","自動テストフレームワーク設定値 > 設定項目一覧","","``nablarch.test.core.util.generator.CharacterGenerator``\ の実装クラスを指定する。 このクラスがテスト用の入力値を生成する。 通常は、\ ``nablarch.test.core.util.generator.BasicJapaneseCharacterGene"
"ja/development_tools/testing_framework/guide/development_guide/05_UnitTestGuide/01_ClassUnitTest/01_entityUnitTest/02_entityUnitTestWithNablarchValidation.rst","722","para","0","自動テストフレームワーク設定値 > 設定項目一覧","","設定するメッセージIDは、バリデータの設定値と合致させる。"
"ja/development_tools/testing_framework/guide/development_guide/05_UnitTestGuide/01_ClassUnitTest/01_entityUnitTest/02_entityUnitTestWithNablarchValidation.rst","724","para","0","自動テストフレームワーク設定値 > 設定項目一覧","","（以下の記述例を参照）"
"ja/development_tools/testing_framework/guide/development_guide/05_UnitTestGuide/01_ClassUnitTest/01_entityUnitTest/02_entityUnitTestWithNablarchValidation.rst","728","heading","2","自動テストフレームワーク設定値","コンポーネント設定ファイルの記述例",""
"ja/development_tools/testing_framework/guide/development_guide/05_UnitTestGuide/01_ClassUnitTest/01_entityUnitTest/02_entityUnitTestWithNablarchValidation.rst","730","para","0","自動テストフレームワーク設定値 > コンポーネント設定ファイルの記述例","","以下の設定値を使用する場合のコンポーネント設定ファイル記述例を示す。"
"ja/development_tools/testing_framework/guide/development_guide/05_UnitTestGuide/01_ClassUnitTest/01_entityUnitTest/02_entityUnitTestWithNablarchValidation.rst","732","para","0","自動テストフレームワーク設定値 > コンポーネント設定ファイルの記述例","","**【精査クラスのコンポーネント設定ファイル】**"
"ja/development_tools/testing_framework/guide/development_guide/05_UnitTestGuide/01_ClassUnitTest/01_entityUnitTest/02_entityUnitTestWithNablarchValidation.rst","734","code","0","自動テストフレームワーク設定値 > コンポーネント設定ファイルの記述例","xml","<property name=""validators"">
<list>
<component class=""nablarch.core.validation.validator.RequiredValidator"">"
"ja/development_tools/testing_framework/guide/development_guide/05_UnitTestGuide/01_ClassUnitTest/01_entityUnitTest/02_entityUnitTestWithNablarchValidation.rst","750","para","0","自動テストフレームワーク設定値 > コンポーネント設定ファイルの記述例","","**【テストのコンポーネント設定ファイル】**"
"ja/development_tools/testing_framework/guide/development_guide/05_UnitTestGuide/01_ClassUnitTest/01_entityUnitTest/02_entityUnitTestWithNablarchValidation.rst","752","code","0","自動テストフレームワーク設定値 > コンポーネント設定ファイルの記述例","xml",""
"ja/development_tools/testing_framework/guide/development_guide/05_UnitTestGuide/01_ClassUnitTest/01_entityUnitTest/02_entityUnitTestWithNablarchValidation.rst","754","para","0","自動テストフレームワーク設定値 > コンポーネント設定ファイルの記述例","","<!-- エンティティテスト設定 --> <component name=""entityTestConfiguration"" class=""nablarch.test.core.entity.EntityTestConfiguration""> <property name=""maxMessageId""        v"
"ja/development_tools/testing_framework/guide/development_guide/05_UnitTestGuide/01_ClassUnitTest/01_entityUnitTest/index.rst","5","heading","1","","Form/Entityの単体テスト",""
"ja/development_tools/testing_framework/guide/development_guide/05_UnitTestGuide/01_ClassUnitTest/01_entityUnitTest/index.rst","7","toctree","0","Form/Entityの単体テスト","toctree","01_entityUnitTestWithBeanValidation;02_entityUnitTestWithNablarchValidation"
"ja/development_tools/testing_framework/guide/development_guide/05_UnitTestGuide/02_RequestUnitTest/batch.rst","5","heading","1","","リクエスト単体テストの実施方法(バッチ)",""
"ja/development_tools/testing_framework/guide/development_guide/05_UnitTestGuide/02_RequestUnitTest/batch.rst","9","heading","2","リクエスト単体テストの実施方法(バッチ)","テストクラスの書き方",""
"ja/development_tools/testing_framework/guide/development_guide/05_UnitTestGuide/02_RequestUnitTest/batch.rst","11","para","0","リクエスト単体テストの実施方法(バッチ) > テストクラスの書き方","","テストクラスは以下の条件を満たすように作成する。"
"ja/development_tools/testing_framework/guide/development_guide/05_UnitTestGuide/02_RequestUnitTest/batch.rst","13","para","0","リクエスト単体テストの実施方法(バッチ) > テストクラスの書き方","","* テストクラスのパッケージは、テスト対象のActionクラスと同じとする。 * <Actionクラス名>RequestTestというクラス名でテストクラスを作成する。 * \ ``nablarch.test.core.batch.BatchRequestTestSupport``\ を継承する。"
"ja/development_tools/testing_framework/guide/development_guide/05_UnitTestGuide/02_RequestUnitTest/batch.rst","17","para","0","リクエスト単体テストの実施方法(バッチ) > テストクラスの書き方","","例えば、テスト対象のActionクラスが、\ ``nablarch.sample.ss21AA.RM21AA001Action``\ だとすると、\ テストクラスは以下のようになる。"
"ja/development_tools/testing_framework/guide/development_guide/05_UnitTestGuide/02_RequestUnitTest/batch.rst","20","code","0","リクエスト単体テストの実施方法(バッチ) > テストクラスの書き方","java",""
"ja/development_tools/testing_framework/guide/development_guide/05_UnitTestGuide/02_RequestUnitTest/batch.rst","22","para","0","リクエスト単体テストの実施方法(バッチ) > テストクラスの書き方","","package nablarch.sample.ss21AA;"
"ja/development_tools/testing_framework/guide/development_guide/05_UnitTestGuide/02_RequestUnitTest/batch.rst","24","para","0","リクエスト単体テストの実施方法(バッチ) > テストクラスの書き方","","// ～中略～"
"ja/development_tools/testing_framework/guide/development_guide/05_UnitTestGuide/02_RequestUnitTest/batch.rst","26","para","0","リクエスト単体テストの実施方法(バッチ) > テストクラスの書き方","","public class RM21AA001ActionRequestTest extends BatchRequestTestSupport {"
"ja/development_tools/testing_framework/guide/development_guide/05_UnitTestGuide/02_RequestUnitTest/batch.rst","32","heading","2","リクエスト単体テストの実施方法(バッチ)","テストメソッド分割",""
"ja/development_tools/testing_framework/guide/development_guide/05_UnitTestGuide/02_RequestUnitTest/batch.rst","34","para","0","リクエスト単体テストの実施方法(バッチ) > テストメソッド分割","","１テストケースにつき１テストメソッドを原則とする。 以下の手順により、作成するテストメソッドを決定する。"
"ja/development_tools/testing_framework/guide/development_guide/05_UnitTestGuide/02_RequestUnitTest/batch.rst","37","para","0","リクエスト単体テストの実施方法(バッチ) > テストメソッド分割","","* 原則として、１つのテストケースに対して１つのテストメソッドを作成する。 * 例外として、複数ケースをまとめて記述した方が効率が良い場合は、複数テストケースを１テストメソッドで行うことを検討する。"
"ja/development_tools/testing_framework/guide/development_guide/05_UnitTestGuide/02_RequestUnitTest/batch.rst","40","para","0","リクエスト単体テストの実施方法(バッチ) > テストメソッド分割","","バッチ処理では複数のレコードを１度に扱うので、テストデータが比較的多くなる。\ １テストメソッドに複数のテストケースを記述すると、１つのシートに大量のテストデータを記載することになり、\ 可読性、保守性が低下してしまう。このため原則１テストケース１テストメソッドとしている。"
"ja/development_tools/testing_framework/guide/development_guide/05_UnitTestGuide/02_RequestUnitTest/batch.rst","44","para","0","リクエスト単体テストの実施方法(バッチ) > テストメソッド分割","","しかし、複数テストケースをまとめて記載したほうが効率が良い場合がある。\ この場合複数ケースをまとめて記述することを検討する。"
"ja/development_tools/testing_framework/guide/development_guide/05_UnitTestGuide/02_RequestUnitTest/batch.rst","47","para","0","リクエスト単体テストの実施方法(バッチ) > テストメソッド分割","","* テストケース間の関連が強く、シートを分割することにより可読性が劣化する場合。（例：入力ファイルのフォーマットチェックのテストケース）"
"ja/development_tools/testing_framework/guide/development_guide/05_UnitTestGuide/02_RequestUnitTest/batch.rst","50","para","0","リクエスト単体テストの実施方法(バッチ) > テストメソッド分割","","* テストデータが少量であるため、１シートに記述しても可読性、保守性に影響しない。"
"ja/development_tools/testing_framework/guide/development_guide/05_UnitTestGuide/02_RequestUnitTest/batch.rst","55","heading","2","リクエスト単体テストの実施方法(バッチ)","テストデータの書き方",""
"ja/development_tools/testing_framework/guide/development_guide/05_UnitTestGuide/02_RequestUnitTest/batch.rst","57","para","0","リクエスト単体テストの実施方法(バッチ) > テストデータの書き方","","テストデータを記載したテストデータファイルは、クラス単体テストと同様に\ テストソースコードと同じディレクトリに同じ名前で格納する（拡張子のみ異なる）。"
"ja/development_tools/testing_framework/guide/development_guide/05_UnitTestGuide/02_RequestUnitTest/batch.rst","60","para","0","リクエスト単体テストの実施方法(バッチ) > テストデータの書き方","","テストデータの記述方法詳細については、「\ :ref:`how_to_write_excel`\ 」を参照。"
"ja/development_tools/testing_framework/guide/development_guide/05_UnitTestGuide/02_RequestUnitTest/batch.rst","62","para","0","リクエスト単体テストの実施方法(バッチ) > テストデータの書き方","","YAML 形式でのテストデータの書き方は :ref:`ntf_testdata` を参照。"
"ja/development_tools/testing_framework/guide/development_guide/05_UnitTestGuide/02_RequestUnitTest/batch.rst","66","heading","1","","テストクラスで共通のデータベース初期値",""
"ja/development_tools/testing_framework/guide/development_guide/05_UnitTestGuide/02_RequestUnitTest/batch.rst","68","para","0","テストクラスで共通のデータベース初期値","","ウェブアプリケーションの場合と同様である。「\ :ref:`request_test_setup_db`\ 」を参照。"
"ja/development_tools/testing_framework/guide/development_guide/05_UnitTestGuide/02_RequestUnitTest/batch.rst","74","heading","1","","テストケース一覧",""
"ja/development_tools/testing_framework/guide/development_guide/05_UnitTestGuide/02_RequestUnitTest/batch.rst","76","para","0","テストケース一覧","","LIST_MAPのデータタイプで１テストメソッド分のケース表を記載する。IDは、\ **testShots**\ とする。"
"ja/development_tools/testing_framework/guide/development_guide/05_UnitTestGuide/02_RequestUnitTest/batch.rst","82","para","0","テストケース一覧","","１ケース毎に以下の要素を持たせる。"
"ja/development_tools/testing_framework/guide/development_guide/05_UnitTestGuide/02_RequestUnitTest/batch.rst","84","table","0","テストケース一覧","","カラム名 | 説明 | 必須"
"ja/development_tools/testing_framework/guide/development_guide/05_UnitTestGuide/02_RequestUnitTest/batch.rst","119","para","0","テストケース一覧","","\"
"ja/development_tools/testing_framework/guide/development_guide/05_UnitTestGuide/02_RequestUnitTest/batch.rst","123","para","0","テストケース一覧","","デフォルトのグループIDを使用したい（グループIDを使わない）場合は、\ `default`\ と記載する。 デフォルトのグループIDと個別のグループは併用可能である。 両方のデータが混在した場合、デフォルトのグループIDのデータとグループID指定のデータ両方が有効になる。"
"ja/development_tools/testing_framework/guide/development_guide/05_UnitTestGuide/02_RequestUnitTest/batch.rst","130","heading","2","テストケース一覧","コマンドライン引数",""
"ja/development_tools/testing_framework/guide/development_guide/05_UnitTestGuide/02_RequestUnitTest/batch.rst","132","para","0","テストケース一覧 > コマンドライン引数","","テストデータで、\ :ref:`コマンドライン引数 <main-run_application>`\ を指定する方法を説明する。"
"ja/development_tools/testing_framework/guide/development_guide/05_UnitTestGuide/02_RequestUnitTest/batch.rst","135","para","0","テストケース一覧 > コマンドライン引数","","バッチ起動時の引数を指定するには、\ ``args[n]``\ （\ **添字nは0以上の整数**\ ）という形式でカラムを追加する。"
"ja/development_tools/testing_framework/guide/development_guide/05_UnitTestGuide/02_RequestUnitTest/batch.rst","139","para","0","テストケース一覧 > コマンドライン引数","","== =========== === ======= ======= ======= no case        ... args[0] args[1] args[2] == =========== === ======= ======= ======= 1  xxxのケース ... 第1引数 第2引数 第3引数 ="
"ja/development_tools/testing_framework/guide/development_guide/05_UnitTestGuide/02_RequestUnitTest/batch.rst","145","admonition","0","テストケース一覧 > コマンドライン引数","important",""
"ja/development_tools/testing_framework/guide/development_guide/05_UnitTestGuide/02_RequestUnitTest/batch.rst","146","para","0","テストケース一覧 > コマンドライン引数","","添字nは連続した整数でなければならない。"
"ja/development_tools/testing_framework/guide/development_guide/05_UnitTestGuide/02_RequestUnitTest/batch.rst","148","para","0","テストケース一覧 > コマンドライン引数","","テストケース一覧に上記以外のカラムを追加すると、そのカラムは\ コマンドラインオプションとみなされる。"
"ja/development_tools/testing_framework/guide/development_guide/05_UnitTestGuide/02_RequestUnitTest/batch.rst","151","para","0","テストケース一覧 > コマンドライン引数","","例えば、テストケース一覧に以下のようなカラムがあるとすると、"
"ja/development_tools/testing_framework/guide/development_guide/05_UnitTestGuide/02_RequestUnitTest/batch.rst","154","para","0","テストケース一覧 > コマンドライン引数","","== =========== === ======== ======= no case        ...  paramA  paramB == =========== === ======== ======= 1  xxxのケース ...  valueA  valueB == =========== === ==="
"ja/development_tools/testing_framework/guide/development_guide/05_UnitTestGuide/02_RequestUnitTest/batch.rst","160","para","0","テストケース一覧 > コマンドライン引数","","\"
"ja/development_tools/testing_framework/guide/development_guide/05_UnitTestGuide/02_RequestUnitTest/batch.rst","162","code","0","テストケース一覧 > コマンドライン引数","bash",""
"ja/development_tools/testing_framework/guide/development_guide/05_UnitTestGuide/02_RequestUnitTest/batch.rst","164","para","0","テストケース一覧 > コマンドライン引数","","-paramA=valueA -paramB=valueB"
"ja/development_tools/testing_framework/guide/development_guide/05_UnitTestGuide/02_RequestUnitTest/batch.rst","166","para","0","テストケース一覧 > コマンドライン引数","","というコマンドラインオプションを指定したことになる。"
"ja/development_tools/testing_framework/guide/development_guide/05_UnitTestGuide/02_RequestUnitTest/batch.rst","171","heading","1","","各種準備データ",""
"ja/development_tools/testing_framework/guide/development_guide/05_UnitTestGuide/02_RequestUnitTest/batch.rst","173","para","0","各種準備データ","","テスト実施に際して必要となる各種準備データの記述方法を説明する。 バッチでは、データベース、入力ファイルを準備する。"
"ja/development_tools/testing_framework/guide/development_guide/05_UnitTestGuide/02_RequestUnitTest/batch.rst","178","heading","2","各種準備データ","データベースの準備",""
"ja/development_tools/testing_framework/guide/development_guide/05_UnitTestGuide/02_RequestUnitTest/batch.rst","180","para","0","各種準備データ > データベースの準備","",":ref:`オンライン<request_test_testcases>`\ と同様に、グループIDで対応付けを行う。"
"ja/development_tools/testing_framework/guide/development_guide/05_UnitTestGuide/02_RequestUnitTest/batch.rst","186","heading","2","各種準備データ","固定長ファイルの準備",""
"ja/development_tools/testing_framework/guide/development_guide/05_UnitTestGuide/02_RequestUnitTest/batch.rst","188","para","0","各種準備データ > 固定長ファイルの準備","","テストデータに固定長ファイルの情報を記載しておくと、自動テストフレームワークがテスト実行前にファイルを作成する。 以下の書式で記述する。"
"ja/development_tools/testing_framework/guide/development_guide/05_UnitTestGuide/02_RequestUnitTest/batch.rst","192","para","0","各種準備データ > 固定長ファイルの準備","","SETUP_FIXED[グループID]=ファイルパス"
"ja/development_tools/testing_framework/guide/development_guide/05_UnitTestGuide/02_RequestUnitTest/batch.rst","194","para","0","各種準備データ > 固定長ファイルの準備","","ディレクティブ行"
"ja/development_tools/testing_framework/guide/development_guide/05_UnitTestGuide/02_RequestUnitTest/batch.rst","196","table","0","各種準備データ > 固定長ファイルの準備","","レコード種別 | フィールド名称(1) | フィールド名称(2) | ...  [#]_\"
"ja/development_tools/testing_framework/guide/development_guide/05_UnitTestGuide/02_RequestUnitTest/batch.rst","210","para","0","各種準備データ > 固定長ファイルの準備","","\"
"ja/development_tools/testing_framework/guide/development_guide/05_UnitTestGuide/02_RequestUnitTest/batch.rst","213","para","0","各種準備データ > 固定長ファイルの準備","","これより右側は、同様にフィールドの数だけ続いていく。"
"ja/development_tools/testing_framework/guide/development_guide/05_UnitTestGuide/02_RequestUnitTest/batch.rst","216","para","0","各種準備データ > 固定長ファイルの準備","","これより下側は、同様にデータの数だけ続いていく。"
"ja/development_tools/testing_framework/guide/development_guide/05_UnitTestGuide/02_RequestUnitTest/batch.rst","218","para","0","各種準備データ > 固定長ファイルの準備","","\"
"ja/development_tools/testing_framework/guide/development_guide/05_UnitTestGuide/02_RequestUnitTest/batch.rst","221","table","0","各種準備データ > 固定長ファイルの準備","","名称 | 説明"
"ja/development_tools/testing_framework/guide/development_guide/05_UnitTestGuide/02_RequestUnitTest/batch.rst","231","para","0","各種準備データ > 固定長ファイルの準備","","データ型は「半角英字」のように日本語名称で記述する。"
"ja/development_tools/testing_framework/guide/development_guide/05_UnitTestGuide/02_RequestUnitTest/batch.rst","233","para","0","各種準備データ > 固定長ファイルの準備","","フォーマット定義ファイル上のデータ型と日本語名称のデータ型のマッピングは、 `BasicDataTypeMapping <https://github.com/nablarch/nablarch-testing/blob/main/src/main/java/nablarch/test/core/file/BasicD"
"ja/development_tools/testing_framework/guide/development_guide/05_UnitTestGuide/02_RequestUnitTest/batch.rst","239","para","0","各種準備データ > 固定長ファイルの準備","","ディレクティブを記述する際、フォーマット定義ファイルの以下に対応する内容は記述不要である。"
"ja/development_tools/testing_framework/guide/development_guide/05_UnitTestGuide/02_RequestUnitTest/batch.rst","241","para","0","各種準備データ > 固定長ファイルの準備","","============== ============================================================= 項目           理由 ============== ===================================================="
"ja/development_tools/testing_framework/guide/development_guide/05_UnitTestGuide/02_RequestUnitTest/batch.rst","249","admonition","0","各種準備データ > 固定長ファイルの準備","important",""
"ja/development_tools/testing_framework/guide/development_guide/05_UnitTestGuide/02_RequestUnitTest/batch.rst","250","para","0","各種準備データ > 固定長ファイルの準備","","ひとつのレコード種別において、フィールド名称に\ **重複した名称は許容されない**\ 。例えば、「氏名」というフィールドが2つ以上存在してはならない。 （通常、このような場合は「本会員氏名」と「家族会員氏名」のようにユニークなフィールド名称が付与される）"
"ja/development_tools/testing_framework/guide/development_guide/05_UnitTestGuide/02_RequestUnitTest/batch.rst","253","para","0","各種準備データ > 固定長ファイルの準備","",".. textlint-disable ja-technical-writing/no-doubled-conjunction"
"ja/development_tools/testing_framework/guide/development_guide/05_UnitTestGuide/02_RequestUnitTest/batch.rst","255","para","0","各種準備データ > 固定長ファイルの準備","","異なるレコード種別間で、同一の名称が存在する場合は問題ない。 （例えばヘッダレコードとトレーラレコードにそれぞれ「件数」というフィールド名称が存在してよい）"
"ja/development_tools/testing_framework/guide/development_guide/05_UnitTestGuide/02_RequestUnitTest/batch.rst","258","para","0","各種準備データ > 固定長ファイルの準備","",".. textlint-enable ja-technical-writing/no-doubled-conjunction"
"ja/development_tools/testing_framework/guide/development_guide/05_UnitTestGuide/02_RequestUnitTest/batch.rst","260","admonition","0","各種準備データ > 固定長ファイルの準備","tip",""
"ja/development_tools/testing_framework/guide/development_guide/05_UnitTestGuide/02_RequestUnitTest/batch.rst","261","para","0","各種準備データ > 固定長ファイルの準備","","フィールド名称、データ型、フィールド長の記述は、外部インタフェース設計書からコピー＆ペーストすることで効率良く作成できる。\ （ペーストする際、「\ **行列を入れ替える**\ 」オプションにチェックすること）"
"ja/development_tools/testing_framework/guide/development_guide/05_UnitTestGuide/02_RequestUnitTest/batch.rst","265","admonition","0","各種準備データ > 固定長ファイルの準備","tip",""
"ja/development_tools/testing_framework/guide/development_guide/05_UnitTestGuide/02_RequestUnitTest/batch.rst","266","para","0","各種準備データ > 固定長ファイルの準備","","「符号無数値」および「符号付数値」のデータ型を使用する場合、そのデータには、固定長ファイルから入力する値（固定長ファイルへ出力する値）をそのまま記載すること。 すなわち固定長ファイルにパディング文字や符号が存在する場合は、それらの記載まで行う必要がある。\"
"ja/development_tools/testing_framework/guide/development_guide/05_UnitTestGuide/02_RequestUnitTest/batch.rst","269","para","0","各種準備データ > 固定長ファイルの準備","","以下に、データ型が符号付数値の場合に表したい値とその表現方法の例を示す。（フォーマット定義： フィールド長10桁、パディング文字'0'、小数点必要、符号位置固定、正の符号不要）"
"ja/development_tools/testing_framework/guide/development_guide/05_UnitTestGuide/02_RequestUnitTest/batch.rst","271","para","0","各種準備データ > 固定長ファイルの準備","","=============== ===================== 表したい数値    テストデータ上の記載 =============== ===================== 12345           0000012345 -12.34          -000012.34 ========="
"ja/development_tools/testing_framework/guide/development_guide/05_UnitTestGuide/02_RequestUnitTest/batch.rst","278","para","0","各種準備データ > 固定長ファイルの準備","","「符号無数値」および「符号付数値」をテストデータとして使用する場合、テスト用のデータタイプを設定する必要がある。"
"ja/development_tools/testing_framework/guide/development_guide/05_UnitTestGuide/02_RequestUnitTest/batch.rst","280","para","0","各種準備データ > 固定長ファイルの準備","","以下に設定例を参照し、テスト用の設定を追加すること。"
"ja/development_tools/testing_framework/guide/development_guide/05_UnitTestGuide/02_RequestUnitTest/batch.rst","282","code","0","各種準備データ > 固定長ファイルの準備","xml",""
"ja/development_tools/testing_framework/guide/development_guide/05_UnitTestGuide/02_RequestUnitTest/batch.rst","284","para","0","各種準備データ > 固定長ファイルの準備","","<component name=""fixedLengthConvertorSetting"" class=""nablarch.core.dataformat.convertor.FixedLengthConvertorSetting""> <property name=""convertorTable""> <map> <!-"
"ja/development_tools/testing_framework/guide/development_guide/05_UnitTestGuide/02_RequestUnitTest/batch.rst","303","para","0","各種準備データ > 固定長ファイルの準備","","<entry key=""pad"" value=""nablarch.core.dataformat.convertor.value.Padding""/> <entry key=""encoding"" value=""nablarch.core.dataformat.convertor.value.UseEncoding""/>"
"ja/development_tools/testing_framework/guide/development_guide/05_UnitTestGuide/02_RequestUnitTest/batch.rst","309","para","0","各種準備データ > 固定長ファイルの準備","","<!-- テスト用のデータタイプの設定 符号無数値(X9)->TEST_X9:nablarch.test.core.file.StringDataType 符号有数値(SX9)->TEST_SX9:nablarch.test.core.file.StringDataType --> <entry key=""TEST_X"
"ja/development_tools/testing_framework/guide/development_guide/05_UnitTestGuide/02_RequestUnitTest/batch.rst","326","para","0","各種準備データ > 固定長ファイルの準備","","具体例を示す。このファイルは以下のレコードで構成されている。 * ヘッダレコード１件 * データレコード２件 * トレーラレコード１件 * エンドレコード１件"
"ja/development_tools/testing_framework/guide/development_guide/05_UnitTestGuide/02_RequestUnitTest/batch.rst","333","para","0","各種準備データ > 固定長ファイルの準備","","文字コードは\ ``Windows-31J``\ 、レコード区切り文字は\ ``CRLF``\ である。"
"ja/development_tools/testing_framework/guide/development_guide/05_UnitTestGuide/02_RequestUnitTest/batch.rst","338","para","0","各種準備データ > 固定長ファイルの準備","","``SETUP_FIXED=work/members.txt``"
"ja/development_tools/testing_framework/guide/development_guide/05_UnitTestGuide/02_RequestUnitTest/batch.rst","340","table","0","各種準備データ > 固定長ファイルの準備","","text-encoding | Windows-31J"
"ja/development_tools/testing_framework/guide/development_guide/05_UnitTestGuide/02_RequestUnitTest/batch.rst","385","heading","2","各種準備データ","可変長ファイル（CSVファイル）の準備",""
"ja/development_tools/testing_framework/guide/development_guide/05_UnitTestGuide/02_RequestUnitTest/batch.rst","387","para","0","各種準備データ > 可変長ファイル（CSVファイル）の準備","","可変長ファイル（CSVファイル）の準備も、固定長とほぼ同様である。 固定長との違いは、可変長ファイルの場合はフィールド長を記載しない点である。"
"ja/development_tools/testing_framework/guide/development_guide/05_UnitTestGuide/02_RequestUnitTest/batch.rst","390","para","0","各種準備データ > 可変長ファイル（CSVファイル）の準備","","``SETUP_VARIABLE=work/members.csv``"
"ja/development_tools/testing_framework/guide/development_guide/05_UnitTestGuide/02_RequestUnitTest/batch.rst","392","table","0","各種準備データ > 可変長ファイル（CSVファイル）の準備","","text-encoding | Windows-31J"
"ja/development_tools/testing_framework/guide/development_guide/05_UnitTestGuide/02_RequestUnitTest/batch.rst","424","admonition","0","各種準備データ > 可変長ファイル（CSVファイル）の準備","tip",""
"ja/development_tools/testing_framework/guide/development_guide/05_UnitTestGuide/02_RequestUnitTest/batch.rst","425","para","0","各種準備データ > 可変長ファイル（CSVファイル）の準備","","フィールド区切り文字を変更する場合、フィールド区切り文字を ディレクティブで明示的に指定する。例えば、区切り文字をタブにしたい（TSVファイル）場合、 以下のように、ディレクティブを指定する。"
"ja/development_tools/testing_framework/guide/development_guide/05_UnitTestGuide/02_RequestUnitTest/batch.rst","429","para","0","各種準備データ > 可変長ファイル（CSVファイル）の準備","","``field-separator=\t``"
"ja/development_tools/testing_framework/guide/development_guide/05_UnitTestGuide/02_RequestUnitTest/batch.rst","432","heading","2","各種準備データ","空のファイルを定義する方法",""
"ja/development_tools/testing_framework/guide/development_guide/05_UnitTestGuide/02_RequestUnitTest/batch.rst","433","para","0","各種準備データ > 空のファイルを定義する方法","","準備データや期待値として空のファイル(0バイトファイル)を定義したい場合がある。"
"ja/development_tools/testing_framework/guide/development_guide/05_UnitTestGuide/02_RequestUnitTest/batch.rst","435","para","0","各種準備データ > 空のファイルを定義する方法","","テストシート上での空ファイルの定義は、以下の例のようにディレクティブ行を定義しレコードの定義を省略することで実現出来る。"
"ja/development_tools/testing_framework/guide/development_guide/05_UnitTestGuide/02_RequestUnitTest/batch.rst","437","para","0","各種準備データ > 空のファイルを定義する方法","","**空のファイルの定義例**"
"ja/development_tools/testing_framework/guide/development_guide/05_UnitTestGuide/02_RequestUnitTest/batch.rst","439","para","0","各種準備データ > 空のファイルを定義する方法","","``SETUP_VARIABLE=work/members.csv``"
"ja/development_tools/testing_framework/guide/development_guide/05_UnitTestGuide/02_RequestUnitTest/batch.rst","441","table","0","各種準備データ > 空のファイルを定義する方法","","text-encoding | Windows-31J"
"ja/development_tools/testing_framework/guide/development_guide/05_UnitTestGuide/02_RequestUnitTest/batch.rst","450","heading","1","","各種期待値",""
"ja/development_tools/testing_framework/guide/development_guide/05_UnitTestGuide/02_RequestUnitTest/batch.rst","452","para","0","各種期待値","","検索結果、データベースを期待値と比較する場合は、 それぞれのデータとテストケース一覧とをIDで紐付けする。"
"ja/development_tools/testing_framework/guide/development_guide/05_UnitTestGuide/02_RequestUnitTest/batch.rst","457","heading","2","各種期待値","期待するデータベースの状態",""
"ja/development_tools/testing_framework/guide/development_guide/05_UnitTestGuide/02_RequestUnitTest/batch.rst","459","para","0","各種期待値 > 期待するデータベースの状態","",":ref:`オンライン<request_test_expected_tables>`\ と同様に、期待するデータベースの状態をテストケース一覧とリンクさせる。"
"ja/development_tools/testing_framework/guide/development_guide/05_UnitTestGuide/02_RequestUnitTest/batch.rst","463","heading","2","各種期待値","期待する固定長ファイル",""
"ja/development_tools/testing_framework/guide/development_guide/05_UnitTestGuide/02_RequestUnitTest/batch.rst","465","para","0","各種期待値 > 期待する固定長ファイル","","テスト対象バッチが出力する固定長ファイルをアサートする。\"
"ja/development_tools/testing_framework/guide/development_guide/05_UnitTestGuide/02_RequestUnitTest/batch.rst","467","para","0","各種期待値 > 期待する固定長ファイル","","準備データの場合、データタイプが、\ `SETUP_FIXED`\ であったが、 期待値を記述する場合は、\ `EXPECTED_FIXED`\ となる。"
"ja/development_tools/testing_framework/guide/development_guide/05_UnitTestGuide/02_RequestUnitTest/batch.rst","470","para","0","各種期待値 > 期待する固定長ファイル","","その他のテストデータの記述方法は、準備データと同様である。\ `固定長ファイルの準備`_\ を参照。"
"ja/development_tools/testing_framework/guide/development_guide/05_UnitTestGuide/02_RequestUnitTest/batch.rst","474","heading","2","各種期待値","期待する可変長ファイル",""
"ja/development_tools/testing_framework/guide/development_guide/05_UnitTestGuide/02_RequestUnitTest/batch.rst","476","para","0","各種期待値 > 期待する可変長ファイル","","テスト対象バッチが出力する可変長ファイルをアサートする。\"
"ja/development_tools/testing_framework/guide/development_guide/05_UnitTestGuide/02_RequestUnitTest/batch.rst","478","para","0","各種期待値 > 期待する可変長ファイル","","準備データの場合、データタイプが、\ `SETUP_VARIABLE`\ であったが、 期待値を記述する場合は、\ `EXPECTED_VARIABLE`\ となる。"
"ja/development_tools/testing_framework/guide/development_guide/05_UnitTestGuide/02_RequestUnitTest/batch.rst","481","para","0","各種期待値 > 期待する可変長ファイル","","その他のテストデータの記述方法は、準備データと同様である。\ `可変長ファイル（CSVファイル）の準備`_\ を参照。"
"ja/development_tools/testing_framework/guide/development_guide/05_UnitTestGuide/02_RequestUnitTest/batch.rst","487","heading","2","各種期待値","テストメソッドの書き方",""
"ja/development_tools/testing_framework/guide/development_guide/05_UnitTestGuide/02_RequestUnitTest/batch.rst","490","heading","1","","スーパクラスについて",""
"ja/development_tools/testing_framework/guide/development_guide/05_UnitTestGuide/02_RequestUnitTest/batch.rst","492","para","0","スーパクラスについて","","``BatchRequestTestSupport``\ クラスを継承する。 このクラスでは、準備したテストデータを元に以下の手順でリクエスト単体テストを実行する。"
"ja/development_tools/testing_framework/guide/development_guide/05_UnitTestGuide/02_RequestUnitTest/batch.rst","497","heading","1","","テストメソッド作成",""
"ja/development_tools/testing_framework/guide/development_guide/05_UnitTestGuide/02_RequestUnitTest/batch.rst","499","para","0","テストメソッド作成","","準備したテストシートに対応するメソッドを作成する。"
"ja/development_tools/testing_framework/guide/development_guide/05_UnitTestGuide/02_RequestUnitTest/batch.rst","502","code","0","テストメソッド作成","java","@Test
public void testRegisterUser() {
}"
"ja/development_tools/testing_framework/guide/development_guide/05_UnitTestGuide/02_RequestUnitTest/batch.rst","510","heading","1","","スーパクラスのメソッド呼び出し",""
"ja/development_tools/testing_framework/guide/development_guide/05_UnitTestGuide/02_RequestUnitTest/batch.rst","512","para","0","スーパクラスのメソッド呼び出し","","テストメソッド内で、スーパクラスの以下のいずれかのメソッドを呼び出す。"
"ja/development_tools/testing_framework/guide/development_guide/05_UnitTestGuide/02_RequestUnitTest/batch.rst","514","para","0","スーパクラスのメソッド呼び出し","","* void execute() * void execute(String sheetName)"
"ja/development_tools/testing_framework/guide/development_guide/05_UnitTestGuide/02_RequestUnitTest/batch.rst","517","para","0","スーパクラスのメソッド呼び出し","","通常の場合、execute()を使用する。\ 引数ありのexecuteメソッドでは、テストデータのシート名を指定できるが、 通常、テストシート名とテストメソッド名は同一である。\ 引数なしのexecuteメソッドを使用すると、テストデータのシート名に テストメソッド名を指定したのと同じ動作となる。"
"ja/development_tools/testing_framework/guide/development_guide/05_UnitTestGuide/02_RequestUnitTest/batch.rst","523","code","0","スーパクラスのメソッド呼び出し","java","@Test
public void testResigster() {
execute();   // 【説明】execute(""testRegisterUser"") と等価"
"ja/development_tools/testing_framework/guide/development_guide/05_UnitTestGuide/02_RequestUnitTest/batch.rst","533","heading","2","スーパクラスのメソッド呼び出し","テスト起動方法",""
"ja/development_tools/testing_framework/guide/development_guide/05_UnitTestGuide/02_RequestUnitTest/batch.rst","535","para","0","スーパクラスのメソッド呼び出し > テスト起動方法","","クラス単体テストと同様。通常のJUnitテストと同じように実行する。"
"ja/development_tools/testing_framework/guide/development_guide/05_UnitTestGuide/02_RequestUnitTest/batch.rst","540","heading","2","スーパクラスのメソッド呼び出し","テスト結果検証",""
"ja/development_tools/testing_framework/guide/development_guide/05_UnitTestGuide/02_RequestUnitTest/batch.rst","545","heading","1","","データベースの結果検証",""
"ja/development_tools/testing_framework/guide/development_guide/05_UnitTestGuide/02_RequestUnitTest/batch.rst","547","para","0","データベースの結果検証","","テストケース一覧のexpectedTable欄にグループIDを記載することにより、 そのグループIDのテストデータで実際のファイル出力結果を確認できる。"
"ja/development_tools/testing_framework/guide/development_guide/05_UnitTestGuide/02_RequestUnitTest/batch.rst","553","heading","1","","ファイルの結果検証",""
"ja/development_tools/testing_framework/guide/development_guide/05_UnitTestGuide/02_RequestUnitTest/batch.rst","555","para","0","ファイルの結果検証","","テストケース一覧のexpectedFile欄にグループIDを記載することにより、 そのグループIDのテストデータで実際のファイル出力結果を確認できる。"
"ja/development_tools/testing_framework/guide/development_guide/05_UnitTestGuide/02_RequestUnitTest/batch.rst","558","para","0","ファイルの結果検証","","ファイル期待値の記述方法は、準備データの記述方法とほぼ同じである。 IDの記述方法だけが異なる。 ファイル種別ごとの記述方法を以下に示す。"
"ja/development_tools/testing_framework/guide/development_guide/05_UnitTestGuide/02_RequestUnitTest/batch.rst","562","table","0","ファイルの結果検証","","ファイル種別 | グループID指定なし | グループIDを指定ありの場合"
"ja/development_tools/testing_framework/guide/development_guide/05_UnitTestGuide/02_RequestUnitTest/batch.rst","571","heading","1","","ログの結果検証",""
"ja/development_tools/testing_framework/guide/development_guide/05_UnitTestGuide/02_RequestUnitTest/batch.rst","573","para","0","ログの結果検証","","テストケース一覧のexpectedLog欄にグループIDを記載することにより、 そのグループIDのテストデータで実際のログ出力結果を確認できる。"
"ja/development_tools/testing_framework/guide/development_guide/05_UnitTestGuide/02_RequestUnitTest/batch.rst","577","para","0","ログの結果検証","","以下の内容を記載する。"
"ja/development_tools/testing_framework/guide/development_guide/05_UnitTestGuide/02_RequestUnitTest/batch.rst","579","table","0","ログの結果検証","","カラム名 | 内容"
"ja/development_tools/testing_framework/guide/development_guide/05_UnitTestGuide/02_RequestUnitTest/batch.rst","587","para","0","ログの結果検証","","\"
"ja/development_tools/testing_framework/guide/development_guide/05_UnitTestGuide/02_RequestUnitTest/batch.rst","590","para","0","ログの結果検証","","\ **N**\ は1以上の整数を指定することで複数の値（連続する値であること） (例) messsage1, message2..."
"ja/development_tools/testing_framework/guide/development_guide/05_UnitTestGuide/02_RequestUnitTest/batch.rst","593","admonition","0","ログの結果検証","tip",""
"ja/development_tools/testing_framework/guide/development_guide/05_UnitTestGuide/02_RequestUnitTest/batch.rst","594","para","0","ログの結果検証","","これらの条件は全て\ **AND**\ 条件である。 以下のような場合には、期待するログが出力されたとは見なされない。"
"ja/development_tools/testing_framework/guide/development_guide/05_UnitTestGuide/02_RequestUnitTest/batch.rst","597","para","0","ログの結果検証","","* 期待する文言はログ出力されているが、\ **ログレベルが期待通りでない**\ 場合 * ログレベルは合致しているが、期待する文言で、ログ出力されていないものが\ **１つでもある**\ 場合"
"ja/development_tools/testing_framework/guide/development_guide/05_UnitTestGuide/02_RequestUnitTest/batch.rst","602","para","0","ログの結果検証","","具体例を以下に示す。"
"ja/development_tools/testing_framework/guide/development_guide/05_UnitTestGuide/02_RequestUnitTest/batch.rst","604","para","0","ログの結果検証","","以下の例では、２種類のログ出力を期待している。"
"ja/development_tools/testing_framework/guide/development_guide/05_UnitTestGuide/02_RequestUnitTest/batch.rst","606","para","0","ログの結果検証","","``LIST_MAP=expectedLogMessages``"
"ja/development_tools/testing_framework/guide/development_guide/05_UnitTestGuide/02_RequestUnitTest/batch.rst","608","table","0","ログの結果検証","","logLevel | message1 | message2 | message3"
"ja/development_tools/testing_framework/guide/development_guide/05_UnitTestGuide/02_RequestUnitTest/batch.rst","615","admonition","0","ログの結果検証","important",""
"ja/development_tools/testing_framework/guide/development_guide/05_UnitTestGuide/02_RequestUnitTest/batch.rst","617","para","0","ログの結果検証","","expectedLog欄にグループIDを記載した場合には、必ず期待するメッセージを1行以上設定すること。 期待するメッセージが設定されていない場合(期待するメッセージが0行の場合)や、expectedLog欄に記載されたグループIDに紐付く LIST_MAP要素が存在しない場合には、本フレームワークは期待値の準備が不足"
"ja/development_tools/testing_framework/guide/development_guide/05_UnitTestGuide/02_RequestUnitTest/delayed_receive.rst","3","heading","1","","リクエスト単体テストの実施方法（応答不要メッセージ受信処理）",""
"ja/development_tools/testing_framework/guide/development_guide/05_UnitTestGuide/02_RequestUnitTest/delayed_receive.rst","7","heading","2","リクエスト単体テストの実施方法（応答不要メッセージ受信処理）","概要",""
"ja/development_tools/testing_framework/guide/development_guide/05_UnitTestGuide/02_RequestUnitTest/delayed_receive.rst","8","para","0","リクエスト単体テストの実施方法（応答不要メッセージ受信処理） > 概要","","応答不要メッセージ処理用のアクションクラスは、Nablarchの一部として提供される。 このため、リクエスト単体テストではこのアクションクラスを使用して、以下の\ `テスト対象の成果物`_ の確認を行う。"
"ja/development_tools/testing_framework/guide/development_guide/05_UnitTestGuide/02_RequestUnitTest/delayed_receive.rst","11","para","0","リクエスト単体テストの実施方法（応答不要メッセージ受信処理） > 概要","","**※ 他のテストのようにアクションクラスに対する条件網羅や、限界値テストなどは実施不要である。**"
"ja/development_tools/testing_framework/guide/development_guide/05_UnitTestGuide/02_RequestUnitTest/delayed_receive.rst","14","heading","1","","テスト対象の成果物",""
"ja/development_tools/testing_framework/guide/development_guide/05_UnitTestGuide/02_RequestUnitTest/delayed_receive.rst","15","para","0","テスト対象の成果物","","* 電文のレイアウトを定義したフォーマット定義ファイル * データベースへ電文を登録する際に使用するFormクラス * データベースへ電文を登録するためのINSERT文"
"ja/development_tools/testing_framework/guide/development_guide/05_UnitTestGuide/02_RequestUnitTest/delayed_receive.rst","21","heading","2","テスト対象の成果物","テストクラスの書き方",""
"ja/development_tools/testing_framework/guide/development_guide/05_UnitTestGuide/02_RequestUnitTest/delayed_receive.rst","23","para","0","テスト対象の成果物 > テストクラスの書き方","","テストクラスは以下の条件を満たすように作成する。"
"ja/development_tools/testing_framework/guide/development_guide/05_UnitTestGuide/02_RequestUnitTest/delayed_receive.rst","25","para","0","テスト対象の成果物 > テストクラスの書き方","","* テストクラスのパッケージは、テスト対象機能のパッケージとする。 * <電文のリクエストID>RequestTestというクラス名でテストクラスを作成する。 * \ ``nablarch.test.core.messaging.MessagingReceiveTestSupport``\ を継承する。"
"ja/development_tools/testing_framework/guide/development_guide/05_UnitTestGuide/02_RequestUnitTest/delayed_receive.rst","29","para","0","テスト対象の成果物 > テストクラスの書き方","","例えば、テスト対象機能のパッケージがnablarch.sample.ss21AA、電文のリクエストIDがRM21AA100だとすると、テストクラスは以下のようになる。"
"ja/development_tools/testing_framework/guide/development_guide/05_UnitTestGuide/02_RequestUnitTest/delayed_receive.rst","31","code","0","テスト対象の成果物 > テストクラスの書き方","java",""
"ja/development_tools/testing_framework/guide/development_guide/05_UnitTestGuide/02_RequestUnitTest/delayed_receive.rst","33","para","0","テスト対象の成果物 > テストクラスの書き方","","package nablarch.sample.ss21AA;"
"ja/development_tools/testing_framework/guide/development_guide/05_UnitTestGuide/02_RequestUnitTest/delayed_receive.rst","35","para","0","テスト対象の成果物 > テストクラスの書き方","","// ～中略～"
"ja/development_tools/testing_framework/guide/development_guide/05_UnitTestGuide/02_RequestUnitTest/delayed_receive.rst","37","para","0","テスト対象の成果物 > テストクラスの書き方","","public class RM21AA100RequestTest extends MessagingReceiveTestSupport {"
"ja/development_tools/testing_framework/guide/development_guide/05_UnitTestGuide/02_RequestUnitTest/delayed_receive.rst","41","heading","2","テスト対象の成果物","テストデータの書き方",""
"ja/development_tools/testing_framework/guide/development_guide/05_UnitTestGuide/02_RequestUnitTest/delayed_receive.rst","42","para","0","テスト対象の成果物 > テストデータの書き方","","`テスト対象の成果物`_ のテストを行うために必要なテストデータの記述方法を説明する。"
"ja/development_tools/testing_framework/guide/development_guide/05_UnitTestGuide/02_RequestUnitTest/delayed_receive.rst","44","para","0","テスト対象の成果物 > テストデータの書き方","","テストデータの記述方法は、\ :ref:`real_request_test`\ を参照すること。 本項では、\ :ref:`real_request_test`\ と記述方法が異なる箇所を解説する。"
"ja/development_tools/testing_framework/guide/development_guide/05_UnitTestGuide/02_RequestUnitTest/delayed_receive.rst","49","heading","1","","各種期待値",""
"ja/development_tools/testing_framework/guide/development_guide/05_UnitTestGuide/02_RequestUnitTest/delayed_receive.rst","52","heading","2","各種期待値","レスポンスメッセージ",""
"ja/development_tools/testing_framework/guide/development_guide/05_UnitTestGuide/02_RequestUnitTest/delayed_receive.rst","54","para","0","各種期待値 > レスポンスメッセージ","","応答不要メッセージ受信処理では、応答電文は存在しないため応答電文が期待値通りであることを確認する必要はない。期待するデータベースの状態のみ確認する。"
"ja/development_tools/testing_framework/guide/development_guide/05_UnitTestGuide/02_RequestUnitTest/delayed_receive.rst","56","para","0","各種期待値 > レスポンスメッセージ","","このため、レスポンスメッセージ(「MESSAGE=expectedMessages」)の記述は不要である。"
"ja/development_tools/testing_framework/guide/development_guide/05_UnitTestGuide/02_RequestUnitTest/delayed_send.rst","3","heading","1","","リクエスト単体テストの実施方法（応答不要メッセージ送信処理）",""
"ja/development_tools/testing_framework/guide/development_guide/05_UnitTestGuide/02_RequestUnitTest/delayed_send.rst","7","heading","2","リクエスト単体テストの実施方法（応答不要メッセージ送信処理）","概要",""
"ja/development_tools/testing_framework/guide/development_guide/05_UnitTestGuide/02_RequestUnitTest/delayed_send.rst","8","para","0","リクエスト単体テストの実施方法（応答不要メッセージ送信処理） > 概要","","応答不要メッセージ送信処理用のアクションクラスは、Nablarchの一部として提供される。 このため、リクエスト単体テストではこのアクションクラスを使用して、以下の\ `テスト対象の成果物`_\ の確認を行う。"
"ja/development_tools/testing_framework/guide/development_guide/05_UnitTestGuide/02_RequestUnitTest/delayed_send.rst","11","para","0","リクエスト単体テストの実施方法（応答不要メッセージ送信処理） > 概要","","**※他の処理のようなアクションクラスに対する条件網羅や、限界値テストなどは実施不要である。**"
"ja/development_tools/testing_framework/guide/development_guide/05_UnitTestGuide/02_RequestUnitTest/delayed_send.rst","14","heading","1","","テスト対象の成果物",""
"ja/development_tools/testing_framework/guide/development_guide/05_UnitTestGuide/02_RequestUnitTest/delayed_send.rst","15","para","0","テスト対象の成果物","","* 電文のレイアウトを定義したフォーマット定義ファイル * 下記3種類のSQL文"
"ja/development_tools/testing_framework/guide/development_guide/05_UnitTestGuide/02_RequestUnitTest/delayed_send.rst","18","para","0","テスト対象の成果物","","* 電文送信テーブルからステータスが未送信のデータを取得するためのSELECT文 * 電文送信後に、該当データのステータスを処理済みに更新するためのUPDATE文 * 電文送信に失敗した場合に、該当データのステータスを送信失敗(エラー)に更新するためのUPDATE文"
"ja/development_tools/testing_framework/guide/development_guide/05_UnitTestGuide/02_RequestUnitTest/delayed_send.rst","25","heading","2","テスト対象の成果物","テストクラスの書き方",""
"ja/development_tools/testing_framework/guide/development_guide/05_UnitTestGuide/02_RequestUnitTest/delayed_send.rst","27","para","0","テスト対象の成果物 > テストクラスの書き方","","テストクラスは以下の条件を満たすように作成する。"
"ja/development_tools/testing_framework/guide/development_guide/05_UnitTestGuide/02_RequestUnitTest/delayed_send.rst","29","para","0","テスト対象の成果物 > テストクラスの書き方","","* テストクラスのパッケージは、テスト対象機能のパッケージとする。 * <電文のリクエストID>RequestTestというクラス名でテストクラスを作成する。 * \ ``nablarch.test.core.batch.BatchRequestTestSupport``\ を継承する。"
"ja/development_tools/testing_framework/guide/development_guide/05_UnitTestGuide/02_RequestUnitTest/delayed_send.rst","33","para","0","テスト対象の成果物 > テストクラスの書き方","","例えば、テスト対象機能のパッケージがnablarch.sample.ss21AA、電文のリクエストIDがRM11AC0301だとすると、テストクラスは以下のようになる。"
"ja/development_tools/testing_framework/guide/development_guide/05_UnitTestGuide/02_RequestUnitTest/delayed_send.rst","35","code","0","テスト対象の成果物 > テストクラスの書き方","java",""
"ja/development_tools/testing_framework/guide/development_guide/05_UnitTestGuide/02_RequestUnitTest/delayed_send.rst","37","para","0","テスト対象の成果物 > テストクラスの書き方","","package nablarch.sample.ss21AA;"
"ja/development_tools/testing_framework/guide/development_guide/05_UnitTestGuide/02_RequestUnitTest/delayed_send.rst","39","para","0","テスト対象の成果物 > テストクラスの書き方","","// ～中略～"
"ja/development_tools/testing_framework/guide/development_guide/05_UnitTestGuide/02_RequestUnitTest/delayed_send.rst","41","para","0","テスト対象の成果物 > テストクラスの書き方","","public class RM11AC0301RequestTest extends BatchRequestTestSupport {"
"ja/development_tools/testing_framework/guide/development_guide/05_UnitTestGuide/02_RequestUnitTest/delayed_send.rst","46","heading","2","テスト対象の成果物","テストデータの書き方",""
"ja/development_tools/testing_framework/guide/development_guide/05_UnitTestGuide/02_RequestUnitTest/delayed_send.rst","47","para","0","テスト対象の成果物 > テストデータの書き方","","`テスト対象の成果物`_ のテストを行うために必要なテストデータの記述方法を説明する。"
"ja/development_tools/testing_framework/guide/development_guide/05_UnitTestGuide/02_RequestUnitTest/delayed_send.rst","49","para","0","テスト対象の成果物 > テストデータの書き方","","テストデータの記述方法は、\ :ref:`message_sendSyncMessage_test`\ を参照すること。 本項では、\ :ref:`message_sendSyncMessage_test`\ と記述方法が異なる箇所を解説する。"
"ja/development_tools/testing_framework/guide/development_guide/05_UnitTestGuide/02_RequestUnitTest/delayed_send.rst","53","heading","1","","要求電文の期待値および、返却する応答電文（レスポンスメッセージ）の準備",""
"ja/development_tools/testing_framework/guide/development_guide/05_UnitTestGuide/02_RequestUnitTest/delayed_send.rst","55","para","0","要求電文の期待値および、返却する応答電文（レスポンスメッセージ）の準備","","応答不要メッセージ送信処理では、応答電文は存在しないため応答電文が期待値通りであることを確認する必要はない。"
"ja/development_tools/testing_framework/guide/development_guide/05_UnitTestGuide/02_RequestUnitTest/delayed_send.rst","57","para","0","要求電文の期待値および、返却する応答電文（レスポンスメッセージ）の準備","","このため、下記設定が不要となる。"
"ja/development_tools/testing_framework/guide/development_guide/05_UnitTestGuide/02_RequestUnitTest/delayed_send.rst","59","para","0","要求電文の期待値および、返却する応答電文（レスポンスメッセージ）の準備","","* testShotsの定義"
"ja/development_tools/testing_framework/guide/development_guide/05_UnitTestGuide/02_RequestUnitTest/delayed_send.rst","61","para","0","要求電文の期待値および、返却する応答電文（レスポンスメッセージ）の準備","","* responseMessage"
"ja/development_tools/testing_framework/guide/development_guide/05_UnitTestGuide/02_RequestUnitTest/delayed_send.rst","63","para","0","要求電文の期待値および、返却する応答電文（レスポンスメッセージ）の準備","","* 期待値及び準備データの定義"
"ja/development_tools/testing_framework/guide/development_guide/05_UnitTestGuide/02_RequestUnitTest/delayed_send.rst","65","para","0","要求電文の期待値および、返却する応答電文（レスポンスメッセージ）の準備","","* RESPONSE_HEADER_MESSAGES * RESPONSE_BODY_MESSAGES"
"ja/development_tools/testing_framework/guide/development_guide/05_UnitTestGuide/02_RequestUnitTest/delayed_send.rst","70","heading","2","要求電文の期待値および、返却する応答電文（レスポンスメッセージ）の準備","正常系のテスト",""
"ja/development_tools/testing_framework/guide/development_guide/05_UnitTestGuide/02_RequestUnitTest/delayed_send.rst","72","para","0","要求電文の期待値および、返却する応答電文（レスポンスメッセージ）の準備 > 正常系のテスト","","| 電文が正しく送信されるケースの確認を実施する。 | このケースでは、送信された電文の確認及び該当データのステータス更新の確認を行う。 | | 応答不要メッセージ送信処理用のアクションクラスは、起動パラメータとしてメッセージのリクエストIDを要求する。 | このため、「testShots」の定義に下記画像のように「K"
"ja/development_tools/testing_framework/guide/development_guide/05_UnitTestGuide/02_RequestUnitTest/delayed_send.rst","78","figure","0","要求電文の期待値および、返却する応答電文（レスポンスメッセージ）の準備 > 正常系のテスト","","_image/delayed_send.png"
"ja/development_tools/testing_framework/guide/development_guide/05_UnitTestGuide/02_RequestUnitTest/delayed_send.rst","83","heading","2","要求電文の期待値および、返却する応答電文（レスポンスメッセージ）の準備","異常系のテスト(障害系のテスト)",""
"ja/development_tools/testing_framework/guide/development_guide/05_UnitTestGuide/02_RequestUnitTest/delayed_send.rst","85","para","0","要求電文の期待値および、返却する応答電文（レスポンスメッセージ）の準備 > 異常系のテスト(障害系のテスト)","","| 異常系のテストは、メッセージの送信に失敗した場合に該当データのステータスをエラーに更新するUPDATE文を確認するために必要である。 | 異常系テストケースを実施するには、「testShots」の定義に下記画像のように「KEY=errorCase」、「VALUE=true」と設定すれば良い。 | なお、異常系ケース"
"ja/development_tools/testing_framework/guide/development_guide/05_UnitTestGuide/02_RequestUnitTest/delayed_send.rst","89","figure","0","要求電文の期待値および、返却する応答電文（レスポンスメッセージ）の準備 > 異常系のテスト(障害系のテスト)","","_image/delayed_send_error.png"
"ja/development_tools/testing_framework/guide/development_guide/05_UnitTestGuide/02_RequestUnitTest/delayed_send.rst","92","admonition","0","要求電文の期待値および、返却する応答電文（レスポンスメッセージ）の準備 > 異常系のテスト(障害系のテスト)","tip","異常系テストケースを実施する場合には、応答不要メッセージ送信処理用共通アクションをテスト用アクションに切り替える必要がある。 以下にその設定例を示す。"
"ja/development_tools/testing_framework/guide/development_guide/05_UnitTestGuide/02_RequestUnitTest/delayed_send.rst","96","para","0","要求電文の期待値および、返却する応答電文（レスポンスメッセージ）の準備 > 異常系のテスト(障害系のテスト)","","* 本番用設定例"
"ja/development_tools/testing_framework/guide/development_guide/05_UnitTestGuide/02_RequestUnitTest/delayed_send.rst","98","code","0","要求電文の期待値および、返却する応答電文（レスポンスメッセージ）の準備 > 異常系のテスト(障害系のテスト)","xml","<!--ディスパッチ用ハンドラ-->
<component name=""requestPathJavaPackageMapping"" class=""nablarch.fw.handler.RequestPathJavaPackageMapping"">
<!-- 応答不要メッセージ送信処理用共通アクションを設定する。 -->"
"ja/development_tools/testing_framework/guide/development_guide/05_UnitTestGuide/02_RequestUnitTest/delayed_send.rst","107","para","0","要求電文の期待値および、返却する応答電文（レスポンスメッセージ）の準備 > 異常系のテスト(障害系のテスト)","","* テスト用設定"
"ja/development_tools/testing_framework/guide/development_guide/05_UnitTestGuide/02_RequestUnitTest/delayed_send.rst","109","para","0","要求電文の期待値および、返却する応答電文（レスポンスメッセージ）の準備 > 異常系のテスト(障害系のテスト)","","上記本番環境用設定をテスト用のアクションクラスで上書きを行う。"
"ja/development_tools/testing_framework/guide/development_guide/05_UnitTestGuide/02_RequestUnitTest/delayed_send.rst","111","code","0","要求電文の期待値および、返却する応答電文（レスポンスメッセージ）の準備 > 異常系のテスト(障害系のテスト)","xml","<!--ディスパッチ用ハンドラ-->
<component name=""requestPathJavaPackageMapping"" class=""nablarch.fw.handler.RequestPathJavaPackageMapping"">
<property name=""basePackage"" value=""nablarch.test.core.messaging.AsyncMessageSendActionForUt"" />"
"ja/development_tools/testing_framework/guide/development_guide/05_UnitTestGuide/02_RequestUnitTest/double_transmission.rst","5","heading","1","","二重サブミット防止機能のテスト実施方法",""
"ja/development_tools/testing_framework/guide/development_guide/05_UnitTestGuide/02_RequestUnitTest/double_transmission.rst","7","para","0","二重サブミット防止機能のテスト実施方法","","Nablarch上のアプリケーションで二重サブミット防止機能は、\ サーバサイドとクライアントサイドにて機能する。\ よってリクエスト単体テストと取引単体テストではテスト方法が異なる。"
"ja/development_tools/testing_framework/guide/development_guide/05_UnitTestGuide/02_RequestUnitTest/double_transmission.rst","11","para","0","二重サブミット防止機能のテスト実施方法","","以下、それぞれについてテスト実施方法を記述する。"
"ja/development_tools/testing_framework/guide/development_guide/05_UnitTestGuide/02_RequestUnitTest/double_transmission.rst","15","heading","2","二重サブミット防止機能のテスト実施方法","リクエスト単体テストでの二重サブミット防止機能のテスト実施方法",""
"ja/development_tools/testing_framework/guide/development_guide/05_UnitTestGuide/02_RequestUnitTest/double_transmission.rst","17","para","0","二重サブミット防止機能のテスト実施方法 > リクエスト単体テストでの二重サブミット防止機能のテスト実施方法","","リクエスト単体テストでは、サーバサイドにてテストを実施する。"
"ja/development_tools/testing_framework/guide/development_guide/05_UnitTestGuide/02_RequestUnitTest/double_transmission.rst","20","para","0","二重サブミット防止機能のテスト実施方法 > リクエスト単体テストでの二重サブミット防止機能のテスト実施方法","","二重サブミット防止機能のテスト用に、テストショットのLIST_MAPに指定するisValidTokenカラムがある。\このカラムを「false」に設定して、エラーが発生すれば二重サブミット防止機能が動いていることを確認できる。\"
"ja/development_tools/testing_framework/guide/development_guide/05_UnitTestGuide/02_RequestUnitTest/double_transmission.rst","22","para","0","二重サブミット防止機能のテスト実施方法 > リクエスト単体テストでの二重サブミット防止機能のテスト実施方法","","テストデータの記述方法詳細については「\ :ref:`request_test_testcases`\」を参照。"
"ja/development_tools/testing_framework/guide/development_guide/05_UnitTestGuide/02_RequestUnitTest/double_transmission.rst","26","heading","2","二重サブミット防止機能のテスト実施方法","取引単体テストでの二重サブミット防止機能のテスト実施方法",""
"ja/development_tools/testing_framework/guide/development_guide/05_UnitTestGuide/02_RequestUnitTest/double_transmission.rst","28","para","0","二重サブミット防止機能のテスト実施方法 > 取引単体テストでの二重サブミット防止機能のテスト実施方法","","取引単体テストでは、クライアントサイドにてテストを実施する。"
"ja/development_tools/testing_framework/guide/development_guide/05_UnitTestGuide/02_RequestUnitTest/double_transmission.rst","31","para","0","二重サブミット防止機能のテスト実施方法 > 取引単体テストでの二重サブミット防止機能のテスト実施方法","","手順は下記のとおりである。"
"ja/development_tools/testing_framework/guide/development_guide/05_UnitTestGuide/02_RequestUnitTest/double_transmission.rst","33","para","0","二重サブミット防止機能のテスト実施方法 > 取引単体テストでの二重サブミット防止機能のテスト実施方法","","* デバッグモードでアプリケーションを起動する。"
"ja/development_tools/testing_framework/guide/development_guide/05_UnitTestGuide/02_RequestUnitTest/double_transmission.rst","35","para","0","二重サブミット防止機能のテスト実施方法 > 取引単体テストでの二重サブミット防止機能のテスト実施方法","","* テスト対象のリクエストに対するアクションの処理に、ブレークポイントを設定する。"
"ja/development_tools/testing_framework/guide/development_guide/05_UnitTestGuide/02_RequestUnitTest/double_transmission.rst","37","para","0","二重サブミット防止機能のテスト実施方法 > 取引単体テストでの二重サブミット防止機能のテスト実施方法","","* 打鍵にてテスト対象リクエストのボタンを選択する。"
"ja/development_tools/testing_framework/guide/development_guide/05_UnitTestGuide/02_RequestUnitTest/double_transmission.rst","39","para","0","二重サブミット防止機能のテスト実施方法 > 取引単体テストでの二重サブミット防止機能のテスト実施方法","","* ブレークポイントで処理を止めた状態で、再度テスト対象リクエストのボタンを選択し、リクエストが送信されないことを確認する。"
"ja/development_tools/testing_framework/guide/development_guide/05_UnitTestGuide/02_RequestUnitTest/fileupload.rst","3","heading","1","","リクエスト単体テストの実施方法(ファイルアップロード)",""
"ja/development_tools/testing_framework/guide/development_guide/05_UnitTestGuide/02_RequestUnitTest/fileupload.rst","6","para","0","リクエスト単体テストの実施方法(ファイルアップロード)","","ファイルアップロードのテストは、ウェブアプリケーションのテストの一種である。 したがって、ファイルアップロードのテストを実施するには、ウェブアプリケーションの\ :doc:`index`\ が前提となる。"
"ja/development_tools/testing_framework/guide/development_guide/05_UnitTestGuide/02_RequestUnitTest/fileupload.rst","9","para","0","リクエスト単体テストの実施方法(ファイルアップロード)","","ファイルアップロードのテストをする場合、HTTPリクエストパラメータにアップロードファイルを指定する必要がある。\ 本項では、HTTPリクエストパラメータにアップロードファイルを指定する方法を解説する。\"
"ja/development_tools/testing_framework/guide/development_guide/05_UnitTestGuide/02_RequestUnitTest/fileupload.rst","15","heading","1","","アップロードファイルの記述方法",""
"ja/development_tools/testing_framework/guide/development_guide/05_UnitTestGuide/02_RequestUnitTest/fileupload.rst","17","para","0","アップロードファイルの記述方法","","HTTPリクエストパラメータの値に、以下の記述をすることで、 HTTPリクエストパラメータにアップロードファイルを指定できる。"
"ja/development_tools/testing_framework/guide/development_guide/05_UnitTestGuide/02_RequestUnitTest/fileupload.rst","20","code","0","アップロードファイルの記述方法","text",""
"ja/development_tools/testing_framework/guide/development_guide/05_UnitTestGuide/02_RequestUnitTest/fileupload.rst","22","para","0","アップロードファイルの記述方法","","${attach:ファイルパス}"
"ja/development_tools/testing_framework/guide/development_guide/05_UnitTestGuide/02_RequestUnitTest/fileupload.rst","24","admonition","0","アップロードファイルの記述方法","tip",""
"ja/development_tools/testing_framework/guide/development_guide/05_UnitTestGuide/02_RequestUnitTest/fileupload.rst","25","para","0","アップロードファイルの記述方法","","ファイルパスは、\ **テスト実行時のカレントディレクトリからの相対パス**\ 、すなわち、\ プロジェクトルートディレクトリからの相対パスで記述する。"
"ja/development_tools/testing_framework/guide/development_guide/05_UnitTestGuide/02_RequestUnitTest/fileupload.rst","30","heading","1","","バイナリファイルの場合",""
"ja/development_tools/testing_framework/guide/development_guide/05_UnitTestGuide/02_RequestUnitTest/fileupload.rst","32","para","0","バイナリファイルの場合","","画像ファイル等、バイナリファイルをアップロードする場合は、事前にファイルを配置しておき、 そのファイルへのパスを指定する。"
"ja/development_tools/testing_framework/guide/development_guide/05_UnitTestGuide/02_RequestUnitTest/fileupload.rst","36","para","0","バイナリファイルの場合","","以下の例では、uploadfileというキーで、プロジェクト配下のtest/resources/images\ ディレクトリにあるpicture.pngをアップロードする。"
"ja/development_tools/testing_framework/guide/development_guide/05_UnitTestGuide/02_RequestUnitTest/fileupload.rst","39","code","0","バイナリファイルの場合","text",""
"ja/development_tools/testing_framework/guide/development_guide/05_UnitTestGuide/02_RequestUnitTest/fileupload.rst","41","para","0","バイナリファイルの場合","","<project_root> + test + resources + images + picture.png"
"ja/development_tools/testing_framework/guide/development_guide/05_UnitTestGuide/02_RequestUnitTest/fileupload.rst","50","para","0","バイナリファイルの場合","","``LIST_MAP=requestParams``"
"ja/development_tools/testing_framework/guide/development_guide/05_UnitTestGuide/02_RequestUnitTest/fileupload.rst","52","table","0","バイナリファイルの場合","","uploadfile | comment | public"
"ja/development_tools/testing_framework/guide/development_guide/05_UnitTestGuide/02_RequestUnitTest/fileupload.rst","62","heading","1","","固定長ファイル、CSVファイルの場合",""
"ja/development_tools/testing_framework/guide/development_guide/05_UnitTestGuide/02_RequestUnitTest/fileupload.rst","64","para","0","固定長ファイル、CSVファイルの場合","","\ :ref:`固定長ファイル<how_to_setup_fixed_length_file>`\や :ref:`CSVファイル<how_to_setup_csv_file>`\ をアップロードする場合、\ そのファイル内容をテストデータシートに記載する。\ テスト実行時に、自動テストフレームワークがこのデータを元にフ"
"ja/development_tools/testing_framework/guide/development_guide/05_UnitTestGuide/02_RequestUnitTest/fileupload.rst","70","para","0","固定長ファイル、CSVファイルの場合","","以下の例では、workディレクトリ配下にmember_list.csvファイルを作成し、 そのファイルをアップロード対象として指定している。"
"ja/development_tools/testing_framework/guide/development_guide/05_UnitTestGuide/02_RequestUnitTest/fileupload.rst","75","para","0","固定長ファイル、CSVファイルの場合","","``LIST_MAP=requestParams``"
"ja/development_tools/testing_framework/guide/development_guide/05_UnitTestGuide/02_RequestUnitTest/fileupload.rst","77","table","0","固定長ファイル、CSVファイルの場合","","uploadfile | comment"
"ja/development_tools/testing_framework/guide/development_guide/05_UnitTestGuide/02_RequestUnitTest/fileupload.rst","84","para","0","固定長ファイル、CSVファイルの場合","","``SETUP_FIXED=work/member_list.csv``"
"ja/development_tools/testing_framework/guide/development_guide/05_UnitTestGuide/02_RequestUnitTest/fileupload.rst","88","para","0","固定長ファイル、CSVファイルの場合","","// ディレクティブ"
"ja/development_tools/testing_framework/guide/development_guide/05_UnitTestGuide/02_RequestUnitTest/fileupload.rst","90","table","0","固定長ファイル、CSVファイルの場合","","text-encoding | Windows-31J"
"ja/development_tools/testing_framework/guide/development_guide/05_UnitTestGuide/02_RequestUnitTest/fileupload.rst","96","para","0","固定長ファイル、CSVファイルの場合","","// データ"
"ja/development_tools/testing_framework/guide/development_guide/05_UnitTestGuide/02_RequestUnitTest/fileupload.rst","98","table","0","固定長ファイル、CSVファイルの場合","","name | age | address"
"ja/development_tools/testing_framework/guide/development_guide/05_UnitTestGuide/02_RequestUnitTest/fileupload.rst","108","admonition","0","固定長ファイル、CSVファイルの場合","tip",""
"ja/development_tools/testing_framework/guide/development_guide/05_UnitTestGuide/02_RequestUnitTest/fileupload.rst","109","para","0","固定長ファイル、CSVファイルの場合","","固定長ファイルやCSVファイルをアップロードする場合でも、 バイナリファイルと同様に、事前にファイルを用意しておくことも可能であるが、 テストデータの保守容易性を考慮するとテストデータシートに記載しておくべきである。"
"ja/development_tools/testing_framework/guide/development_guide/05_UnitTestGuide/02_RequestUnitTest/http_real.rst","3","heading","1","","リクエスト単体テストの実施方法（HTTP同期応答メッセージ受信処理）",""
"ja/development_tools/testing_framework/guide/development_guide/05_UnitTestGuide/02_RequestUnitTest/http_real.rst","5","para","0","リクエスト単体テストの実施方法（HTTP同期応答メッセージ受信処理）","","リクエスト単体テストの実施方法は、\ :ref:`real_request_test`\ を参照すること。"
"ja/development_tools/testing_framework/guide/development_guide/05_UnitTestGuide/02_RequestUnitTest/http_real.rst","7","para","0","リクエスト単体テストの実施方法（HTTP同期応答メッセージ受信処理）","","本項では、\ :ref:`real_request_test`\ と記述方法が異なる箇所を解説する。"
"ja/development_tools/testing_framework/guide/development_guide/05_UnitTestGuide/02_RequestUnitTest/http_real.rst","11","heading","2","リクエスト単体テストの実施方法（HTTP同期応答メッセージ受信処理）","テストデータの書き方",""
"ja/development_tools/testing_framework/guide/development_guide/05_UnitTestGuide/02_RequestUnitTest/http_real.rst","13","para","0","リクエスト単体テストの実施方法（HTTP同期応答メッセージ受信処理） > テストデータの書き方","","テストデータは Excel または YAML ファイルで記述できる。各データブロックの書き方は :ref:`ntf_testdata_testshots` および :ref:`ntf_testdata_messaging` を参照。"
"ja/development_tools/testing_framework/guide/development_guide/05_UnitTestGuide/02_RequestUnitTest/http_real.rst","16","heading","1","","テストショット一覧",""
"ja/development_tools/testing_framework/guide/development_guide/05_UnitTestGuide/02_RequestUnitTest/http_real.rst","18","para","0","テストショット一覧","","LIST_MAPのデータタイプで１テストメソッド分のテストショット表を記載する。IDは、\ **testShots**\ とする。"
"ja/development_tools/testing_framework/guide/development_guide/05_UnitTestGuide/02_RequestUnitTest/http_real.rst","20","para","0","テストショット一覧","","HTTP同期応答メッセージ受信処理特有の内容について以下に示す。"
"ja/development_tools/testing_framework/guide/development_guide/05_UnitTestGuide/02_RequestUnitTest/http_real.rst","22","table","0","テストショット一覧","","カラム名 | 説明 | 必須"
"ja/development_tools/testing_framework/guide/development_guide/05_UnitTestGuide/02_RequestUnitTest/http_real.rst","29","para","0","テストショット一覧","","expectedStatusCode JSON及びXMLデータ形式使用時は空欄にする。                                                      必須"
"ja/development_tools/testing_framework/guide/development_guide/05_UnitTestGuide/02_RequestUnitTest/http_real.rst","31","para","0","テストショット一覧","","requestPath        アクションを実行するためのURLから、ホスト名を抜いた部分。                                      必須 |br| 例えばアクション実行のURLが「http://127.0.0.1/msgaction/ss11AC/RM11AC0102」であれば"
"ja/development_tools/testing_framework/guide/development_guide/05_UnitTestGuide/02_RequestUnitTest/http_real.rst","37","para","0","テストショット一覧","","userId             認証認可チェックに使用するユーザID                                                                     必須 ================== ================================"
"ja/development_tools/testing_framework/guide/development_guide/05_UnitTestGuide/02_RequestUnitTest/http_real.rst","40","admonition","0","テストショット一覧","tip",""
"ja/development_tools/testing_framework/guide/development_guide/05_UnitTestGuide/02_RequestUnitTest/http_real.rst","41","para","0","テストショット一覧","","JSON及びXMLデータ形式使用時は、ステータスコードの比較も、テストデータファイルのメッセージボディとの比較で行う。フレームワーク制御ヘッダもメッセージボディに含まれるためである。"
"ja/development_tools/testing_framework/guide/development_guide/05_UnitTestGuide/02_RequestUnitTest/http_real.rst","45","heading","1","","各種準備データ",""
"ja/development_tools/testing_framework/guide/development_guide/05_UnitTestGuide/02_RequestUnitTest/http_real.rst","47","para","0","各種準備データ","","テスト実施に際して必要となる各種準備データの記述方法を説明する。 バッチでは、データベース、リクエストメッセージを準備する。"
"ja/development_tools/testing_framework/guide/development_guide/05_UnitTestGuide/02_RequestUnitTest/http_real.rst","52","heading","2","各種準備データ","リクエストメッセージ",""
"ja/development_tools/testing_framework/guide/development_guide/05_UnitTestGuide/02_RequestUnitTest/http_real.rst","54","para","0","各種準備データ > リクエストメッセージ","","テストの入力データとなる要求電文を記載する。以下に例を示す。"
"ja/development_tools/testing_framework/guide/development_guide/05_UnitTestGuide/02_RequestUnitTest/http_real.rst","58","para","0","各種準備データ > リクエストメッセージ","","MESSAGE=setUpMessages"
"ja/development_tools/testing_framework/guide/development_guide/05_UnitTestGuide/02_RequestUnitTest/http_real.rst","60","para","0","各種準備データ > リクエストメッセージ","","// 共通情報（ディレクティブ、フレームワーク制御ヘッダ）"
"ja/development_tools/testing_framework/guide/development_guide/05_UnitTestGuide/02_RequestUnitTest/http_real.rst","62","para","0","各種準備データ > リクエストメッセージ","","+------------------+--------------+------------+ | text-encoding    | Windows-31J  |            | +------------------+--------------+------------+ | requestId  "
"ja/development_tools/testing_framework/guide/development_guide/05_UnitTestGuide/02_RequestUnitTest/http_real.rst","68","para","0","各種準備データ > リクエストメッセージ","","// メッセージボディ"
"ja/development_tools/testing_framework/guide/development_guide/05_UnitTestGuide/02_RequestUnitTest/http_real.rst","70","para","0","各種準備データ > リクエストメッセージ","","【XML】"
"ja/development_tools/testing_framework/guide/development_guide/05_UnitTestGuide/02_RequestUnitTest/http_real.rst","72","para","0","各種準備データ > リクエストメッセージ","","+------------------+--------------------------------------------+---------------------------------+------------+ | no               | XML1                      "
"ja/development_tools/testing_framework/guide/development_guide/05_UnitTestGuide/02_RequestUnitTest/http_real.rst","84","para","0","各種準備データ > リクエストメッセージ","","【JSON】"
"ja/development_tools/testing_framework/guide/development_guide/05_UnitTestGuide/02_RequestUnitTest/http_real.rst","86","para","0","各種準備データ > リクエストメッセージ","","+------------------+-----------------------------------------+ | no               | JSON                                    | +------------------+--------------"
"ja/development_tools/testing_framework/guide/development_guide/05_UnitTestGuide/02_RequestUnitTest/http_real.rst","105","para","0","各種準備データ > リクエストメッセージ","","1. 先頭行"
"ja/development_tools/testing_framework/guide/development_guide/05_UnitTestGuide/02_RequestUnitTest/http_real.rst","107","para","0","各種準備データ > リクエストメッセージ","","テスト対象リクエストに対する要求電文を準備する。名前は、\ ``MESSAGE=setUpMessages``\ 固定とする。"
"ja/development_tools/testing_framework/guide/development_guide/05_UnitTestGuide/02_RequestUnitTest/http_real.rst","109","para","0","各種準備データ > リクエストメッセージ","","2. 共通情報"
"ja/development_tools/testing_framework/guide/development_guide/05_UnitTestGuide/02_RequestUnitTest/http_real.rst","111","para","0","各種準備データ > リクエストメッセージ","","名前の次行以降には以下の情報を記載する。これらの値は、リクエストメッセージの全メッセージで共通の値となる。"
"ja/development_tools/testing_framework/guide/development_guide/05_UnitTestGuide/02_RequestUnitTest/http_real.rst","113","para","0","各種準備データ > リクエストメッセージ","","* ディレクティブ * フレームワーク制御ヘッダ"
"ja/development_tools/testing_framework/guide/development_guide/05_UnitTestGuide/02_RequestUnitTest/http_real.rst","116","para","0","各種準備データ > リクエストメッセージ","","書式は、key-value形式である。"
"ja/development_tools/testing_framework/guide/development_guide/05_UnitTestGuide/02_RequestUnitTest/http_real.rst","118","para","0","各種準備データ > リクエストメッセージ","","+----+----+ |キー|値  | +----+----+"
"ja/development_tools/testing_framework/guide/development_guide/05_UnitTestGuide/02_RequestUnitTest/http_real.rst","122","admonition","0","各種準備データ > リクエストメッセージ","important",""
"ja/development_tools/testing_framework/guide/development_guide/05_UnitTestGuide/02_RequestUnitTest/http_real.rst","124","para","0","各種準備データ > リクエストメッセージ","","フレームワーク制御ヘッダの項目をPJで変更している場合、 以下のようにpropertiesファイルに ``reader.fwHeaderfields`` というキーでフレームワーク制御ヘッダ名を指定する必要がある。"
"ja/development_tools/testing_framework/guide/development_guide/05_UnitTestGuide/02_RequestUnitTest/http_real.rst","127","code","0","各種準備データ > リクエストメッセージ","properties","# フレームワーク制御ヘッダ名をカンマ区切りで指定する。
reader.fwHeaderfields=requestId,addHeader"
"ja/development_tools/testing_framework/guide/development_guide/05_UnitTestGuide/02_RequestUnitTest/http_real.rst","133","para","0","各種準備データ > リクエストメッセージ","","3. メッセージボディ"
"ja/development_tools/testing_framework/guide/development_guide/05_UnitTestGuide/02_RequestUnitTest/http_real.rst","135","para","0","各種準備データ > リクエストメッセージ","","フレームワーク制御ヘッダ以降のメッセージを記載する。"
"ja/development_tools/testing_framework/guide/development_guide/05_UnitTestGuide/02_RequestUnitTest/http_real.rst","138","para","0","各種準備データ > リクエストメッセージ","","+------------+---------------+----------------------------------------+ |行          |記述内容       |備考                                    | +============+========="
"ja/development_tools/testing_framework/guide/development_guide/05_UnitTestGuide/02_RequestUnitTest/http_real.rst","152","admonition","0","各種準備データ > リクエストメッセージ","tip",""
"ja/development_tools/testing_framework/guide/development_guide/05_UnitTestGuide/02_RequestUnitTest/http_real.rst","153","para","0","各種準備データ > リクエストメッセージ","","JSON及びXMLデータ形式使用時は、1テストデータシートに1テストケースのみ記述すること。"
"ja/development_tools/testing_framework/guide/development_guide/05_UnitTestGuide/02_RequestUnitTest/http_real.rst","155","para","0","各種準備データ > リクエストメッセージ","","これはメッセージボディについて、Excelの各行の文字列長が同一であることを期待しているというNTFの制約によるものである。JSON及びXMLデータ形式は、要求電文の長さがリクエスト毎に異なるのが一般的なので、事実上1テストケースしか記述できない。"
"ja/development_tools/testing_framework/guide/development_guide/05_UnitTestGuide/02_RequestUnitTest/http_real.rst","157","admonition","0","各種準備データ > リクエストメッセージ","important",""
"ja/development_tools/testing_framework/guide/development_guide/05_UnitTestGuide/02_RequestUnitTest/http_real.rst","158","para","0","各種準備データ > リクエストメッセージ","","フィールド名称に\ **重複した名称は許容されない**\ 。 例えば、「氏名」というフィールドが2つ以上存在してはならない。 （通常、このような場合は「本会員氏名」と「家族会員氏名」のようにユニークなフィールド名称が付与される）"
"ja/development_tools/testing_framework/guide/development_guide/05_UnitTestGuide/02_RequestUnitTest/http_real.rst","163","heading","1","","各種期待値",""
"ja/development_tools/testing_framework/guide/development_guide/05_UnitTestGuide/02_RequestUnitTest/http_real.rst","166","heading","2","各種期待値","レスポンスメッセージ",""
"ja/development_tools/testing_framework/guide/development_guide/05_UnitTestGuide/02_RequestUnitTest/http_real.rst","168","para","0","各種期待値 > レスポンスメッセージ","","\ `リクエストメッセージ`_\ と同じ。"
"ja/development_tools/testing_framework/guide/development_guide/05_UnitTestGuide/02_RequestUnitTest/http_real.rst","170","para","0","各種期待値 > レスポンスメッセージ","","ただし、名前が\ ``MESSAGE=expectedMessages``\ となる。"
"ja/development_tools/testing_framework/guide/development_guide/05_UnitTestGuide/02_RequestUnitTest/http_real.rst","172","para","0","各種期待値 > レスポンスメッセージ","","応答電文のフィールド長は""-""(ハイフン)を設定する。"
"ja/development_tools/testing_framework/guide/development_guide/05_UnitTestGuide/02_RequestUnitTest/http_real.rst","174","figure","0","各種期待値 > レスポンスメッセージ","","./_image/http_real_test_data.png"
"ja/development_tools/testing_framework/guide/development_guide/05_UnitTestGuide/02_RequestUnitTest/http_real.rst","179","para","0","各種期待値 > レスポンスメッセージ","","<br />"
"ja/development_tools/testing_framework/guide/development_guide/05_UnitTestGuide/02_RequestUnitTest/http_send_sync.rst","5","heading","1","","リクエスト単体テストの実施方法(HTTP同期応答メッセージ送信処理)",""
"ja/development_tools/testing_framework/guide/development_guide/05_UnitTestGuide/02_RequestUnitTest/http_send_sync.rst","7","para","0","リクエスト単体テストの実施方法(HTTP同期応答メッセージ送信処理)","","リクエスト単体テスト実施方法は、\ :ref:`message_sendSyncMessage_test`\ を参照すること。"
"ja/development_tools/testing_framework/guide/development_guide/05_UnitTestGuide/02_RequestUnitTest/http_send_sync.rst","9","para","0","リクエスト単体テストの実施方法(HTTP同期応答メッセージ送信処理)","","ただし、「送信キュー」「受信キュー」を「通信先」と読み替えること。"
"ja/development_tools/testing_framework/guide/development_guide/05_UnitTestGuide/02_RequestUnitTest/http_send_sync.rst","11","para","0","リクエスト単体テストの実施方法(HTTP同期応答メッセージ送信処理)","","本項では、\ :ref:`message_sendSyncMessage_test`\ と異なる箇所を解説する。"
"ja/development_tools/testing_framework/guide/development_guide/05_UnitTestGuide/02_RequestUnitTest/http_send_sync.rst","18","heading","2","リクエスト単体テストの実施方法(HTTP同期応答メッセージ送信処理)","テストデータの書き方",""
"ja/development_tools/testing_framework/guide/development_guide/05_UnitTestGuide/02_RequestUnitTest/http_send_sync.rst","20","para","0","リクエスト単体テストの実施方法(HTTP同期応答メッセージ送信処理) > テストデータの書き方","","テストデータは Excel または YAML ファイルで記述できる。メッセージングデータの書き方は :ref:`ntf_testdata_messaging` を参照。"
"ja/development_tools/testing_framework/guide/development_guide/05_UnitTestGuide/02_RequestUnitTest/http_send_sync.rst","23","heading","3","リクエスト単体テストの実施方法(HTTP同期応答メッセージ送信処理) > テストデータの書き方","電文を1回送信する場合の要求電文の期待値および、返却する応答電文（レスポンスメッセージ）の例",""
"ja/development_tools/testing_framework/guide/development_guide/05_UnitTestGuide/02_RequestUnitTest/http_send_sync.rst","25","para","0","リクエスト単体テストの実施方法(HTTP同期応答メッセージ送信処理) > テストデータの書き方 > 電文を1回送信する場合の要求電文の期待値および、返却する応答電文（レスポンスメッセージ）の例","","以下に、電文を1回送信する場合の返却する応答電文の記述例を示す。"
"ja/development_tools/testing_framework/guide/development_guide/05_UnitTestGuide/02_RequestUnitTest/http_send_sync.rst","28","figure","0","リクエスト単体テストの実施方法(HTTP同期応答メッセージ送信処理) > テストデータの書き方 > 電文を1回送信する場合の要求電文の期待値および、返却する応答電文（レスポンスメッセージ）の例","","./_image/http_send_sync_response.png"
"ja/development_tools/testing_framework/guide/development_guide/05_UnitTestGuide/02_RequestUnitTest/http_send_sync.rst","32","admonition","0","リクエスト単体テストの実施方法(HTTP同期応答メッセージ送信処理) > テストデータの書き方 > 電文を1回送信する場合の要求電文の期待値および、返却する応答電文（レスポンスメッセージ）の例","tip",""
"ja/development_tools/testing_framework/guide/development_guide/05_UnitTestGuide/02_RequestUnitTest/http_send_sync.rst","33","para","0","リクエスト単体テストの実施方法(HTTP同期応答メッセージ送信処理) > テストデータの書き方 > 電文を1回送信する場合の要求電文の期待値および、返却する応答電文（レスポンスメッセージ）の例","","RESPONSE_BODY_MESSAGES(及び後の例で使用するEXPECTED_REQUEST_BODY_MESSAGES)は、複数フィールドに分割して記述可能である。"
"ja/development_tools/testing_framework/guide/development_guide/05_UnitTestGuide/02_RequestUnitTest/http_send_sync.rst","35","para","0","リクエスト単体テストの実施方法(HTTP同期応答メッセージ送信処理) > テストデータの書き方 > 電文を1回送信する場合の要求電文の期待値および、返却する応答電文（レスポンスメッセージ）の例","","文字列が長く、1セルに全部記述すると可読性が落ちる場合に分割して記述する。"
"ja/development_tools/testing_framework/guide/development_guide/05_UnitTestGuide/02_RequestUnitTest/http_send_sync.rst","37","para","0","リクエスト単体テストの実施方法(HTTP同期応答メッセージ送信処理) > テストデータの書き方 > 電文を1回送信する場合の要求電文の期待値および、返却する応答電文（レスポンスメッセージ）の例","","分割する際、「フィールド名」は任意の文字列を指定する。上記の例では ``XML1`` 、 ``XML2`` 、 ``XML3`` としている。"
"ja/development_tools/testing_framework/guide/development_guide/05_UnitTestGuide/02_RequestUnitTest/http_send_sync.rst","40","para","0","リクエスト単体テストの実施方法(HTTP同期応答メッセージ送信処理) > テストデータの書き方 > 電文を1回送信する場合の要求電文の期待値および、返却する応答電文（レスポンスメッセージ）の例","","以下に、電文を1回送信する場合の要求電文の期待値の記述例を示す。"
"ja/development_tools/testing_framework/guide/development_guide/05_UnitTestGuide/02_RequestUnitTest/http_send_sync.rst","43","figure","0","リクエスト単体テストの実施方法(HTTP同期応答メッセージ送信処理) > テストデータの書き方 > 電文を1回送信する場合の要求電文の期待値および、返却する応答電文（レスポンスメッセージ）の例","","./_image/http_send_sync_expected.png"
"ja/development_tools/testing_framework/guide/development_guide/05_UnitTestGuide/02_RequestUnitTest/http_send_sync.rst","48","admonition","0","リクエスト単体テストの実施方法(HTTP同期応答メッセージ送信処理) > テストデータの書き方 > 電文を1回送信する場合の要求電文の期待値および、返却する応答電文（レスポンスメッセージ）の例","tip",""
"ja/development_tools/testing_framework/guide/development_guide/05_UnitTestGuide/02_RequestUnitTest/http_send_sync.rst","49","para","0","リクエスト単体テストの実施方法(HTTP同期応答メッセージ送信処理) > テストデータの書き方 > 電文を1回送信する場合の要求電文の期待値および、返却する応答電文（レスポンスメッセージ）の例","","JSON及びXMLデータ形式使用時は、1テストデータシートに1テストケースのみ記述すること。"
"ja/development_tools/testing_framework/guide/development_guide/05_UnitTestGuide/02_RequestUnitTest/http_send_sync.rst","51","para","0","リクエスト単体テストの実施方法(HTTP同期応答メッセージ送信処理) > テストデータの書き方 > 電文を1回送信する場合の要求電文の期待値および、返却する応答電文（レスポンスメッセージ）の例","","これはメッセージボディについて、Excelの各行の文字列長が同一であることを期待しているというNTFの制約によるものである。JSON及びXMLデータ形式は、要求電文の長さがリクエスト毎に異なるのが一般的なので、事実上1テストケースしか記述できない。"
"ja/development_tools/testing_framework/guide/development_guide/05_UnitTestGuide/02_RequestUnitTest/http_send_sync.rst","55","heading","3","リクエスト単体テストの実施方法(HTTP同期応答メッセージ送信処理) > テストデータの書き方","電文を2回以上送信する場合の要求電文の期待値および、返却する応答電文（レスポンスメッセージ）の例",""
"ja/development_tools/testing_framework/guide/development_guide/05_UnitTestGuide/02_RequestUnitTest/http_send_sync.rst","57","para","0","リクエスト単体テストの実施方法(HTTP同期応答メッセージ送信処理) > テストデータの書き方 > 電文を2回以上送信する場合の要求電文の期待値および、返却する応答電文（レスポンスメッセージ）の例","","複数回電文を送信する場合のテストは、テスティングフレームワークの以下の仕様に注意をして記述すること。"
"ja/development_tools/testing_framework/guide/development_guide/05_UnitTestGuide/02_RequestUnitTest/http_send_sync.rst","59","para","0","リクエスト単体テストの実施方法(HTTP同期応答メッセージ送信処理) > テストデータの書き方 > 電文を2回以上送信する場合の要求電文の期待値および、返却する応答電文（レスポンスメッセージ）の例","","* 同一データタイプ(以下の例では ``RESPONSE_HEADER_MESSAGES`` と ``RESPONSE_BODY_MESSAGES`` )は、それぞれ、まとめて記述する。詳細は、 \ :ref:`tips_groupId`\ 及び、 \ :ref:`auto-test-framework_multi-d"
"ja/development_tools/testing_framework/guide/development_guide/05_UnitTestGuide/02_RequestUnitTest/http_send_sync.rst","63","para","0","リクエスト単体テストの実施方法(HTTP同期応答メッセージ送信処理) > テストデータの書き方 > 電文を2回以上送信する場合の要求電文の期待値および、返却する応答電文（レスポンスメッセージ）の例","","以下に複数回電文を送信する際の、返却する応答電文の記述例を示す。"
"ja/development_tools/testing_framework/guide/development_guide/05_UnitTestGuide/02_RequestUnitTest/http_send_sync.rst","66","figure","0","リクエスト単体テストの実施方法(HTTP同期応答メッセージ送信処理) > テストデータの書き方 > 電文を2回以上送信する場合の要求電文の期待値および、返却する応答電文（レスポンスメッセージ）の例","","./_image/http_send_sync_ok_pattern_response.png"
"ja/development_tools/testing_framework/guide/development_guide/05_UnitTestGuide/02_RequestUnitTest/http_send_sync.rst","69","para","0","リクエスト単体テストの実施方法(HTTP同期応答メッセージ送信処理) > テストデータの書き方 > 電文を2回以上送信する場合の要求電文の期待値および、返却する応答電文（レスポンスメッセージ）の例","","以下に複数回電文を送信する際の、要求電文の期待値の記述例を示す。"
"ja/development_tools/testing_framework/guide/development_guide/05_UnitTestGuide/02_RequestUnitTest/http_send_sync.rst","72","figure","0","リクエスト単体テストの実施方法(HTTP同期応答メッセージ送信処理) > テストデータの書き方 > 電文を2回以上送信する場合の要求電文の期待値および、返却する応答電文（レスポンスメッセージ）の例","","./_image/http_send_sync_ok_pattern_expected.png"
"ja/development_tools/testing_framework/guide/development_guide/05_UnitTestGuide/02_RequestUnitTest/http_send_sync.rst","76","admonition","0","リクエスト単体テストの実施方法(HTTP同期応答メッセージ送信処理) > テストデータの書き方 > 電文を2回以上送信する場合の要求電文の期待値および、返却する応答電文（レスポンスメッセージ）の例","tip",""
"ja/development_tools/testing_framework/guide/development_guide/05_UnitTestGuide/02_RequestUnitTest/http_send_sync.rst","77","para","0","リクエスト単体テストの実施方法(HTTP同期応答メッセージ送信処理) > テストデータの書き方 > 電文を2回以上送信する場合の要求電文の期待値および、返却する応答電文（レスポンスメッセージ）の例","","送信対象のリクエストIDが複数存在する場合、送信順のテストは不可能である。上記の例の場合、 ``ProjectSaveMessage`` より先に、 ``ProjectSaveMessage2`` が送信された場合であってもテストは成功となる。"
"ja/development_tools/testing_framework/guide/development_guide/05_UnitTestGuide/02_RequestUnitTest/http_send_sync.rst","81","heading","2","リクエスト単体テストの実施方法(HTTP同期応答メッセージ送信処理)","障害系のテスト",""
"ja/development_tools/testing_framework/guide/development_guide/05_UnitTestGuide/02_RequestUnitTest/http_send_sync.rst","83","para","0","リクエスト単体テストの実施方法(HTTP同期応答メッセージ送信処理) > 障害系のテスト","","応答電文の表に「errorMode:」から始まる特定の値を設定することで、障害系のテストを行うことができる\ [#http_send_sync_abnormal_test]_\ 。"
"ja/development_tools/testing_framework/guide/development_guide/05_UnitTestGuide/02_RequestUnitTest/http_send_sync.rst","85","para","0","リクエスト単体テストの実施方法(HTTP同期応答メッセージ送信処理) > 障害系のテスト","","以下に、設定値と、障害系のテストの対応を示す。"
"ja/development_tools/testing_framework/guide/development_guide/05_UnitTestGuide/02_RequestUnitTest/http_send_sync.rst","87","para","0","リクエスト単体テストの実施方法(HTTP同期応答メッセージ送信処理) > 障害系のテスト","","+------------------------------+-------------------------------------------------------------+------------------------------------------------------------------"
"ja/development_tools/testing_framework/guide/development_guide/05_UnitTestGuide/02_RequestUnitTest/http_send_sync.rst","96","para","0","リクエスト単体テストの実施方法(HTTP同期応答メッセージ送信処理) > 障害系のテスト","","この値は、応答電文の表の\ **ヘッダおよび本文両方の、「no」を除く最初のフィールド**\ に記載すること。"
"ja/development_tools/testing_framework/guide/development_guide/05_UnitTestGuide/02_RequestUnitTest/http_send_sync.rst","99","para","0","リクエスト単体テストの実施方法(HTTP同期応答メッセージ送信処理) > 障害系のテスト","","業務アクション内で、明示的に **MessagingException** を制御していないのであれば、 個別のリクエスト単体テストにおいて障害系のテストを行う必要は無い。"
"ja/development_tools/testing_framework/guide/development_guide/05_UnitTestGuide/02_RequestUnitTest/http_send_sync.rst","103","para","0","リクエスト単体テストの実施方法(HTTP同期応答メッセージ送信処理) > 障害系のテスト","","\ :ref:`message_sendSyncMessage_test`\ と異なるクラスを送出する。"
"ja/development_tools/testing_framework/guide/development_guide/05_UnitTestGuide/02_RequestUnitTest/http_send_sync.rst","107","heading","3","リクエスト単体テストの実施方法(HTTP同期応答メッセージ送信処理) > 障害系のテスト","モックアップを使用するための記述",""
"ja/development_tools/testing_framework/guide/development_guide/05_UnitTestGuide/02_RequestUnitTest/http_send_sync.rst","109","para","0","リクエスト単体テストの実施方法(HTTP同期応答メッセージ送信処理) > 障害系のテスト > モックアップを使用するための記述","","testShotsに ``expectedMessageByClient`` および ``responseMessageByClient`` にグループIDを設定する。モックアップ自体については、\ :ref:`dealUnitTest_send_sync`\ を参照。"
"ja/development_tools/testing_framework/guide/development_guide/05_UnitTestGuide/02_RequestUnitTest/http_send_sync.rst","112","para","0","リクエスト単体テストの実施方法(HTTP同期応答メッセージ送信処理) > 障害系のテスト > モックアップを使用するための記述","","グループIDの関連については\ :ref:`message_sendSyncMessage_test`\ における ``expectedMessage`` および ``responseMessage`` の場合と同様であるため割愛する。"
"ja/development_tools/testing_framework/guide/development_guide/05_UnitTestGuide/02_RequestUnitTest/http_send_sync.rst","114","figure","0","リクエスト単体テストの実施方法(HTTP同期応答メッセージ送信処理) > 障害系のテスト > モックアップを使用するための記述","","./_image/http_send_sync_shot.png"
"ja/development_tools/testing_framework/guide/development_guide/05_UnitTestGuide/02_RequestUnitTest/http_send_sync.rst","119","para","0","リクエスト単体テストの実施方法(HTTP同期応答メッセージ送信処理) > 障害系のテスト > モックアップを使用するための記述","","| 同一アクション内でMOMによる同期応答メッセージ送信処理とHTTP同期応答メッセージ送信処理が同時に行われる場合、 | ""expectedMessage""、""responseMessage""にMOMによる同期応答メッセージ送信処理で使用するグループIDを、 | ""expectedMessageByClient""、"""
"ja/development_tools/testing_framework/guide/development_guide/05_UnitTestGuide/02_RequestUnitTest/http_send_sync.rst","124","figure","0","リクエスト単体テストの実施方法(HTTP同期応答メッセージ送信処理) > 障害系のテスト > モックアップを使用するための記述","","./_image/http_mom_send_sync_shot.png"
"ja/development_tools/testing_framework/guide/development_guide/05_UnitTestGuide/02_RequestUnitTest/http_send_sync.rst","128","admonition","0","リクエスト単体テストの実施方法(HTTP同期応答メッセージ送信処理) > 障害系のテスト > モックアップを使用するための記述","tip",""
"ja/development_tools/testing_framework/guide/development_guide/05_UnitTestGuide/02_RequestUnitTest/http_send_sync.rst","131","para","0","リクエスト単体テストの実施方法(HTTP同期応答メッセージ送信処理) > 障害系のテスト > モックアップを使用するための記述","","グループIDはMOMによる同期応答メッセージ送信処理とHTTP同期応答メッセージ送信処理でそれぞれ別の値を設定する必要がある。 同一のグループIDを指定した場合、正しく結果検証が行われないため、注意すること。"
"ja/development_tools/testing_framework/guide/development_guide/05_UnitTestGuide/02_RequestUnitTest/http_send_sync.rst","136","heading","3","リクエスト単体テストの実施方法(HTTP同期応答メッセージ送信処理) > 障害系のテスト","要求電文のアサート",""
"ja/development_tools/testing_framework/guide/development_guide/05_UnitTestGuide/02_RequestUnitTest/http_send_sync.rst","138","para","0","リクエスト単体テストの実施方法(HTTP同期応答メッセージ送信処理) > 障害系のテスト > 要求電文のアサート","","テストデータのディレクティブ行に設定されたfile-typeの値により、要求電文のアサート方法が変化する。"
"ja/development_tools/testing_framework/guide/development_guide/05_UnitTestGuide/02_RequestUnitTest/http_send_sync.rst","140","para","0","リクエスト単体テストの実施方法(HTTP同期応答メッセージ送信処理) > 障害系のテスト > 要求電文のアサート","","設定方法やアサート内容についての詳細は :ref:`real_request_test` のレスポンスメッセージの項を参照すること。"
"ja/development_tools/testing_framework/guide/development_guide/05_UnitTestGuide/02_RequestUnitTest/http_send_sync.rst","144","heading","2","リクエスト単体テストの実施方法(HTTP同期応答メッセージ送信処理)","フレームワークで使用するクラスの設定",""
"ja/development_tools/testing_framework/guide/development_guide/05_UnitTestGuide/02_RequestUnitTest/http_send_sync.rst","146","para","0","リクエスト単体テストの実施方法(HTTP同期応答メッセージ送信処理) > フレームワークで使用するクラスの設定","","通常、これらの設定はアーキテクトが行うものでありアプリケーションプログラマが設定する必要はない。"
"ja/development_tools/testing_framework/guide/development_guide/05_UnitTestGuide/02_RequestUnitTest/http_send_sync.rst","150","heading","3","リクエスト単体テストの実施方法(HTTP同期応答メッセージ送信処理) > フレームワークで使用するクラスの設定","モックアップクラスの設定",""
"ja/development_tools/testing_framework/guide/development_guide/05_UnitTestGuide/02_RequestUnitTest/http_send_sync.rst","152","para","0","リクエスト単体テストの実施方法(HTTP同期応答メッセージ送信処理) > フレームワークで使用するクラスの設定 > モックアップクラスの設定","","コンポーネント設定ファイルに、リクエスト単体テストで使用するモックアップクラスを設定する。"
"ja/development_tools/testing_framework/guide/development_guide/05_UnitTestGuide/02_RequestUnitTest/http_send_sync.rst","154","code","0","リクエスト単体テストの実施方法(HTTP同期応答メッセージ送信処理) > フレームワークで使用するクラスの設定 > モックアップクラスの設定","xml","<!-- HTTP通信用クライアント -->
<component name=""defaultMessageSenderClient""
class=""nablarch.test.core.messaging.RequestTestingMessagingClient"">"
"ja/development_tools/testing_framework/guide/development_guide/05_UnitTestGuide/02_RequestUnitTest/http_send_sync.rst","162","para","0","リクエスト単体テストの実施方法(HTTP同期応答メッセージ送信処理) > フレームワークで使用するクラスの設定 > モックアップクラスの設定","","なお、\ ``charset``\ に、文字コード名を指定することでログに出力する文字コードを変更できる。 通常は省略可能で、省略した場合はUTF-8が使用される。"
"ja/development_tools/testing_framework/guide/development_guide/05_UnitTestGuide/02_RequestUnitTest/index.rst","5","heading","1","","リクエスト単体テストの実施方法",""
"ja/development_tools/testing_framework/guide/development_guide/05_UnitTestGuide/02_RequestUnitTest/index.rst","10","heading","2","リクエスト単体テストの実施方法","テストクラスの書き方",""
"ja/development_tools/testing_framework/guide/development_guide/05_UnitTestGuide/02_RequestUnitTest/index.rst","12","para","0","リクエスト単体テストの実施方法 > テストクラスの書き方","","テストクラスは以下の条件を満たすように作成する。"
"ja/development_tools/testing_framework/guide/development_guide/05_UnitTestGuide/02_RequestUnitTest/index.rst","14","para","0","リクエスト単体テストの実施方法 > テストクラスの書き方","","* テストクラスのパッケージは、テスト対象のActionクラスと同じとする。 * <Actionクラス名>RequestTestというクラス名でテストクラスを作成する。 * nablarch.test.core.http.BasicHttpRequestTestTemplateを継承する。 (プロジェクト側で拡張したT"
"ja/development_tools/testing_framework/guide/development_guide/05_UnitTestGuide/02_RequestUnitTest/index.rst","19","para","0","リクエスト単体テストの実施方法 > テストクラスの書き方","","例えば、テスト対象のActionクラスが、nablarch.sample.management.user.UserSearchActionだとすると、 テストクラスは以下のようになる。"
"ja/development_tools/testing_framework/guide/development_guide/05_UnitTestGuide/02_RequestUnitTest/index.rst","22","code","0","リクエスト単体テストの実施方法 > テストクラスの書き方","java",""
"ja/development_tools/testing_framework/guide/development_guide/05_UnitTestGuide/02_RequestUnitTest/index.rst","24","para","0","リクエスト単体テストの実施方法 > テストクラスの書き方","","package nablarch.sample.management.user;"
"ja/development_tools/testing_framework/guide/development_guide/05_UnitTestGuide/02_RequestUnitTest/index.rst","26","para","0","リクエスト単体テストの実施方法 > テストクラスの書き方","","// ～中略～"
"ja/development_tools/testing_framework/guide/development_guide/05_UnitTestGuide/02_RequestUnitTest/index.rst","28","para","0","リクエスト単体テストの実施方法 > テストクラスの書き方","","public class UserSearchActionRequestTest extends BasicHttpRequestTestTemplate {"
"ja/development_tools/testing_framework/guide/development_guide/05_UnitTestGuide/02_RequestUnitTest/index.rst","32","admonition","0","リクエスト単体テストの実施方法 > テストクラスの書き方","tip",""
"ja/development_tools/testing_framework/guide/development_guide/05_UnitTestGuide/02_RequestUnitTest/index.rst","33","para","0","リクエスト単体テストの実施方法 > テストクラスの書き方","","スーパクラスBasicHttpRequestTestTemplateは、リクエスト単体テストに必要な各種メソッドを用意している。\ DbAccessTestSupportの機能も兼ね備えているので、データベースの設定などもクラス単体テストと\ 同じように実行できる。\"
"ja/development_tools/testing_framework/guide/development_guide/05_UnitTestGuide/02_RequestUnitTest/index.rst","40","heading","2","リクエスト単体テストの実施方法","テストメソッド分割",""
"ja/development_tools/testing_framework/guide/development_guide/05_UnitTestGuide/02_RequestUnitTest/index.rst","42","para","0","リクエスト単体テストの実施方法 > テストメソッド分割","","以下の手順により、作成するテストメソッドを決定する。"
"ja/development_tools/testing_framework/guide/development_guide/05_UnitTestGuide/02_RequestUnitTest/index.rst","44","para","0","リクエスト単体テストの実施方法 > テストメソッド分割","","* リクエストID毎（Actionのメソッド毎）に、テストケースを正常系と異常系に分類し、それぞれテストメソッドを作成する。"
"ja/development_tools/testing_framework/guide/development_guide/05_UnitTestGuide/02_RequestUnitTest/index.rst","46","para","0","リクエスト単体テストの実施方法 > テストメソッド分割","","* メニューからの単純な画面遷移のように異常系のケースが無い場合は、正常系のテストメソッドのみ作成する。"
"ja/development_tools/testing_framework/guide/development_guide/05_UnitTestGuide/02_RequestUnitTest/index.rst","48","para","0","リクエスト単体テストの実施方法 > テストメソッド分割","","* 画面表示検証項目については、正常系、異常系のいずれかのメソッドに含められるか検討する。"
"ja/development_tools/testing_framework/guide/development_guide/05_UnitTestGuide/02_RequestUnitTest/index.rst","50","para","0","リクエスト単体テストの実施方法 > テストメソッド分割","","* 同一シートにでの条件分岐が煩雑になる場合は画面表示検証用のテストメソッドを別途作成する。 * そうでない場合は、画面検証用のメソッドは作成せず、正常系または異常系のテストメソッドに含める。"
"ja/development_tools/testing_framework/guide/development_guide/05_UnitTestGuide/02_RequestUnitTest/index.rst","55","para","0","リクエスト単体テストの実施方法 > テストメソッド分割","","**メソッド分割例 （正常系、異常系、画面表示検証用で分割した場合）**"
"ja/development_tools/testing_framework/guide/development_guide/05_UnitTestGuide/02_RequestUnitTest/index.rst","57","table","0","リクエスト単体テストの実施方法 > テストメソッド分割","","リクエストID | Actionメソッド名 | テストデータシート名"
"ja/development_tools/testing_framework/guide/development_guide/05_UnitTestGuide/02_RequestUnitTest/index.rst","65","admonition","0","リクエスト単体テストの実施方法 > テストメソッド分割","tip",""
"ja/development_tools/testing_framework/guide/development_guide/05_UnitTestGuide/02_RequestUnitTest/index.rst","66","para","0","リクエスト単体テストの実施方法 > テストメソッド分割","","上記のようにメソッドを分割するのは、テストデータシートが煩雑になり可読性が下がることを避ける為である。\ 上記以外でも、１つのテストデータシートにさまざまなテストケースを詰め込むと可読性が下がる場合は、テストデータシートを分割する。"
"ja/development_tools/testing_framework/guide/development_guide/05_UnitTestGuide/02_RequestUnitTest/index.rst","73","heading","2","リクエスト単体テストの実施方法","テストデータの書き方",""
"ja/development_tools/testing_framework/guide/development_guide/05_UnitTestGuide/02_RequestUnitTest/index.rst","75","para","0","リクエスト単体テストの実施方法 > テストデータの書き方","","テストデータを記載したテストデータファイルは、クラス単体テストと同様に\ テストソースコードと同じディレクトリに同じ名前で格納する（拡張子のみ異なる）。"
"ja/development_tools/testing_framework/guide/development_guide/05_UnitTestGuide/02_RequestUnitTest/index.rst","78","para","0","リクエスト単体テストの実施方法 > テストデータの書き方","","テストデータの記述方法詳細については、\ :ref:`how_to_write_excel`\ を参照。"
"ja/development_tools/testing_framework/guide/development_guide/05_UnitTestGuide/02_RequestUnitTest/index.rst","84","heading","1","","テストクラスで共通のデータベース初期値",""
"ja/development_tools/testing_framework/guide/development_guide/05_UnitTestGuide/02_RequestUnitTest/index.rst","86","para","0","テストクラスで共通のデータベース初期値","","テストデータを記載したテストデータファイルに、\ **setUpDb**\ という名前でシートを用意し、 そこに共通のデータベース初期値を投入する。ここに記載されたデータは、 自動テストフレームワークによりテストメソッド実行時に投入される。"
"ja/development_tools/testing_framework/guide/development_guide/05_UnitTestGuide/02_RequestUnitTest/index.rst","90","figure","0","テストクラスで共通のデータベース初期値","","./_image/setupdb.png"
"ja/development_tools/testing_framework/guide/development_guide/05_UnitTestGuide/02_RequestUnitTest/index.rst","98","heading","1","","テストケース一覧",""
"ja/development_tools/testing_framework/guide/development_guide/05_UnitTestGuide/02_RequestUnitTest/index.rst","100","para","0","テストケース一覧","","LIST_MAPのデータタイプで１テストメソッド分のケース表を記載する。IDは、\ **testShots**\ とする。"
"ja/development_tools/testing_framework/guide/development_guide/05_UnitTestGuide/02_RequestUnitTest/index.rst","102","figure","0","テストケース一覧","","./_image/testShots.png"
"ja/development_tools/testing_framework/guide/development_guide/05_UnitTestGuide/02_RequestUnitTest/index.rst","106","para","0","テストケース一覧","","１ケース毎に以下の要素を持たせる。"
"ja/development_tools/testing_framework/guide/development_guide/05_UnitTestGuide/02_RequestUnitTest/index.rst","108","table","0","テストケース一覧","","カラム名 | 説明 | 必須"
"ja/development_tools/testing_framework/guide/development_guide/05_UnitTestGuide/02_RequestUnitTest/index.rst","182","para","0","テストケース一覧","","そのテストケースにて送信するHTTP\ `リクエストパラメータ`_\ ついては、この表ではなく別の表に記載する（\ :ref:`後述<request_test_req_params>`\ ）。"
"ja/development_tools/testing_framework/guide/development_guide/05_UnitTestGuide/02_RequestUnitTest/index.rst","187","para","0","テストケース一覧","","descriptionの内容はファイル名に使用するため、OSで規定されたファイル名に使用可能な文字以外の文字の使用や、ファイル名の長さ上限を超過した場合に、 IOExceptionが発生するため、ファイル名として許可された内容を入力すること。 例えば、descriptionに改行コードが含まれていた場合、ファイル名とし"
"ja/development_tools/testing_framework/guide/development_guide/05_UnitTestGuide/02_RequestUnitTest/index.rst","195","heading","1","","ユーザ情報",""
"ja/development_tools/testing_framework/guide/development_guide/05_UnitTestGuide/02_RequestUnitTest/index.rst","197","para","0","ユーザ情報","","そのテストケースでリクエストを送る際の、リクエストID、ユーザ、HTTPメソッドを、LIST_MAPのデータタイプで記載する。 複数のユーザ情報を使い分けることで、ユーザの権限や使用するHTTPメソッドによって処理が異なる機能をテストできる。"
"ja/development_tools/testing_framework/guide/development_guide/05_UnitTestGuide/02_RequestUnitTest/index.rst","200","para","0","ユーザ情報","","HTTPメソッド情報は任意項目である。省略した場合はPOSTが設定される。"
"ja/development_tools/testing_framework/guide/development_guide/05_UnitTestGuide/02_RequestUnitTest/index.rst","202","para","0","ユーザ情報","","例えば、権限によって参照可能なデータが異なる場合は、以下のようにユーザ情報を使い分ける。"
"ja/development_tools/testing_framework/guide/development_guide/05_UnitTestGuide/02_RequestUnitTest/index.rst","204","figure","0","ユーザ情報","","./_image/testcase-user.png"
"ja/development_tools/testing_framework/guide/development_guide/05_UnitTestGuide/02_RequestUnitTest/index.rst","207","para","0","ユーザ情報","","別の例として、同じリクエストIDで複数のHTTPメソッドを受け入れる場合は、以下のようにユーザ情報を使い分ける。"
"ja/development_tools/testing_framework/guide/development_guide/05_UnitTestGuide/02_RequestUnitTest/index.rst","209","figure","0","ユーザ情報","","./_image/testcase-user2.png"
"ja/development_tools/testing_framework/guide/development_guide/05_UnitTestGuide/02_RequestUnitTest/index.rst","214","heading","1","","Cookie情報",""
"ja/development_tools/testing_framework/guide/development_guide/05_UnitTestGuide/02_RequestUnitTest/index.rst","216","para","0","Cookie情報","","そのテストケースで必要となるCookie情報をLIST_MAPのデータタイプで記載する。 これにより、ケースごとに異なるCookie情報を送信してテストを行うことが可能となる。"
"ja/development_tools/testing_framework/guide/development_guide/05_UnitTestGuide/02_RequestUnitTest/index.rst","219","para","0","Cookie情報","","Cookie情報は、任意項目のためCookieを必要としないケースの場合には、記載不要である。"
"ja/development_tools/testing_framework/guide/development_guide/05_UnitTestGuide/02_RequestUnitTest/index.rst","221","para","0","Cookie情報","","例えば、ケースよってCookieの値を変更する必要がある場合には、以下のようにCookie情報を設定する。 Cookieを必要としないケースの場合には、以下例の8ケース目のように値を記載せずに空白としておくこと。"
"ja/development_tools/testing_framework/guide/development_guide/05_UnitTestGuide/02_RequestUnitTest/index.rst","224","figure","0","Cookie情報","","./_image/requestCookie.png"
"ja/development_tools/testing_framework/guide/development_guide/05_UnitTestGuide/02_RequestUnitTest/index.rst","230","heading","1","","クエリパラメータ情報",""
"ja/development_tools/testing_framework/guide/development_guide/05_UnitTestGuide/02_RequestUnitTest/index.rst","232","para","0","クエリパラメータ情報","","そのテストケースで必要となるクエリパラメータ情報をLIST_MAPのデータタイプで記載する。 これにより、ケースごとに異なるクエリパラメータ情報を送信してテストを行うことが可能となる。"
"ja/development_tools/testing_framework/guide/development_guide/05_UnitTestGuide/02_RequestUnitTest/index.rst","235","para","0","クエリパラメータ情報","","クエリパラメータ情報は、任意項目のためクエリパラメータを必要としないケースの場合には、記載不要である。"
"ja/development_tools/testing_framework/guide/development_guide/05_UnitTestGuide/02_RequestUnitTest/index.rst","237","para","0","クエリパラメータ情報","","例えば、ケースよってクエリパラメータの値を変更する必要がある場合には、以下のようにクエリパラメータ情報を設定する。 クエリパラメータを必要としないケースの場合には、以下例の3ケース目のように値を記載せずに空白としておくこと。"
"ja/development_tools/testing_framework/guide/development_guide/05_UnitTestGuide/02_RequestUnitTest/index.rst","240","figure","0","クエリパラメータ情報","","./_image/queryParams.png"
"ja/development_tools/testing_framework/guide/development_guide/05_UnitTestGuide/02_RequestUnitTest/index.rst","245","heading","1","","リクエストパラメータ",""
"ja/development_tools/testing_framework/guide/development_guide/05_UnitTestGuide/02_RequestUnitTest/index.rst","247","para","0","リクエストパラメータ","","各テストケースで送信するHTTPパラメータを、LIST_MAPのデータタイプで記載する。\"
"ja/development_tools/testing_framework/guide/development_guide/05_UnitTestGuide/02_RequestUnitTest/index.rst","250","para","0","リクエストパラメータ","",":ref:`http_dump_tool` を使用して、リクエストパラメータのデータを作成する。\ 初期画面表示のリクエスト（例えばメニュー画面からの遷移）以外は、このツールを用いてリクエストパラメータのデータを作成する。"
"ja/development_tools/testing_framework/guide/development_guide/05_UnitTestGuide/02_RequestUnitTest/index.rst","253","para","0","リクエストパラメータ","","LIST_MAPのデータタイプでHTTPリクエストパラメータを記載する。IDは、\ **requestParams**\ とする。 このデータと、\ :ref:`request_test_testcases` とは、行単位で関連付けられる。\ 例えば、テストケース一覧の先頭のテストケースでは、リクエストパラメータ表の先"
"ja/development_tools/testing_framework/guide/development_guide/05_UnitTestGuide/02_RequestUnitTest/index.rst","257","para","0","リクエストパラメータ","","テストケースとのひもづけを分かりやすくするため :ref:`marker_column` としてテストケース番号を記載すること。"
"ja/development_tools/testing_framework/guide/development_guide/05_UnitTestGuide/02_RequestUnitTest/index.rst","259","figure","0","リクエストパラメータ","","./_image/testcase_and_request.png"
"ja/development_tools/testing_framework/guide/development_guide/05_UnitTestGuide/02_RequestUnitTest/index.rst","262","admonition","0","リクエストパラメータ","tip",""
"ja/development_tools/testing_framework/guide/development_guide/05_UnitTestGuide/02_RequestUnitTest/index.rst","264","para","0","リクエストパラメータ","","リクエストパラメータは必ず記載する必要がある。"
"ja/development_tools/testing_framework/guide/development_guide/05_UnitTestGuide/02_RequestUnitTest/index.rst","266","para","0","リクエストパラメータ","","例えば初期画面表示のリクエストなど、リクエストパラメータが存在しない場合でも LIST_MAP=requestParams には必ず列を定義する必要がある。"
"ja/development_tools/testing_framework/guide/development_guide/05_UnitTestGuide/02_RequestUnitTest/index.rst","268","para","0","リクエストパラメータ","","リクエストパラメータが不要な場合は、下記のようにテストケース番号の列のみを記載する。 データはテストケース数分定義する。（3ケースであれば3行、10ケースであれば10行用意する）"
"ja/development_tools/testing_framework/guide/development_guide/05_UnitTestGuide/02_RequestUnitTest/index.rst","271","para","0","リクエストパラメータ","","※[no]列は、テストケース番号を視覚的に表すもの( :ref:`marker_column` )なので、リクエストパラメータには含まれない。"
"ja/development_tools/testing_framework/guide/development_guide/05_UnitTestGuide/02_RequestUnitTest/index.rst","273","figure","0","リクエストパラメータ","","./_image/dummy_request_param.png"
"ja/development_tools/testing_framework/guide/development_guide/05_UnitTestGuide/02_RequestUnitTest/index.rst","278","heading","2","リクエストパラメータ","ひとつのキーに対して複数の値を設定する場合",""
"ja/development_tools/testing_framework/guide/development_guide/05_UnitTestGuide/02_RequestUnitTest/index.rst","280","para","0","リクエストパラメータ > ひとつのキーに対して複数の値を設定する場合","","HTTPリクエストパラメータは、ひとつのキーに対して複数の値を設定できる。 リクエスト単体テストでは、\ **値をカンマ区切りで記述することにより、複数の値を表現**\ できる。"
"ja/development_tools/testing_framework/guide/development_guide/05_UnitTestGuide/02_RequestUnitTest/index.rst","283","para","0","リクエストパラメータ > ひとつのキーに対して複数の値を設定する場合","","以下の例では、fooというキーに対して、oneとtwoという複数の値を設定している。"
"ja/development_tools/testing_framework/guide/development_guide/05_UnitTestGuide/02_RequestUnitTest/index.rst","285","para","0","リクエストパラメータ > ひとつのキーに対して複数の値を設定する場合","","======== =========== foo      bar ======== =========== one,two  three ======== ==========="
"ja/development_tools/testing_framework/guide/development_guide/05_UnitTestGuide/02_RequestUnitTest/index.rst","291","para","0","リクエストパラメータ > ひとつのキーに対して複数の値を設定する場合","","値にカンマそのものを含める場合には、\ `\\`\ マークでエスケープする。\ 値に\\マークそのものを含める場合には、\\マーク自身をエスケープし、\ `\\\\`\ と記述する。"
"ja/development_tools/testing_framework/guide/development_guide/05_UnitTestGuide/02_RequestUnitTest/index.rst","295","para","0","リクエストパラメータ > ひとつのキーに対して複数の値を設定する場合","","例えば、\ `\\1,000`\ という値を表すには以下のように記述する。"
"ja/development_tools/testing_framework/guide/development_guide/05_UnitTestGuide/02_RequestUnitTest/index.rst","298","para","0","リクエストパラメータ > ひとつのキーに対して複数の値を設定する場合","","=========== =========== foo         bar =========== =========== \\\\1\\,000 three =========== ==========="
"ja/development_tools/testing_framework/guide/development_guide/05_UnitTestGuide/02_RequestUnitTest/index.rst","306","heading","1","","各種期待値",""
"ja/development_tools/testing_framework/guide/development_guide/05_UnitTestGuide/02_RequestUnitTest/index.rst","308","para","0","各種期待値","","検索結果、データベースを期待値と比較する場合は、 それぞれのデータとテストケース一覧とをIDで紐付けする。"
"ja/development_tools/testing_framework/guide/development_guide/05_UnitTestGuide/02_RequestUnitTest/index.rst","313","heading","2","各種期待値","期待する検索結果",""
"ja/development_tools/testing_framework/guide/development_guide/05_UnitTestGuide/02_RequestUnitTest/index.rst","315","para","0","各種期待値 > 期待する検索結果","","期待する検索結果を、テストケース一覧とリンクさせる。"
"ja/development_tools/testing_framework/guide/development_guide/05_UnitTestGuide/02_RequestUnitTest/index.rst","317","figure","0","各種期待値 > 期待する検索結果","","./_image/expected_search_result.png"
"ja/development_tools/testing_framework/guide/development_guide/05_UnitTestGuide/02_RequestUnitTest/index.rst","323","heading","2","各種期待値","期待するデータベースの状態",""
"ja/development_tools/testing_framework/guide/development_guide/05_UnitTestGuide/02_RequestUnitTest/index.rst","325","para","0","各種期待値 > 期待するデータベースの状態","","更新系のテストケースでは、期待するデータベースの状態を確認する為、 期待するデータベースの状態をテストケース一覧とリンクさせる。"
"ja/development_tools/testing_framework/guide/development_guide/05_UnitTestGuide/02_RequestUnitTest/index.rst","329","figure","0","各種期待値 > 期待するデータベースの状態","","./_image/expected_table.png"
"ja/development_tools/testing_framework/guide/development_guide/05_UnitTestGuide/02_RequestUnitTest/index.rst","336","heading","2","各種期待値","テストメソッドの書き方",""
"ja/development_tools/testing_framework/guide/development_guide/05_UnitTestGuide/02_RequestUnitTest/index.rst","339","heading","1","","スーパクラスについて",""
"ja/development_tools/testing_framework/guide/development_guide/05_UnitTestGuide/02_RequestUnitTest/index.rst","341","para","0","スーパクラスについて","","BasicHttpRequestTestTemplateクラスを継承する。 このクラスでは、準備したテストデータを元に以下の手順でリクエスト単体テストを実行する。"
"ja/development_tools/testing_framework/guide/development_guide/05_UnitTestGuide/02_RequestUnitTest/index.rst","344","para","0","スーパクラスについて","","* データシートからテストケースリスト(testShots LIST_MAP）を取得 * 取得したテストケース分、以下を繰り返し実行"
"ja/development_tools/testing_framework/guide/development_guide/05_UnitTestGuide/02_RequestUnitTest/index.rst","347","para","0","スーパクラスについて","","*  データベース初期化 *  ExecutionContext、HTTPリクエストを生成 *  業務テストコード用拡張ポイント呼出(beforeExecuteRequestメソッド） *  トークンが必要な場合、トークンを設定 *  テスト対象のリクエスト実行 *  実行結果の検証"
"ja/development_tools/testing_framework/guide/development_guide/05_UnitTestGuide/02_RequestUnitTest/index.rst","354","para","0","スーパクラスについて","","* HTTPステータスコード および メッセージID * HTTPレスポンス値(リクエストスコープ値) * 検索結果 * テーブル更新結果"
"ja/development_tools/testing_framework/guide/development_guide/05_UnitTestGuide/02_RequestUnitTest/index.rst","359","para","0","スーパクラスについて","","*  業務テストコード用拡張ポイント呼出(afterExecuteRequestメソッド）"
"ja/development_tools/testing_framework/guide/development_guide/05_UnitTestGuide/02_RequestUnitTest/index.rst","364","para","0","スーパクラスについて","","以下のメソッドが、スーパクラスで抽象メソッドとして定義されているのでオーバーライドする。"
"ja/development_tools/testing_framework/guide/development_guide/05_UnitTestGuide/02_RequestUnitTest/index.rst","367","code","0","スーパクラスについて","java",""
"ja/development_tools/testing_framework/guide/development_guide/05_UnitTestGuide/02_RequestUnitTest/index.rst","369","para","0","スーパクラスについて","","public class UserSearchActionRequestTest extends BasicHttpRequestTestTemplate {"
"ja/development_tools/testing_framework/guide/development_guide/05_UnitTestGuide/02_RequestUnitTest/index.rst","371","para","0","スーパクラスについて","","/** * {@inheritDoc} * 【説明】 URIの共通部分を返却する。 */ @Override protected String getBaseUri() { return ""/action/management/user/UserSearchAction/""; }"
"ja/development_tools/testing_framework/guide/development_guide/05_UnitTestGuide/02_RequestUnitTest/index.rst","383","heading","1","","テストメソッド作成",""
"ja/development_tools/testing_framework/guide/development_guide/05_UnitTestGuide/02_RequestUnitTest/index.rst","385","para","0","テストメソッド作成","","準備したテストシートに対応するメソッドを作成する。"
"ja/development_tools/testing_framework/guide/development_guide/05_UnitTestGuide/02_RequestUnitTest/index.rst","388","code","0","テストメソッド作成","java","@Test
public void testMenus00101() {
}"
"ja/development_tools/testing_framework/guide/development_guide/05_UnitTestGuide/02_RequestUnitTest/index.rst","397","heading","1","","スーパクラスのメソッド呼び出し",""
"ja/development_tools/testing_framework/guide/development_guide/05_UnitTestGuide/02_RequestUnitTest/index.rst","400","para","0","スーパクラスのメソッド呼び出し","","テストメソッド内で、スーパクラスの以下のいずれかのメソッドを呼び出す。"
"ja/development_tools/testing_framework/guide/development_guide/05_UnitTestGuide/02_RequestUnitTest/index.rst","402","para","0","スーパクラスのメソッド呼び出し","","* void execute() * void execute(Advice advice)"
"ja/development_tools/testing_framework/guide/development_guide/05_UnitTestGuide/02_RequestUnitTest/index.rst","405","para","0","スーパクラスのメソッド呼び出し","","通常の場合、execute()を使用する。"
"ja/development_tools/testing_framework/guide/development_guide/05_UnitTestGuide/02_RequestUnitTest/index.rst","407","code","0","スーパクラスのメソッド呼び出し","java","@Test
public void testUsers00101Normal() {
execute();"
"ja/development_tools/testing_framework/guide/development_guide/05_UnitTestGuide/02_RequestUnitTest/index.rst","416","heading","2","スーパクラスのメソッド呼び出し","固有の処理を追加する場合",""
"ja/development_tools/testing_framework/guide/development_guide/05_UnitTestGuide/02_RequestUnitTest/index.rst","418","para","0","スーパクラスのメソッド呼び出し > 固有の処理を追加する場合","","スーパクラスでは、どんなテストケースでも必要となる処理を定型化しているが、 テストケースによっては固有の処理が必要な場合がある。 (例えば、リクエストスコープにエンティティが格納されており、その内容を確認したい場合等)。"
"ja/development_tools/testing_framework/guide/development_guide/05_UnitTestGuide/02_RequestUnitTest/index.rst","423","para","0","スーパクラスのメソッド呼び出し > 固有の処理を追加する場合","","シート固有の準備処理、結果確認処理が必要な場合は、\ execute(Advice advice)を使用して、リクエスト送信前後に処理を挿し込むことができる。 BasicAdviceクラスには以下のメソッドが用意されており、それぞれリクエスト送信前、送信後にコールバックされる。"
"ja/development_tools/testing_framework/guide/development_guide/05_UnitTestGuide/02_RequestUnitTest/index.rst","427","para","0","スーパクラスのメソッド呼び出し > 固有の処理を追加する場合","","* void beforeExecute(TestCaseInfo testCaseInfo, ExecutionContext context) * void afterExecute(TestCaseInfo testCaseInfo, ExecutionContext context)"
"ja/development_tools/testing_framework/guide/development_guide/05_UnitTestGuide/02_RequestUnitTest/index.rst","430","admonition","0","スーパクラスのメソッド呼び出し > 固有の処理を追加する場合","tip",""
"ja/development_tools/testing_framework/guide/development_guide/05_UnitTestGuide/02_RequestUnitTest/index.rst","431","para","0","スーパクラスのメソッド呼び出し > 固有の処理を追加する場合","","これらのメソッド両方をオーバーライドする必要はない。必要なものだけをオーバーライドする。 また、これらのメソッド内に全ての処理を記述する必要はない。記述が長くなったり、 テストメソッド間で共通する処理がある場合は、プライベートメソッドに切り出すこと。"
"ja/development_tools/testing_framework/guide/development_guide/05_UnitTestGuide/02_RequestUnitTest/index.rst","435","code","0","スーパクラスのメソッド呼び出し > 固有の処理を追加する場合","java","@Test
public void testMenus00102Normal() {
execute(new BasicAdvice() {"
"ja/development_tools/testing_framework/guide/development_guide/05_UnitTestGuide/02_RequestUnitTest/index.rst","458","heading","3","スーパクラスのメソッド呼び出し > 固有の処理を追加する場合","リクエストスコープに複数種類の検索結果が格納されている場合の例",""
"ja/development_tools/testing_framework/guide/development_guide/05_UnitTestGuide/02_RequestUnitTest/index.rst","460","para","0","スーパクラスのメソッド呼び出し > 固有の処理を追加する場合 > リクエストスコープに複数種類の検索結果が格納されている場合の例","","以下の例では、リクエストスコープに「ユーザグループ」と「ユースケース」の2種類の検索結果が含まれており、 それぞれの検索結果が期待通りであることを検証している。"
"ja/development_tools/testing_framework/guide/development_guide/05_UnitTestGuide/02_RequestUnitTest/index.rst","463","code","0","スーパクラスのメソッド呼び出し > 固有の処理を追加する場合 > リクエストスコープに複数種類の検索結果が格納されている場合の例","java","@Test
public void testMenus00103() {
execute(new BasicAdvice() {"
"ja/development_tools/testing_framework/guide/development_guide/05_UnitTestGuide/02_RequestUnitTest/index.rst","490","heading","3","スーパクラスのメソッド呼び出し > 固有の処理を追加する場合","リクエストスコープに検索結果(SqlResultSet)ではなくFormやエンティティが格納されている場合の例",""
"ja/development_tools/testing_framework/guide/development_guide/05_UnitTestGuide/02_RequestUnitTest/index.rst","492","para","0","スーパクラスのメソッド呼び出し > 固有の処理を追加する場合 > リクエストスコープに検索結果(SqlResultSet)ではなくFormやエンティティが格納されている場合の例","","以下の例では、リクエストスコープにエンティティが格納されており、 それぞれの検索結果が期待通りであることを検証している。"
"ja/development_tools/testing_framework/guide/development_guide/05_UnitTestGuide/02_RequestUnitTest/index.rst","496","code","0","スーパクラスのメソッド呼び出し > 固有の処理を追加する場合 > リクエストスコープに検索結果(SqlResultSet)ではなくFormやエンティティが格納されている場合の例","java","@Test
public void testUsers00302Normal() {
execute(new BasicAdvice() {"
"ja/development_tools/testing_framework/guide/development_guide/05_UnitTestGuide/02_RequestUnitTest/index.rst","522","para","0","スーパクラスのメソッド呼び出し > 固有の処理を追加する場合 > リクエストスコープに検索結果(SqlResultSet)ではなくFormやエンティティが格納されている場合の例","","期待値は、エンティティのクラス単体テスト（\ :ref:`entityUnitTest_SetterGetterCase`\ ）と同様の書式で記述する。 ただし、この場合はsetterの欄は不要である。"
"ja/development_tools/testing_framework/guide/development_guide/05_UnitTestGuide/02_RequestUnitTest/index.rst","525","figure","0","スーパクラスのメソッド呼び出し > 固有の処理を追加する場合 > リクエストスコープに検索結果(SqlResultSet)ではなくFormやエンティティが格納されている場合の例","","./_image/assert_entity.png"
"ja/development_tools/testing_framework/guide/development_guide/05_UnitTestGuide/02_RequestUnitTest/index.rst","528","admonition","0","スーパクラスのメソッド呼び出し > 固有の処理を追加する場合 > リクエストスコープに検索結果(SqlResultSet)ではなくFormやエンティティが格納されている場合の例","tip","リクエストスコープにFormが格納されている場合、別のFormを設定したプロパティでなければEntityの場合と同様にテストが出来る。  別のFormを設定した"
"ja/development_tools/testing_framework/guide/development_guide/05_UnitTestGuide/02_RequestUnitTest/index.rst","534","code","0","スーパクラスのメソッド呼び出し > 固有の処理を追加する場合 > リクエストスコープに検索結果(SqlResultSet)ではなくFormやエンティティが格納されている場合の例","java","@Test
public void testSampleNormal() {
execute(new BasicAdvice() {"
"ja/development_tools/testing_framework/guide/development_guide/05_UnitTestGuide/02_RequestUnitTest/index.rst","558","heading","3","スーパクラスのメソッド呼び出し > 固有の処理を追加する場合","リクエストスコープにSqlResultSetではなくSqlRowが格納されている場合の例",""
"ja/development_tools/testing_framework/guide/development_guide/05_UnitTestGuide/02_RequestUnitTest/index.rst","560","para","0","スーパクラスのメソッド呼び出し > 固有の処理を追加する場合 > リクエストスコープにSqlResultSetではなくSqlRowが格納されている場合の例","","以下の例では、リクエストスコープに、検索結果一覧(SqlResultSet)ではなく、 検索結果1件分(SqlRow)がリクエストスコープに格納されており、 その検索結果が期待通りであることを検証している。"
"ja/development_tools/testing_framework/guide/development_guide/05_UnitTestGuide/02_RequestUnitTest/index.rst","564","code","0","スーパクラスのメソッド呼び出し > 固有の処理を追加する場合 > リクエストスコープにSqlResultSetではなくSqlRowが格納されている場合の例","java","@Test
public void testUsers00302Normal() {
execute(new BasicAdvice() {"
"ja/development_tools/testing_framework/guide/development_guide/05_UnitTestGuide/02_RequestUnitTest/index.rst","586","heading","3","スーパクラスのメソッド呼び出し > 固有の処理を追加する場合","リクエストパラメータの値を検証したい場合",""
"ja/development_tools/testing_framework/guide/development_guide/05_UnitTestGuide/02_RequestUnitTest/index.rst","589","para","0","スーパクラスのメソッド呼び出し > 固有の処理を追加する場合 > リクエストパラメータの値を検証したい場合","",":ref:`ウィンドウスコープ<tag-window_scope>` の値をリセットするために、 テスト対象機能にてリクエストパラメータを書き換える場合がある。"
"ja/development_tools/testing_framework/guide/development_guide/05_UnitTestGuide/02_RequestUnitTest/index.rst","592","para","0","スーパクラスのメソッド呼び出し > 固有の処理を追加する場合 > リクエストパラメータの値を検証したい場合","","以下の例では、テスト対象実行後のリクエストパラメータが期待通りであることを検証している。"
"ja/development_tools/testing_framework/guide/development_guide/05_UnitTestGuide/02_RequestUnitTest/index.rst","595","code","0","スーパクラスのメソッド呼び出し > 固有の処理を追加する場合 > リクエストパラメータの値を検証したい場合","java","@Test
public void testUsers00302Normal() {
execute(new BasicAdvice() {"
"ja/development_tools/testing_framework/guide/development_guide/05_UnitTestGuide/02_RequestUnitTest/index.rst","613","heading","3","スーパクラスのメソッド呼び出し > 固有の処理を追加する場合","その他の場合",""
"ja/development_tools/testing_framework/guide/development_guide/05_UnitTestGuide/02_RequestUnitTest/index.rst","615","para","0","スーパクラスのメソッド呼び出し > 固有の処理を追加する場合 > その他の場合","","前述のように、SqlResultSetやSqlRow等のよく使用されるオブジェクトについては、 Excelに記載した期待値と直接比較するメソッドが用意されているが、 そうでない場合については、期待値を読み込む処理を記述する必要がある。"
"ja/development_tools/testing_framework/guide/development_guide/05_UnitTestGuide/02_RequestUnitTest/index.rst","619","para","0","スーパクラスのメソッド呼び出し > 固有の処理を追加する場合 > その他の場合","","具体的には、以下の手順で検証する。"
"ja/development_tools/testing_framework/guide/development_guide/05_UnitTestGuide/02_RequestUnitTest/index.rst","621","para","0","スーパクラスのメソッド呼び出し > 固有の処理を追加する場合 > その他の場合","","* テストデータをテストデータファイルから取得 * リクエストスコープ等から実際の値を取得 * 自動テストフレームワークまたはJUnitのAPIを用いて結果を検証する。"
"ja/development_tools/testing_framework/guide/development_guide/05_UnitTestGuide/02_RequestUnitTest/index.rst","625","code","0","スーパクラスのメソッド呼び出し > 固有の処理を追加する場合 > その他の場合","java","@Test
public void testUsers00303Normal() {
execute(new BasicAdvice() {"
"ja/development_tools/testing_framework/guide/development_guide/05_UnitTestGuide/02_RequestUnitTest/index.rst","642","para","0","スーパクラスのメソッド呼び出し > 固有の処理を追加する場合 > その他の場合","","\"
"ja/development_tools/testing_framework/guide/development_guide/05_UnitTestGuide/02_RequestUnitTest/index.rst","644","admonition","0","スーパクラスのメソッド呼び出し > 固有の処理を追加する場合 > その他の場合","tip",""
"ja/development_tools/testing_framework/guide/development_guide/05_UnitTestGuide/02_RequestUnitTest/index.rst","645","para","0","スーパクラスのメソッド呼び出し > 固有の処理を追加する場合 > その他の場合","","テストデータの取得方法については、以下のリンク先を参照。 * 「\ :ref:`how_to_get_data_from_excel`\ 」"
"ja/development_tools/testing_framework/guide/development_guide/05_UnitTestGuide/02_RequestUnitTest/index.rst","654","heading","1","","ダウンロードファイルのテスト",""
"ja/development_tools/testing_framework/guide/development_guide/05_UnitTestGuide/02_RequestUnitTest/index.rst","656","para","0","ダウンロードファイルのテスト","","ダウンロードファイルをテストする場合は、\ :ref:`batch_request_test` と同じ方法でファイルの期待値をテストデータファイルに記載してテストする。\ 以下にCSVファイルをダウンロードする場合のテスト例を示す。"
"ja/development_tools/testing_framework/guide/development_guide/05_UnitTestGuide/02_RequestUnitTest/index.rst","660","para","0","ダウンロードファイルのテスト","","**期待するファイルの定義例**"
"ja/development_tools/testing_framework/guide/development_guide/05_UnitTestGuide/02_RequestUnitTest/index.rst","662","para","0","ダウンロードファイルのテスト","","ファイルパスにはダンプファイルを指定する。\ ダウンロード処理の場合は、ダウンロードされたファイルがダンプされ、\ 下記の命名規則でダンプファイルが出力される。\ ダンプ出力結果が格納されるディレクトリの詳細は、 :ref:`html_dump_dir` を参照すること。"
"ja/development_tools/testing_framework/guide/development_guide/05_UnitTestGuide/02_RequestUnitTest/index.rst","667","code","0","ダウンロードファイルのテスト","bash",""
"ja/development_tools/testing_framework/guide/development_guide/05_UnitTestGuide/02_RequestUnitTest/index.rst","669","para","0","ダウンロードファイルのテスト","","ダンプファイルの命名規則： テストデータファイルのシート名＋""_""＋テストケース名＋""_""＋ダウンロードされたファイル名"
"ja/development_tools/testing_framework/guide/development_guide/05_UnitTestGuide/02_RequestUnitTest/index.rst","672","figure","0","ダウンロードファイルのテスト","","./_image/expected_download_csv.png"
"ja/development_tools/testing_framework/guide/development_guide/05_UnitTestGuide/02_RequestUnitTest/index.rst","675","para","0","ダウンロードファイルのテスト","","**テストメソッドの実装例**"
"ja/development_tools/testing_framework/guide/development_guide/05_UnitTestGuide/02_RequestUnitTest/index.rst","677","para","0","ダウンロードファイルのテスト","","FileSupportクラスのassertFileメソッドを使用してダウンロードファイルのアサートを行う。"
"ja/development_tools/testing_framework/guide/development_guide/05_UnitTestGuide/02_RequestUnitTest/index.rst","679","code","0","ダウンロードファイルのテスト","java","private FileSupport fileSupport = new FileSupport(getClass());
@Test
public void testRW11AC0104Download() {"
"ja/development_tools/testing_framework/guide/development_guide/05_UnitTestGuide/02_RequestUnitTest/index.rst","697","heading","2","ダウンロードファイルのテスト","テスト起動方法",""
"ja/development_tools/testing_framework/guide/development_guide/05_UnitTestGuide/02_RequestUnitTest/index.rst","699","para","0","ダウンロードファイルのテスト > テスト起動方法","","クラス単体テストと同様。通常のJUnitテストと同じように実行する。"
"ja/development_tools/testing_framework/guide/development_guide/05_UnitTestGuide/02_RequestUnitTest/index.rst","704","heading","2","ダウンロードファイルのテスト","テスト結果確認（目視）",""
"ja/development_tools/testing_framework/guide/development_guide/05_UnitTestGuide/02_RequestUnitTest/index.rst","706","para","0","ダウンロードファイルのテスト > テスト結果確認（目視）","","１リクエスト毎にHTMLダンプファイルが出力される。ファイルをブラウザで開き、目視確認する。"
"ja/development_tools/testing_framework/guide/development_guide/05_UnitTestGuide/02_RequestUnitTest/index.rst","708","admonition","0","ダウンロードファイルのテスト > テスト結果確認（目視）","tip",""
"ja/development_tools/testing_framework/guide/development_guide/05_UnitTestGuide/02_RequestUnitTest/index.rst","709","para","0","ダウンロードファイルのテスト > テスト結果確認（目視）","","リクエスト単体テストで生成されたHTMLファイルは自動テストフレームワークにて自動的にチェックされる。\ 自動テストフレームワークは、\ :doc:`../../08_TestTools/03_HtmlCheckTool/index`\ を用いて生成されたHTMLファイルをチェックする。 HTMLファイル内に構文エラー"
"ja/development_tools/testing_framework/guide/development_guide/05_UnitTestGuide/02_RequestUnitTest/index.rst","718","heading","1","","HTMLダンプ出力結果",""
"ja/development_tools/testing_framework/guide/development_guide/05_UnitTestGuide/02_RequestUnitTest/index.rst","720","para","0","HTMLダンプ出力結果","","テストを実行すると、テスト用プロジェクトのルートディレクトリにtmp/html_dumpディレクトリが作成され、 その配下にHTMLダンプファイルが出力される。 HTMLダンプ出力結果が格納されるディレクトリの詳細は、 :ref:`dump-dir-label` の項を参照すること。"
"ja/development_tools/testing_framework/guide/development_guide/05_UnitTestGuide/02_RequestUnitTest/index.rst","724","figure","0","HTMLダンプ出力結果","","./_image/htmlDumpDir.png"
"ja/development_tools/testing_framework/guide/development_guide/05_UnitTestGuide/02_RequestUnitTest/index.rst","726","admonition","0","HTMLダンプ出力結果","tip",""
"ja/development_tools/testing_framework/guide/development_guide/05_UnitTestGuide/02_RequestUnitTest/index.rst","727","para","0","HTMLダンプ出力結果","","HTMLダンプファイル名には、\ `テストケース一覧`_\ のテストケース説明（testShotsのdescription欄） の記述が使用される。"
"ja/development_tools/testing_framework/guide/development_guide/05_UnitTestGuide/02_RequestUnitTest/index.rst","733","heading","2","HTMLダンプ出力結果","リクエスト単体テストクラス作成時の注意点",""
"ja/development_tools/testing_framework/guide/development_guide/05_UnitTestGuide/02_RequestUnitTest/index.rst","735","para","0","HTMLダンプ出力結果 > リクエスト単体テストクラス作成時の注意点","","リクエスト単体テストでは、Web Frameworkのハンドラを経由して呼び出される点がクラス単体テストと異なる。 この違いにより注意すべき点があるので、以下に記載する。"
"ja/development_tools/testing_framework/guide/development_guide/05_UnitTestGuide/02_RequestUnitTest/index.rst","739","heading","1","","ThreadContextへの値設定は不要",""
"ja/development_tools/testing_framework/guide/development_guide/05_UnitTestGuide/02_RequestUnitTest/index.rst","741","para","0","ThreadContextへの値設定は不要","","リクエスト単体テストでは、Web Frameworkのハンドラが作用する為、 ThreadContextへの値設定はハンドラで実施される。 よって、\ **テストクラスからThreadContextへの値を設定する必要はない。**"
"ja/development_tools/testing_framework/guide/development_guide/05_UnitTestGuide/02_RequestUnitTest/index.rst","745","para","0","ThreadContextへの値設定は不要","","リクエスト単体テストでのユーザID設定方法については、前述の\ :ref:`request_test_user_info`\ を参照。"
"ja/development_tools/testing_framework/guide/development_guide/05_UnitTestGuide/02_RequestUnitTest/index.rst","749","heading","1","","テストクラスでのトランザクション制御は不要",""
"ja/development_tools/testing_framework/guide/development_guide/05_UnitTestGuide/02_RequestUnitTest/index.rst","751","para","0","テストクラスでのトランザクション制御は不要","","クラス単体テストでは、Web Frameworkのハンドラが作用しない為、\ テストクラス内で明示的にトランザクションコミットを行っていた。\ リクエスト単体テストでは、トランザクション制御はハンドラで行われるので、\ **テストクラス内で明示的にトランザクションコミットを行う必要はない。**"
"ja/development_tools/testing_framework/guide/development_guide/05_UnitTestGuide/02_RequestUnitTest/mail.rst","5","heading","1","","リクエスト単体テストの実施方法(メール送信)",""
"ja/development_tools/testing_framework/guide/development_guide/05_UnitTestGuide/02_RequestUnitTest/mail.rst","8","heading","1","","メール送信処理の構造とテスト範囲",""
"ja/development_tools/testing_framework/guide/development_guide/05_UnitTestGuide/02_RequestUnitTest/mail.rst","10","para","0","メール送信処理の構造とテスト範囲","","本フレームワークを使用した\ :ref:`メール送信 <mail>`\ では、 業務アプリケーションは本フレームワークが提供するメール送信要求APIを呼び出すだけである。"
"ja/development_tools/testing_framework/guide/development_guide/05_UnitTestGuide/02_RequestUnitTest/mail.rst","13","para","0","メール送信処理の構造とテスト範囲","","よってリクエスト単体テストの範囲は、\ メール送信要求が正常に受け付けられデータベースに格納されることを確認するところまでとなる。"
"ja/development_tools/testing_framework/guide/development_guide/05_UnitTestGuide/02_RequestUnitTest/mail.rst","16","para","0","メール送信処理の構造とテスト範囲","","メール送信処理の処理概要と業務アプリケーションのテスト範囲を、下図に示す。"
"ja/development_tools/testing_framework/guide/development_guide/05_UnitTestGuide/02_RequestUnitTest/mail.rst","18","figure","0","メール送信処理の構造とテスト範囲","","./_image/mail_overview.jpg"
"ja/development_tools/testing_framework/guide/development_guide/05_UnitTestGuide/02_RequestUnitTest/mail.rst","22","heading","1","","テストの実施方法",""
"ja/development_tools/testing_framework/guide/development_guide/05_UnitTestGuide/02_RequestUnitTest/mail.rst","24","para","0","テストの実施方法","","上述の通り、メール送信に関してリクエスト単体テストで確認すべきことは、\ メール送信要求が :ref:`各テーブル（メール送信要求テーブル、メール送信先テーブル、メール添付ファイルテーブル）<mail>` に 正しく格納されることである。"
"ja/development_tools/testing_framework/guide/development_guide/05_UnitTestGuide/02_RequestUnitTest/mail.rst","28","para","0","テストの実施方法","","そのため、他の単体テストの実施方法と同様に、期待する上記3テーブルの状態をテストデータシートに記述すればよい。"
"ja/development_tools/testing_framework/guide/development_guide/05_UnitTestGuide/02_RequestUnitTest/real.rst","5","heading","1","","リクエスト単体テストの実施方法(同期応答メッセージ受信処理)",""
"ja/development_tools/testing_framework/guide/development_guide/05_UnitTestGuide/02_RequestUnitTest/real.rst","9","heading","2","リクエスト単体テストの実施方法(同期応答メッセージ受信処理)","テストクラスの書き方",""
"ja/development_tools/testing_framework/guide/development_guide/05_UnitTestGuide/02_RequestUnitTest/real.rst","11","para","0","リクエスト単体テストの実施方法(同期応答メッセージ受信処理) > テストクラスの書き方","","テストクラスは以下の条件を満たすように作成する。"
"ja/development_tools/testing_framework/guide/development_guide/05_UnitTestGuide/02_RequestUnitTest/real.rst","13","para","0","リクエスト単体テストの実施方法(同期応答メッセージ受信処理) > テストクラスの書き方","","* テストクラスのパッケージは、テスト対象のActionクラスと同じとする。 * <Actionクラス名>RequestTestというクラス名でテストクラスを作成する。 * \ ``nablarch.test.core.http.MessagingRequestTestSupport``\ を継承する。"
"ja/development_tools/testing_framework/guide/development_guide/05_UnitTestGuide/02_RequestUnitTest/real.rst","17","para","0","リクエスト単体テストの実施方法(同期応答メッセージ受信処理) > テストクラスの書き方","","例えば、テスト対象のActionクラスが、\ ``nablarch.sample.ss21AA.RM21AA001Action``\ だとすると、\ テストクラスは以下のようになる。"
"ja/development_tools/testing_framework/guide/development_guide/05_UnitTestGuide/02_RequestUnitTest/real.rst","20","code","0","リクエスト単体テストの実施方法(同期応答メッセージ受信処理) > テストクラスの書き方","java",""
"ja/development_tools/testing_framework/guide/development_guide/05_UnitTestGuide/02_RequestUnitTest/real.rst","22","para","0","リクエスト単体テストの実施方法(同期応答メッセージ受信処理) > テストクラスの書き方","","package nablarch.sample.ss21AA;"
"ja/development_tools/testing_framework/guide/development_guide/05_UnitTestGuide/02_RequestUnitTest/real.rst","24","para","0","リクエスト単体テストの実施方法(同期応答メッセージ受信処理) > テストクラスの書き方","","// ～中略～"
"ja/development_tools/testing_framework/guide/development_guide/05_UnitTestGuide/02_RequestUnitTest/real.rst","26","para","0","リクエスト単体テストの実施方法(同期応答メッセージ受信処理) > テストクラスの書き方","","public class RM21AA001ActionRequestTest extends MessagingRequestTestSupport {"
"ja/development_tools/testing_framework/guide/development_guide/05_UnitTestGuide/02_RequestUnitTest/real.rst","32","heading","2","リクエスト単体テストの実施方法(同期応答メッセージ受信処理)","テストメソッド分割",""
"ja/development_tools/testing_framework/guide/development_guide/05_UnitTestGuide/02_RequestUnitTest/real.rst","34","para","0","リクエスト単体テストの実施方法(同期応答メッセージ受信処理) > テストメソッド分割","","１テストクラスにつき１テストメソッド、１テストシートを原則とする。"
"ja/development_tools/testing_framework/guide/development_guide/05_UnitTestGuide/02_RequestUnitTest/real.rst","36","para","0","リクエスト単体テストの実施方法(同期応答メッセージ受信処理) > テストメソッド分割","","ケースが複雑であったりデータ量が多い場合は、メソッドやシートを分割しても良い。"
"ja/development_tools/testing_framework/guide/development_guide/05_UnitTestGuide/02_RequestUnitTest/real.rst","40","heading","2","リクエスト単体テストの実施方法(同期応答メッセージ受信処理)","テストデータの書き方",""
"ja/development_tools/testing_framework/guide/development_guide/05_UnitTestGuide/02_RequestUnitTest/real.rst","42","para","0","リクエスト単体テストの実施方法(同期応答メッセージ受信処理) > テストデータの書き方","","テストデータを記載したテストデータファイルは、クラス単体テストと同様に\ テストソースコードと同じディレクトリに同じ名前で格納する（拡張子のみ異なる）。"
"ja/development_tools/testing_framework/guide/development_guide/05_UnitTestGuide/02_RequestUnitTest/real.rst","45","para","0","リクエスト単体テストの実施方法(同期応答メッセージ受信処理) > テストデータの書き方","","テストデータの記述方法詳細については、「\ :ref:`how_to_write_excel`\ 」を参照。"
"ja/development_tools/testing_framework/guide/development_guide/05_UnitTestGuide/02_RequestUnitTest/real.rst","47","para","0","リクエスト単体テストの実施方法(同期応答メッセージ受信処理) > テストデータの書き方","","YAML 形式でのテストデータの書き方は :ref:`ntf_testdata` を参照。"
"ja/development_tools/testing_framework/guide/development_guide/05_UnitTestGuide/02_RequestUnitTest/real.rst","51","heading","1","","テストクラスで共通のデータベース初期値",""
"ja/development_tools/testing_framework/guide/development_guide/05_UnitTestGuide/02_RequestUnitTest/real.rst","53","para","0","テストクラスで共通のデータベース初期値","","ウェブアプリケーションの場合と同様である。「\ :ref:`request_test_setup_db`\ 」を参照。"
"ja/development_tools/testing_framework/guide/development_guide/05_UnitTestGuide/02_RequestUnitTest/real.rst","57","heading","1","","テストショット一覧",""
"ja/development_tools/testing_framework/guide/development_guide/05_UnitTestGuide/02_RequestUnitTest/real.rst","59","para","0","テストショット一覧","","LIST_MAPのデータタイプで１テストメソッド分のテストショット表を記載する。IDは、\ **testShots**\ とする。"
"ja/development_tools/testing_framework/guide/development_guide/05_UnitTestGuide/02_RequestUnitTest/real.rst","65","para","0","テストショット一覧","","１ケース毎に以下の要素を持たせる。"
"ja/development_tools/testing_framework/guide/development_guide/05_UnitTestGuide/02_RequestUnitTest/real.rst","67","table","0","テストショット一覧","","カラム名 | 説明 | 必須"
"ja/development_tools/testing_framework/guide/development_guide/05_UnitTestGuide/02_RequestUnitTest/real.rst","89","para","0","テストショット一覧","","\"
"ja/development_tools/testing_framework/guide/development_guide/05_UnitTestGuide/02_RequestUnitTest/real.rst","92","para","0","テストショット一覧","","デフォルトのグループIDを使用したい（グループIDを使わない）場合は、\ `default`\ と記載する。 デフォルトのグループIDと個別のグループは併用可能である。 両方のデータが混在した場合、デフォルトのグループIDのデータとグループID指定のデータ両方が有効になる。"
"ja/development_tools/testing_framework/guide/development_guide/05_UnitTestGuide/02_RequestUnitTest/real.rst","97","para","0","テストショット一覧","","ここで言う「常駐プロセス」とは、メッセージ送受信を行うプロセスのことである。"
"ja/development_tools/testing_framework/guide/development_guide/05_UnitTestGuide/02_RequestUnitTest/real.rst","100","heading","1","","各種準備データ",""
"ja/development_tools/testing_framework/guide/development_guide/05_UnitTestGuide/02_RequestUnitTest/real.rst","102","para","0","各種準備データ","","テスト実施に際して必要となる各種準備データの記述方法を説明する。 バッチでは、データベース、リクエストメッセージを準備する。"
"ja/development_tools/testing_framework/guide/development_guide/05_UnitTestGuide/02_RequestUnitTest/real.rst","107","heading","2","各種準備データ","データベースの準備",""
"ja/development_tools/testing_framework/guide/development_guide/05_UnitTestGuide/02_RequestUnitTest/real.rst","109","para","0","各種準備データ > データベースの準備","",":ref:`オンライン<request_test_testcases>`\ と同様に、グループIDで対応付けを行う。"
"ja/development_tools/testing_framework/guide/development_guide/05_UnitTestGuide/02_RequestUnitTest/real.rst","111","figure","0","各種準備データ > データベースの準備","","./_image/msg_shot_to_db.png"
"ja/development_tools/testing_framework/guide/development_guide/05_UnitTestGuide/02_RequestUnitTest/real.rst","114","para","0","各種準備データ > データベースの準備","","`テストショット一覧`_\ にて、setUpTableの欄がない場合、または空欄の場合、データベース準備は行われない。"
"ja/development_tools/testing_framework/guide/development_guide/05_UnitTestGuide/02_RequestUnitTest/real.rst","118","heading","2","各種準備データ","リクエストメッセージ",""
"ja/development_tools/testing_framework/guide/development_guide/05_UnitTestGuide/02_RequestUnitTest/real.rst","120","para","0","各種準備データ > リクエストメッセージ","","テストの入力データとなる要求電文を記載する。以下に例を示す。"
"ja/development_tools/testing_framework/guide/development_guide/05_UnitTestGuide/02_RequestUnitTest/real.rst","124","para","0","各種準備データ > リクエストメッセージ","","MESSAGE=setUpMessages"
"ja/development_tools/testing_framework/guide/development_guide/05_UnitTestGuide/02_RequestUnitTest/real.rst","126","para","0","各種準備データ > リクエストメッセージ","","// 共通情報（ディレクティブ、フレームワーク制御ヘッダ）"
"ja/development_tools/testing_framework/guide/development_guide/05_UnitTestGuide/02_RequestUnitTest/real.rst","128","para","0","各種準備データ > リクエストメッセージ","","+------------------+--------------+------------+ | text-encoding    | Windows-31J  |            | +------------------+--------------+------------+ | record-sepa"
"ja/development_tools/testing_framework/guide/development_guide/05_UnitTestGuide/02_RequestUnitTest/real.rst","136","para","0","各種準備データ > リクエストメッセージ","","// メッセージボディ"
"ja/development_tools/testing_framework/guide/development_guide/05_UnitTestGuide/02_RequestUnitTest/real.rst","138","para","0","各種準備データ > リクエストメッセージ","","+------------------+--------------+------------+ | no               | レコード区分 |   ユーザID | +------------------+--------------+------------+ |                  | 半"
"ja/development_tools/testing_framework/guide/development_guide/05_UnitTestGuide/02_RequestUnitTest/real.rst","152","para","0","各種準備データ > リクエストメッセージ","","1. 先頭行"
"ja/development_tools/testing_framework/guide/development_guide/05_UnitTestGuide/02_RequestUnitTest/real.rst","154","para","0","各種準備データ > リクエストメッセージ","","テスト対象リクエストに対する要求電文を準備する。名前は、\ ``MESSAGE=setUpMessages``\ 固定とする。"
"ja/development_tools/testing_framework/guide/development_guide/05_UnitTestGuide/02_RequestUnitTest/real.rst","156","para","0","各種準備データ > リクエストメッセージ","","2. 共通情報"
"ja/development_tools/testing_framework/guide/development_guide/05_UnitTestGuide/02_RequestUnitTest/real.rst","158","para","0","各種準備データ > リクエストメッセージ","","名前の次行以降には以下の情報を記載する。これらの値は、リクエストメッセージの全メッセージで共通の値となる。"
"ja/development_tools/testing_framework/guide/development_guide/05_UnitTestGuide/02_RequestUnitTest/real.rst","160","para","0","各種準備データ > リクエストメッセージ","","* ディレクティブ * フレームワーク制御ヘッダ"
"ja/development_tools/testing_framework/guide/development_guide/05_UnitTestGuide/02_RequestUnitTest/real.rst","163","para","0","各種準備データ > リクエストメッセージ","","書式は、key-value形式である。"
"ja/development_tools/testing_framework/guide/development_guide/05_UnitTestGuide/02_RequestUnitTest/real.rst","165","para","0","各種準備データ > リクエストメッセージ","","+----+----+ |キー|値  | +----+----+"
"ja/development_tools/testing_framework/guide/development_guide/05_UnitTestGuide/02_RequestUnitTest/real.rst","169","admonition","0","各種準備データ > リクエストメッセージ","important",""
"ja/development_tools/testing_framework/guide/development_guide/05_UnitTestGuide/02_RequestUnitTest/real.rst","171","para","0","各種準備データ > リクエストメッセージ","","フレームワーク制御ヘッダの項目をPJで変更している場合、 以下のようにpropertiesファイルに ``reader.fwHeaderfields`` というキーでフレームワーク制御ヘッダ名を指定する必要がある。"
"ja/development_tools/testing_framework/guide/development_guide/05_UnitTestGuide/02_RequestUnitTest/real.rst","174","code","0","各種準備データ > リクエストメッセージ","properties","# フレームワーク制御ヘッダ名をカンマ区切りで指定する。
reader.fwHeaderfields=requestId,addHeader"
"ja/development_tools/testing_framework/guide/development_guide/05_UnitTestGuide/02_RequestUnitTest/real.rst","180","para","0","各種準備データ > リクエストメッセージ","","3. メッセージボディ"
"ja/development_tools/testing_framework/guide/development_guide/05_UnitTestGuide/02_RequestUnitTest/real.rst","182","para","0","各種準備データ > リクエストメッセージ","","フレームワーク制御ヘッダ以降のメッセージを記載する。 1行目～3行目は、外部インターフェース設計書の記載内容と同じであり、 設計書から行列を入れ替えてコピーすると効率良く作成できる。"
"ja/development_tools/testing_framework/guide/development_guide/05_UnitTestGuide/02_RequestUnitTest/real.rst","186","para","0","各種準備データ > リクエストメッセージ","","+------------+---------------+--------------------------+ |行          |記述内容       |備考                      | +============+===============+====================="
"ja/development_tools/testing_framework/guide/development_guide/05_UnitTestGuide/02_RequestUnitTest/real.rst","198","admonition","0","各種準備データ > リクエストメッセージ","important",""
"ja/development_tools/testing_framework/guide/development_guide/05_UnitTestGuide/02_RequestUnitTest/real.rst","199","para","0","各種準備データ > リクエストメッセージ","","フィールド名称に\ **重複した名称は許容されない**\ 。 例えば、「氏名」というフィールドが2つ以上存在してはならない。 （通常、このような場合は「本会員氏名」と「家族会員氏名」のようにユニークなフィールド名称が付与される）"
"ja/development_tools/testing_framework/guide/development_guide/05_UnitTestGuide/02_RequestUnitTest/real.rst","205","para","0","各種準備データ > リクエストメッセージ","","本表は、\ `テストショット一覧`_\ のnoと対応関係にある。\ すなわち、テストショットno1で使用される要求電文は、本表の1行目（no 1）のデータとなる。"
"ja/development_tools/testing_framework/guide/development_guide/05_UnitTestGuide/02_RequestUnitTest/real.rst","208","figure","0","各種準備データ > リクエストメッセージ","","./_image/msg_shot_to_req.png"
"ja/development_tools/testing_framework/guide/development_guide/05_UnitTestGuide/02_RequestUnitTest/real.rst","212","heading","1","","各種期待値",""
"ja/development_tools/testing_framework/guide/development_guide/05_UnitTestGuide/02_RequestUnitTest/real.rst","214","para","0","各種期待値","","検索結果、データベースを期待値と比較する場合は、 それぞれのデータとテストケース一覧とをIDで紐付けする。"
"ja/development_tools/testing_framework/guide/development_guide/05_UnitTestGuide/02_RequestUnitTest/real.rst","219","heading","2","各種期待値","レスポンスメッセージ",""
"ja/development_tools/testing_framework/guide/development_guide/05_UnitTestGuide/02_RequestUnitTest/real.rst","221","para","0","各種期待値 > レスポンスメッセージ","","\ `リクエストメッセージ`_\ と同じ。"
"ja/development_tools/testing_framework/guide/development_guide/05_UnitTestGuide/02_RequestUnitTest/real.rst","223","para","0","各種期待値 > レスポンスメッセージ","","ただし、名前が\ ``MESSAGE=expectedMessages``\ となる。"
"ja/development_tools/testing_framework/guide/development_guide/05_UnitTestGuide/02_RequestUnitTest/real.rst","225","para","0","各種期待値 > レスポンスメッセージ","","また、テストデータのディレクティブに設定されたfile-typeの値により、以下のように応答電文のアサート方法が変化する。"
"ja/development_tools/testing_framework/guide/development_guide/05_UnitTestGuide/02_RequestUnitTest/real.rst","227","para","0","各種期待値 > レスポンスメッセージ","","+------------------------+---------------------------------------------------------------------+ | file-typeの値          | アサート方法                                "
"ja/development_tools/testing_framework/guide/development_guide/05_UnitTestGuide/02_RequestUnitTest/real.rst","235","para","0","各種期待値 > レスポンスメッセージ","","フォーマット定義ファイルではなく、テストデータにfile-typeを設定する必要があるので、注意すること。"
"ja/development_tools/testing_framework/guide/development_guide/05_UnitTestGuide/02_RequestUnitTest/real.rst","237","para","0","各種期待値 > レスポンスメッセージ","","なお、項目単位にアサートを行うfile-typeの値は以下の値を環境設定ファイルに定義することにより変更可能である。"
"ja/development_tools/testing_framework/guide/development_guide/05_UnitTestGuide/02_RequestUnitTest/real.rst","239","code","0","各種期待値 > レスポンスメッセージ","text","messaging.assertAsMapFileType=<カンマ区切りのfile-typeリスト>"
"ja/development_tools/testing_framework/guide/development_guide/05_UnitTestGuide/02_RequestUnitTest/real.rst","243","admonition","0","各種期待値 > レスポンスメッセージ","tip",""
"ja/development_tools/testing_framework/guide/development_guide/05_UnitTestGuide/02_RequestUnitTest/real.rst","244","para","0","各種期待値 > レスポンスメッセージ","","| XMLやJSONでは電文ごとに電文長が異なるため、テストデータの内容に応じて自動計算される。 | テストデータの電文長に合わせて実電文を読み込むため、実電文とテストデータの電文長が異なると正常に読み込めない場合がある。 | そのためXMLやJSONを使用する場合は必ずfile-typeを設定し、電文全体を文字列とし"
"ja/development_tools/testing_framework/guide/development_guide/05_UnitTestGuide/02_RequestUnitTest/real.rst","251","heading","2","各種期待値","期待するデータベースの状態",""
"ja/development_tools/testing_framework/guide/development_guide/05_UnitTestGuide/02_RequestUnitTest/real.rst","253","para","0","各種期待値 > 期待するデータベースの状態","","`データベースの準備`_ と同様に、期待するデータベースの状態をテストケース一覧とリンクさせる。"
"ja/development_tools/testing_framework/guide/development_guide/05_UnitTestGuide/02_RequestUnitTest/real.rst","258","heading","2","各種期待値","テストメソッドの書き方",""
"ja/development_tools/testing_framework/guide/development_guide/05_UnitTestGuide/02_RequestUnitTest/real.rst","261","heading","1","","スーパクラスについて",""
"ja/development_tools/testing_framework/guide/development_guide/05_UnitTestGuide/02_RequestUnitTest/real.rst","263","para","0","スーパクラスについて","","``MessagingRequestTestSupport``\ クラスを継承する。 このクラスでは、準備したテストデータを元に以下の手順でリクエスト単体テストを実行する。"
"ja/development_tools/testing_framework/guide/development_guide/05_UnitTestGuide/02_RequestUnitTest/real.rst","268","heading","1","","テストメソッド作成",""
"ja/development_tools/testing_framework/guide/development_guide/05_UnitTestGuide/02_RequestUnitTest/real.rst","270","para","0","テストメソッド作成","","準備したテストシートに対応するメソッドを作成する。"
"ja/development_tools/testing_framework/guide/development_guide/05_UnitTestGuide/02_RequestUnitTest/real.rst","273","code","0","テストメソッド作成","java","@Test
public void testRegisterUser() {
}"
"ja/development_tools/testing_framework/guide/development_guide/05_UnitTestGuide/02_RequestUnitTest/real.rst","281","heading","1","","スーパクラスのメソッド呼び出し",""
"ja/development_tools/testing_framework/guide/development_guide/05_UnitTestGuide/02_RequestUnitTest/real.rst","283","para","0","スーパクラスのメソッド呼び出し","","テストメソッド内で、スーパクラスの以下のいずれかのメソッドを呼び出す。"
"ja/development_tools/testing_framework/guide/development_guide/05_UnitTestGuide/02_RequestUnitTest/real.rst","285","para","0","スーパクラスのメソッド呼び出し","","* void execute() * void execute(String sheetName)"
"ja/development_tools/testing_framework/guide/development_guide/05_UnitTestGuide/02_RequestUnitTest/real.rst","288","para","0","スーパクラスのメソッド呼び出し","","引数ありのexecuteメソッドでは、テストデータのシート名を指定できる。 引数なしのexecuteメソッドを使用すると、引数ありのexecuteメソッドに テストデータのシート名にテストメソッド名を指定した場合と同じ動作となる。"
"ja/development_tools/testing_framework/guide/development_guide/05_UnitTestGuide/02_RequestUnitTest/real.rst","292","para","0","スーパクラスのメソッド呼び出し","","通常、テストシート名とテストメソッド名は同一であるので、 引数なしのexecuteメソッドを使用するとよい。"
"ja/development_tools/testing_framework/guide/development_guide/05_UnitTestGuide/02_RequestUnitTest/real.rst","295","code","0","スーパクラスのメソッド呼び出し","java","@Test
public void testRegisterUser() {
execute();   // 【説明】execute(""testRegisterUser"") と等価"
"ja/development_tools/testing_framework/guide/development_guide/05_UnitTestGuide/02_RequestUnitTest/real.rst","305","heading","2","スーパクラスのメソッド呼び出し","テスト起動方法",""
"ja/development_tools/testing_framework/guide/development_guide/05_UnitTestGuide/02_RequestUnitTest/real.rst","307","para","0","スーパクラスのメソッド呼び出し > テスト起動方法","","クラス単体テストと同様。通常のJUnitテストと同じように実行する。"
"ja/development_tools/testing_framework/guide/development_guide/05_UnitTestGuide/02_RequestUnitTest/real.rst","312","heading","2","スーパクラスのメソッド呼び出し","テスト結果検証",""
"ja/development_tools/testing_framework/guide/development_guide/05_UnitTestGuide/02_RequestUnitTest/real.rst","314","para","0","スーパクラスのメソッド呼び出し > テスト結果検証","","自動テストフレームワーク側で以下の結果検証が行われる。"
"ja/development_tools/testing_framework/guide/development_guide/05_UnitTestGuide/02_RequestUnitTest/real.rst","316","para","0","スーパクラスのメソッド呼び出し > テスト結果検証","","* レスポンスメッセージの結果検証（必須） * データベースの結果検証 * ログの結果検証"
"ja/development_tools/testing_framework/guide/development_guide/05_UnitTestGuide/02_RequestUnitTest/real.rst","320","para","0","スーパクラスのメソッド呼び出し > テスト結果検証","","データベースとログの結果検証は、\ `テストショット一覧`_\ に期待値の記載が無い場合（空欄であれば）、 スキップされる。"
"ja/development_tools/testing_framework/guide/development_guide/05_UnitTestGuide/02_RequestUnitTest/rest.rst","3","heading","1","","リクエスト単体テストの実施方法",""
"ja/development_tools/testing_framework/guide/development_guide/05_UnitTestGuide/02_RequestUnitTest/rest.rst","6","heading","2","リクエスト単体テストの実施方法","前提条件",""
"ja/development_tools/testing_framework/guide/development_guide/05_UnitTestGuide/02_RequestUnitTest/rest.rst","8","para","0","リクエスト単体テストの実施方法 > 前提条件","","RESTfulウェブサービス実行基盤向けのテストでは、他の実行基盤向けテスティングフレームワークに加え 依存するモジュールを追加する必要がある。 詳細は :ref:`自動テストフレームワークの使用方法 <rest_testing_fw>` 参照。"
"ja/development_tools/testing_framework/guide/development_guide/05_UnitTestGuide/02_RequestUnitTest/rest.rst","13","heading","2","リクエスト単体テストの実施方法","テストクラスの書き方",""
"ja/development_tools/testing_framework/guide/development_guide/05_UnitTestGuide/02_RequestUnitTest/rest.rst","15","para","0","リクエスト単体テストの実施方法 > テストクラスの書き方","","* :ref:`フレームワークで用意されたテストクラスのスーパークラスを継承する。 <rest_test_extends_superclass>` * JUnit4のアノテーションを使用する (テストメソッドに @Test アノテーションを付与する) * :ref:`事前準備補助機能 <rest_test_helper"
"ja/development_tools/testing_framework/guide/development_guide/05_UnitTestGuide/02_RequestUnitTest/rest.rst","21","code","0","リクエスト単体テストの実施方法 > テストクラスの書き方","java","import nablarch.fw.web.HttpResponse;
import nablarch.fw.web.RestMockHttpRequest;
import nablarch.test.core.http.RestTestSupport;"
"ja/development_tools/testing_framework/guide/development_guide/05_UnitTestGuide/02_RequestUnitTest/rest.rst","54","heading","1","","フレームワークで用意されたテストクラスのスーパークラスを継承する",""
"ja/development_tools/testing_framework/guide/development_guide/05_UnitTestGuide/02_RequestUnitTest/rest.rst","56","para","0","フレームワークで用意されたテストクラスのスーパークラスを継承する","","テストクラスのスーパークラスとして ``nablarch.test.core.http.RestTestSupport`` クラスを継承する。 テストデータの投入とデータベースのアサートが不要な場合は ``nablarch.test.core.http.SimpleRestTestSupport`` クラスを継承する。"
"ja/development_tools/testing_framework/guide/development_guide/05_UnitTestGuide/02_RequestUnitTest/rest.rst","60","para","0","フレームワークで用意されたテストクラスのスーパークラスを継承する","","それぞれのスーパークラスの詳細は :ref:`自動テストフレームワークの使用方法 <rest_test_superclasses>` 参照。"
"ja/development_tools/testing_framework/guide/development_guide/05_UnitTestGuide/02_RequestUnitTest/rest.rst","63","heading","1","","JUnit4のアノテーションを使用する",""
"ja/development_tools/testing_framework/guide/development_guide/05_UnitTestGuide/02_RequestUnitTest/rest.rst","64","para","0","JUnit4のアノテーションを使用する","","テスティングフレームワークはJUnit4をベースとしているため、テスト対象メソッドに ``@Test`` アノテーションを付与する。"
"ja/development_tools/testing_framework/guide/development_guide/05_UnitTestGuide/02_RequestUnitTest/rest.rst","67","heading","1","","事前準備補助機能を使ってリクエストを生成する",""
"ja/development_tools/testing_framework/guide/development_guide/05_UnitTestGuide/02_RequestUnitTest/rest.rst","68","para","0","事前準備補助機能を使ってリクエストを生成する","","スーパークラスに用意された :ref:`事前準備補助機能 <rest_test_helper>` を使ってリクエストを生成する。"
"ja/development_tools/testing_framework/guide/development_guide/05_UnitTestGuide/02_RequestUnitTest/rest.rst","71","heading","1","","リクエストを送信する",""
"ja/development_tools/testing_framework/guide/development_guide/05_UnitTestGuide/02_RequestUnitTest/rest.rst","72","para","0","リクエストを送信する","","スーパークラスに用意された :ref:`リクエスト送信メソッド <rest_test_execute>` を呼び出すことでリクエストを送信する。"
"ja/development_tools/testing_framework/guide/development_guide/05_UnitTestGuide/02_RequestUnitTest/rest.rst","75","heading","1","","結果を確認する",""
"ja/development_tools/testing_framework/guide/development_guide/05_UnitTestGuide/02_RequestUnitTest/rest.rst","76","para","0","結果を確認する","","ステータスコードは、スーパークラスに用意された :ref:`メソッド <rest_test_assert>` を呼び出すことで検証する。 レスポンスボディについては任意のライブラリを使用してアプリケーションに合わせて検証する。"
"ja/development_tools/testing_framework/guide/development_guide/05_UnitTestGuide/02_RequestUnitTest/rest.rst","82","heading","2","結果を確認する","テストデータの書き方",""
"ja/development_tools/testing_framework/guide/development_guide/05_UnitTestGuide/02_RequestUnitTest/rest.rst","84","para","0","結果を確認する > テストデータの書き方","",":ref:`how_to_write_excel` に記載された方法で、テストデータを記述できる。"
"ja/development_tools/testing_framework/guide/development_guide/05_UnitTestGuide/02_RequestUnitTest/rest.rst","86","para","0","結果を確認する > テストデータの書き方","","ただし、RESTfulウェブサービス実行基盤向けのテストで自動的に読み込まれるデータは以下のみとなる。"
"ja/development_tools/testing_framework/guide/development_guide/05_UnitTestGuide/02_RequestUnitTest/rest.rst","88","para","0","結果を確認する > テストデータの書き方","","* テストクラスで共通のデータベース初期値 * テストメソッド毎のデータベース初期値"
"ja/development_tools/testing_framework/guide/development_guide/05_UnitTestGuide/02_RequestUnitTest/rest.rst","91","admonition","0","結果を確認する > テストデータの書き方","important","RESTfulウェブサービス実行基盤以外のテストの場合テストクラス一つにつきテストデータファイルが必ず一つ必要であったが、 RESTfulウェブサービス実行基盤"
"ja/development_tools/testing_framework/guide/development_guide/05_UnitTestGuide/02_RequestUnitTest/rest.rst","96","admonition","0","結果を確認する > テストデータの書き方","important","上記以外のテストデータをテストデータファイルに記載可能だが、記載した場合は :ref:`how_to_get_data_from_excel` に記載の方法で、"
"ja/development_tools/testing_framework/guide/development_guide/05_UnitTestGuide/02_RequestUnitTest/rest.rst","102","code","0","結果を確認する > テストデータの書き方","java","List<Map<String, String>> getListMap(String sheetName, String id)
List<Map<String, String[]>> getListParamMap(String sheetName, String id)
Map<String, String[]> getParamMap(String sheetName, String id)"
"ja/development_tools/testing_framework/guide/development_guide/05_UnitTestGuide/02_RequestUnitTest/rest.rst","108","para","0","結果を確認する > テストデータの書き方","","YAML 形式でのテストデータの書き方は :ref:`ntf_testdata` を参照。"
"ja/development_tools/testing_framework/guide/development_guide/05_UnitTestGuide/02_RequestUnitTest/rest.rst","111","heading","1","","テストクラスで共通のデータベース初期値",""
"ja/development_tools/testing_framework/guide/development_guide/05_UnitTestGuide/02_RequestUnitTest/rest.rst","113","para","0","テストクラスで共通のデータベース初期値","",":ref:`request_test_setup_db` 参照。"
"ja/development_tools/testing_framework/guide/development_guide/05_UnitTestGuide/02_RequestUnitTest/rest.rst","116","heading","1","","テストメソッド毎のデータベース初期値",""
"ja/development_tools/testing_framework/guide/development_guide/05_UnitTestGuide/02_RequestUnitTest/rest.rst","118","para","0","テストメソッド毎のデータベース初期値","","テストデータを記載したテストデータファイルに\ **テストメソッドの名前**\ でシートを用意し、 \ **SETUP_TABLES**\のデータタイプでデータベース初期値を記載する。 ここに記載されたデータは、フレームワークによりテストメソッド実行時に投入される。"
"ja/development_tools/testing_framework/guide/development_guide/05_UnitTestGuide/02_RequestUnitTest/send_sync.rst","5","heading","1","","リクエスト単体テストの実施方法(同期応答メッセージ送信処理)",""
"ja/development_tools/testing_framework/guide/development_guide/05_UnitTestGuide/02_RequestUnitTest/send_sync.rst","9","heading","2","リクエスト単体テストの実施方法(同期応答メッセージ送信処理)","出力ライブラリ(同期応答メッセージ送信処理)の構造とテスト範囲",""
"ja/development_tools/testing_framework/guide/development_guide/05_UnitTestGuide/02_RequestUnitTest/send_sync.rst","11","para","0","リクエスト単体テストの実施方法(同期応答メッセージ送信処理) > 出力ライブラリ(同期応答メッセージ送信処理)の構造とテスト範囲","","同期応答メッセージ送信処理のリクエスト単体テストは、当該処理に付与されたリクエストID\ [#]_\ 単位で行う。"
"ja/development_tools/testing_framework/guide/development_guide/05_UnitTestGuide/02_RequestUnitTest/send_sync.rst","14","para","0","リクエスト単体テストの実施方法(同期応答メッセージ送信処理) > 出力ライブラリ(同期応答メッセージ送信処理)の構造とテスト範囲","","ここで扱うリクエストIDとは、メッセージを送信する相手先システムの機能を一意に識別するために定義するIDのことを指すものであり、 ウェブアプリケーションやバッチ処理で使用するリクエストIDとは意味が異なる点に注意すること。 このリクエストIDにもとづき、要求電文および応答電文のフォーマット、送信キュー名、受信キュー名が"
"ja/development_tools/testing_framework/guide/development_guide/05_UnitTestGuide/02_RequestUnitTest/send_sync.rst","19","para","0","リクエスト単体テストの実施方法(同期応答メッセージ送信処理) > 出力ライブラリ(同期応答メッセージ送信処理)の構造とテスト範囲","","※本項では、Actionがキューへ送信するメッセージのことを「要求電文」、Actionがキューから受信するメッセージのことを「応答電文」と称す。"
"ja/development_tools/testing_framework/guide/development_guide/05_UnitTestGuide/02_RequestUnitTest/send_sync.rst","21","para","0","リクエスト単体テストの実施方法(同期応答メッセージ送信処理) > 出力ライブラリ(同期応答メッセージ送信処理)の構造とテスト範囲","","リクエスト単体テスト実施時のイメージを以下に示す。"
"ja/development_tools/testing_framework/guide/development_guide/05_UnitTestGuide/02_RequestUnitTest/send_sync.rst","23","figure","0","リクエスト単体テストの実施方法(同期応答メッセージ送信処理) > 出力ライブラリ(同期応答メッセージ送信処理)の構造とテスト範囲","","./_image/send_sync_base.png"
"ja/development_tools/testing_framework/guide/development_guide/05_UnitTestGuide/02_RequestUnitTest/send_sync.rst","24","figure","0","リクエスト単体テストの実施方法(同期応答メッセージ送信処理) > 出力ライブラリ(同期応答メッセージ送信処理)の構造とテスト範囲","","./_image/hanrei.png"
"ja/development_tools/testing_framework/guide/development_guide/05_UnitTestGuide/02_RequestUnitTest/send_sync.rst","27","para","0","リクエスト単体テストの実施方法(同期応答メッセージ送信処理) > 出力ライブラリ(同期応答メッセージ送信処理)の構造とテスト範囲","","| ①自動テストフレームワークは、Nablarch Application Frameworkを起動する。 | ②Nablarch Application FrameworkはActionの入力となるパラメータ（画面ならばリクエスト、バッチならばファイルやDB）を読み込み、Actionを起動する。 | ③Actionは"
"ja/development_tools/testing_framework/guide/development_guide/05_UnitTestGuide/02_RequestUnitTest/send_sync.rst","32","para","0","リクエスト単体テストの実施方法(同期応答メッセージ送信処理) > 出力ライブラリ(同期応答メッセージ送信処理)の構造とテスト範囲","","| ⑤自動テストフレームワークは、テストデータを元に応答電文を生成し、Actionへ返却する。（応答電文はキューからGETしない）"
"ja/development_tools/testing_framework/guide/development_guide/05_UnitTestGuide/02_RequestUnitTest/send_sync.rst","35","admonition","0","リクエスト単体テストの実施方法(同期応答メッセージ送信処理) > 出力ライブラリ(同期応答メッセージ送信処理)の構造とテスト範囲","tip",""
"ja/development_tools/testing_framework/guide/development_guide/05_UnitTestGuide/02_RequestUnitTest/send_sync.rst","36","para","0","リクエスト単体テストの実施方法(同期応答メッセージ送信処理) > 出力ライブラリ(同期応答メッセージ送信処理)の構造とテスト範囲","","自動テストフレームワークは、「送信キュー」「受信キュー」を使用せず、キューの手前で要求電文のアサートおよび、応答電文を生成する。 このため、特別なミドルウェアのインストールや環境設定は不要である。"
"ja/development_tools/testing_framework/guide/development_guide/05_UnitTestGuide/02_RequestUnitTest/send_sync.rst","40","para","0","リクエスト単体テストの実施方法(同期応答メッセージ送信処理) > 出力ライブラリ(同期応答メッセージ送信処理)の構造とテスト範囲","","本自動テストフレームワークを用いて実施する同期応答メッセージ送信処理のリクエスト単体テストの特色と利点を以下に挙げる。"
"ja/development_tools/testing_framework/guide/development_guide/05_UnitTestGuide/02_RequestUnitTest/send_sync.rst","43","para","0","リクエスト単体テストの実施方法(同期応答メッセージ送信処理) > 出力ライブラリ(同期応答メッセージ送信処理)の構造とテスト範囲","","1. 書きやすいテストデータ"
"ja/development_tools/testing_framework/guide/development_guide/05_UnitTestGuide/02_RequestUnitTest/send_sync.rst","45","para","0","リクエスト単体テストの実施方法(同期応答メッセージ送信処理) > 出力ライブラリ(同期応答メッセージ送信処理)の構造とテスト範囲","","電文レイアウトはフィールド長が固定されていることがほとんどであり、固定長ファイル同様に テストデータとしては記載しにくいが、本自動テストフレームワークでは、 テストデータファイルを使用することで、外部インターフェース設計書のフォーマット定義に沿って テストデータを記載できる。"
"ja/development_tools/testing_framework/guide/development_guide/05_UnitTestGuide/02_RequestUnitTest/send_sync.rst","50","para","0","リクエスト単体テストの実施方法(同期応答メッセージ送信処理) > 出力ライブラリ(同期応答メッセージ送信処理)の構造とテスト範囲","","また、同期応答メッセージ送信処理用のテストデータ書式が提供されており、これに準拠することで テストデータを容易に作成することができる。 これらの特徴により、テストデータが作りやすくかつ保守しやすいものとなっている。"
"ja/development_tools/testing_framework/guide/development_guide/05_UnitTestGuide/02_RequestUnitTest/send_sync.rst","54","para","0","リクエスト単体テストの実施方法(同期応答メッセージ送信処理) > 出力ライブラリ(同期応答メッセージ送信処理)の構造とテスト範囲","","2. メッセージ同期送信処理についてのテストコードを記載する必要がない"
"ja/development_tools/testing_framework/guide/development_guide/05_UnitTestGuide/02_RequestUnitTest/send_sync.rst","56","para","0","リクエスト単体テストの実施方法(同期応答メッセージ送信処理) > 出力ライブラリ(同期応答メッセージ送信処理)の構造とテスト範囲","","テストデータ（要求電文の期待値および応答電文）はExcelに記載することができ、自動テストフレームワークはそのテストデータをもとに要求電文のアサートおよび応答電文の返却を自動的に行う。"
"ja/development_tools/testing_framework/guide/development_guide/05_UnitTestGuide/02_RequestUnitTest/send_sync.rst","58","para","0","リクエスト単体テストの実施方法(同期応答メッセージ送信処理) > 出力ライブラリ(同期応答メッセージ送信処理)の構造とテスト範囲","","このような典型的な定型処理を実装したスーパークラスが提供されており、これを使用することで、 テスト準備、テスト対象の実行、テスト結果確認が可能である。 これにより、テストデータのみで、ほぼコーディングなしでテストが実行可能である。"
"ja/development_tools/testing_framework/guide/development_guide/05_UnitTestGuide/02_RequestUnitTest/send_sync.rst","63","heading","2","リクエスト単体テストの実施方法(同期応答メッセージ送信処理)","テストの実施方法",""
"ja/development_tools/testing_framework/guide/development_guide/05_UnitTestGuide/02_RequestUnitTest/send_sync.rst","65","para","0","リクエスト単体テストの実施方法(同期応答メッセージ送信処理) > テストの実施方法","","同期応答メッセージ送信処理のテストは、ウェブアプリケーションやバッチ処理などのテスト方式を踏襲して行われる。 テストクラスの書き方や各種準備データの準備方法については、これらのテストの実施方法を参照すること。 \"
"ja/development_tools/testing_framework/guide/development_guide/05_UnitTestGuide/02_RequestUnitTest/send_sync.rst","68","para","0","リクエスト単体テストの実施方法(同期応答メッセージ送信処理) > テストの実施方法","","本項では、同期応答メッセージ送信処理個有の実施方法についてのみ解説する。"
"ja/development_tools/testing_framework/guide/development_guide/05_UnitTestGuide/02_RequestUnitTest/send_sync.rst","76","heading","2","リクエスト単体テストの実施方法(同期応答メッセージ送信処理)","テストデータの書き方",""
"ja/development_tools/testing_framework/guide/development_guide/05_UnitTestGuide/02_RequestUnitTest/send_sync.rst","78","para","0","リクエスト単体テストの実施方法(同期応答メッセージ送信処理) > テストデータの書き方","","テストデータを記載したテストデータファイルは、クラス単体テストと同様に\ テストソースコードと同じディレクトリに同じ名前で格納する（拡張子のみ異なる）。"
"ja/development_tools/testing_framework/guide/development_guide/05_UnitTestGuide/02_RequestUnitTest/send_sync.rst","81","para","0","リクエスト単体テストの実施方法(同期応答メッセージ送信処理) > テストデータの書き方","","テストデータの記述方法詳細については、「\ :ref:`how_to_write_excel`\ 」を参照。"
"ja/development_tools/testing_framework/guide/development_guide/05_UnitTestGuide/02_RequestUnitTest/send_sync.rst","83","para","0","リクエスト単体テストの実施方法(同期応答メッセージ送信処理) > テストデータの書き方","","YAML 形式での電文データの書き方は :ref:`ntf_testdata_messaging` および :ref:`ntf_testdata_values` を参照。"
"ja/development_tools/testing_framework/guide/development_guide/05_UnitTestGuide/02_RequestUnitTest/send_sync.rst","87","heading","1","","要求電文の期待値および、返却する応答電文（レスポンスメッセージ）の準備",""
"ja/development_tools/testing_framework/guide/development_guide/05_UnitTestGuide/02_RequestUnitTest/send_sync.rst","89","para","0","要求電文の期待値および、返却する応答電文（レスポンスメッセージ）の準備","","同期応答メッセージ送信処理を行う場合、リクエストIDごとに、要求電文および応答電文のヘッダ部とボディ部のフォーマットおよび、データを定義する。"
"ja/development_tools/testing_framework/guide/development_guide/05_UnitTestGuide/02_RequestUnitTest/send_sync.rst","91","para","0","要求電文の期待値および、返却する応答電文（レスポンスメッセージ）の準備","","テストケースと要求電文の期待値および応答電文は、グループIDで対応付ける。 具体的には、テストケースのexpectedMessageおよびresponseMessageのフィールドに記載されたグループIDが、 対応する識別子を持つ表と対応することとなる。\"
"ja/development_tools/testing_framework/guide/development_guide/05_UnitTestGuide/02_RequestUnitTest/send_sync.rst","95","para","0","要求電文の期待値および、返却する応答電文（レスポンスメッセージ）の準備","","なお、テストケース一覧にexpectedMessageおよびresponseMessageの欄がない場合には検証が行われない。 また空欄で、かつメッセージ同期送信処理が行われた場合には、テストが失敗する。 メッセージ同期送信処理を行う場合は、expectedMessageおよびresponseMessageを必ず記載す"
"ja/development_tools/testing_framework/guide/development_guide/05_UnitTestGuide/02_RequestUnitTest/send_sync.rst","99","para","0","要求電文の期待値および、返却する応答電文（レスポンスメッセージ）の準備","","１つのテストケースで、同一グループIDかつ同一リクエストIDを持った電文が複数件送信される場合は、その件数分要求電文および応答電文のデータ行を記載すること。noの列の順番（連番）は送信される順番に一致する。"
"ja/development_tools/testing_framework/guide/development_guide/05_UnitTestGuide/02_RequestUnitTest/send_sync.rst","101","para","0","要求電文の期待値および、返却する応答電文（レスポンスメッセージ）の準備","","テストケースの書き方についての詳細は、以下を参照すること。 * \ :ref:`ウェブアプリケーションのテストケース一覧<request_test_testcases>`\ * \ :ref:`バッチ処理のテストケース一覧<batch_test_testcases>`\"
"ja/development_tools/testing_framework/guide/development_guide/05_UnitTestGuide/02_RequestUnitTest/send_sync.rst","105","para","0","要求電文の期待値および、返却する応答電文（レスポンスメッセージ）の準備","","以下に、実際にExcelで書かれたテストデータを示す。（グループIDの関連も示す）"
"ja/development_tools/testing_framework/guide/development_guide/05_UnitTestGuide/02_RequestUnitTest/send_sync.rst","108","figure","0","要求電文の期待値および、返却する応答電文（レスポンスメッセージ）の準備","","./_image/send_sync.png"
"ja/development_tools/testing_framework/guide/development_guide/05_UnitTestGuide/02_RequestUnitTest/send_sync.rst","113","admonition","0","要求電文の期待値および、返却する応答電文（レスポンスメッセージ）の準備","tip",""
"ja/development_tools/testing_framework/guide/development_guide/05_UnitTestGuide/02_RequestUnitTest/send_sync.rst","115","para","0","要求電文の期待値および、返却する応答電文（レスポンスメッセージ）の準備","","Nablarchが標準で提供する同期応答メッセージ送信機能では、要求電文と応答電文のヘッダ部は共通のフォーマットを使用するので、 テストデータも同様にヘッダ部のフォーマット定義をリクエスト単位で統一すること。 ボディ部については、要求電文と応答電文で異なるフォーマットを定義できる。"
"ja/development_tools/testing_framework/guide/development_guide/05_UnitTestGuide/02_RequestUnitTest/send_sync.rst","122","para","0","要求電文の期待値および、返却する応答電文（レスポンスメッセージ）の準備","","要求電文の期待値および、返却する応答電文の表は以下の書式で記載する。"
"ja/development_tools/testing_framework/guide/development_guide/05_UnitTestGuide/02_RequestUnitTest/send_sync.rst","125","table","0","要求電文の期待値および、返却する応答電文（レスポンスメッセージ）の準備","","識別子"
"ja/development_tools/testing_framework/guide/development_guide/05_UnitTestGuide/02_RequestUnitTest/send_sync.rst","147","para","0","要求電文の期待値および、返却する応答電文（レスポンスメッセージ）の準備","","これより下側は、同様にディレクティブの数だけ続いていく。"
"ja/development_tools/testing_framework/guide/development_guide/05_UnitTestGuide/02_RequestUnitTest/send_sync.rst","150","para","0","要求電文の期待値および、返却する応答電文（レスポンスメッセージ）の準備","","これより右側は、同様にフィールドの数だけ続いていく。"
"ja/development_tools/testing_framework/guide/development_guide/05_UnitTestGuide/02_RequestUnitTest/send_sync.rst","153","para","0","要求電文の期待値および、返却する応答電文（レスポンスメッセージ）の準備","","これより下側は、同様にデータの数だけ続いていく。"
"ja/development_tools/testing_framework/guide/development_guide/05_UnitTestGuide/02_RequestUnitTest/send_sync.rst","155","para","0","要求電文の期待値および、返却する応答電文（レスポンスメッセージ）の準備","","\"
"ja/development_tools/testing_framework/guide/development_guide/05_UnitTestGuide/02_RequestUnitTest/send_sync.rst","159","table","0","要求電文の期待値および、返却する応答電文（レスポンスメッセージ）の準備","","名称 | 説明"
"ja/development_tools/testing_framework/guide/development_guide/05_UnitTestGuide/02_RequestUnitTest/send_sync.rst","164","para","0","要求電文の期待値および、返却する応答電文（レスポンスメッセージ）の準備","","識別子の書式を以下に示す。"
"ja/development_tools/testing_framework/guide/development_guide/05_UnitTestGuide/02_RequestUnitTest/send_sync.rst","166","para","0","要求電文の期待値および、返却する応答電文（レスポンスメッセージ）の準備","","* 要求電文の期待値のヘッダ … EXPECTED_REQUEST_HEADER_MESSAGES[グループID]=リクエストID * 要求電文の本文の期待値 … EXPECTED_REQUEST_BODY_MESSAGES[グループID]=リクエストID * 応答電文のヘッダ … RESPONSE_HEADER_ME"
"ja/development_tools/testing_framework/guide/development_guide/05_UnitTestGuide/02_RequestUnitTest/send_sync.rst","175","para","0","要求電文の期待値および、返却する応答電文（レスポンスメッセージ）の準備","","データ型は「半角英字」のように日本語名称で記述する。"
"ja/development_tools/testing_framework/guide/development_guide/05_UnitTestGuide/02_RequestUnitTest/send_sync.rst","177","para","0","要求電文の期待値および、返却する応答電文（レスポンスメッセージ）の準備","","フォーマット定義ファイル上のデータ型と日本語名称のデータ型のマッピングは、 `BasicDataTypeMapping <https://github.com/nablarch/nablarch-testing/blob/main/src/main/java/nablarch/test/core/file/BasicD"
"ja/development_tools/testing_framework/guide/development_guide/05_UnitTestGuide/02_RequestUnitTest/send_sync.rst","184","para","0","要求電文の期待値および、返却する応答電文（レスポンスメッセージ）の準備","","ディレクティブを記述する際、フォーマット定義ファイルの以下に対応する内容は記述不要である。"
"ja/development_tools/testing_framework/guide/development_guide/05_UnitTestGuide/02_RequestUnitTest/send_sync.rst","186","para","0","要求電文の期待値および、返却する応答電文（レスポンスメッセージ）の準備","","============== ============================================================== 項目           理由 ============== ==================================================="
"ja/development_tools/testing_framework/guide/development_guide/05_UnitTestGuide/02_RequestUnitTest/send_sync.rst","194","admonition","0","要求電文の期待値および、返却する応答電文（レスポンスメッセージ）の準備","important",""
"ja/development_tools/testing_framework/guide/development_guide/05_UnitTestGuide/02_RequestUnitTest/send_sync.rst","195","para","0","要求電文の期待値および、返却する応答電文（レスポンスメッセージ）の準備","","フィールド名称に\ **重複した名称は許容されない**\ 。例えば、「氏名」というフィールドが2つ以上存在してはならない。 （通常、このような場合は「本会員氏名」と「家族会員氏名」のようにユニークなフィールド名称が付与される）"
"ja/development_tools/testing_framework/guide/development_guide/05_UnitTestGuide/02_RequestUnitTest/send_sync.rst","199","admonition","0","要求電文の期待値および、返却する応答電文（レスポンスメッセージ）の準備","tip",""
"ja/development_tools/testing_framework/guide/development_guide/05_UnitTestGuide/02_RequestUnitTest/send_sync.rst","200","para","0","要求電文の期待値および、返却する応答電文（レスポンスメッセージ）の準備","","フィールド名称、データ型、フィールド長の記述は、外部インタフェース設計書からコピー＆ペーストすることで効率良く作成できる。\ （ペーストする際、「\ **行列を入れ替える**\ 」オプションにチェックすること）"
"ja/development_tools/testing_framework/guide/development_guide/05_UnitTestGuide/02_RequestUnitTest/send_sync.rst","207","para","0","要求電文の期待値および、返却する応答電文（レスポンスメッセージ）の準備","","以下に具体的な要求電文の本文の期待値の記載例を示す。"
"ja/development_tools/testing_framework/guide/development_guide/05_UnitTestGuide/02_RequestUnitTest/send_sync.rst","209","para","0","要求電文の期待値および、返却する応答電文（レスポンスメッセージ）の準備","","要求電文のヘッダの期待値および応答電文の本文・ヘッダについても、識別子を除く部分についてはここで記載する要求電文の本文の期待値と同様の記載方法となる。"
"ja/development_tools/testing_framework/guide/development_guide/05_UnitTestGuide/02_RequestUnitTest/send_sync.rst","211","para","0","要求電文の期待値および、返却する応答電文（レスポンスメッセージ）の準備","","この例では、以下の仕様を満たす要求電文が送信されることを期待している。"
"ja/development_tools/testing_framework/guide/development_guide/05_UnitTestGuide/02_RequestUnitTest/send_sync.rst","213","para","0","要求電文の期待値および、返却する応答電文（レスポンスメッセージ）の準備","","* リクエストIDは\ ``RM21AA0104``\ * 文字コードは\ ``Windows-31J``\ * レコード区切り文字は\ ``CRLF``\ * レコード区分は\ ``1``\、\ ``ユーザIDは0000000001``\、\ ``ログインIDはnabura``\"
"ja/development_tools/testing_framework/guide/development_guide/05_UnitTestGuide/02_RequestUnitTest/send_sync.rst","220","figure","0","要求電文の期待値および、返却する応答電文（レスポンスメッセージ）の準備","","./_image/send_sync_example.png"
"ja/development_tools/testing_framework/guide/development_guide/05_UnitTestGuide/02_RequestUnitTest/send_sync.rst","224","admonition","0","要求電文の期待値および、返却する応答電文（レスポンスメッセージ）の準備","important",""
"ja/development_tools/testing_framework/guide/development_guide/05_UnitTestGuide/02_RequestUnitTest/send_sync.rst","226","para","0","要求電文の期待値および、返却する応答電文（レスポンスメッセージ）の準備","","要求電文に複数のレコードが存在する場合、以下の様に1つのヘッダに複数の業務データを記載したくなる。"
"ja/development_tools/testing_framework/guide/development_guide/05_UnitTestGuide/02_RequestUnitTest/send_sync.rst","228","para","0","要求電文の期待値および、返却する応答電文（レスポンスメッセージ）の準備","","* ヘッダ * 業務データ(1レコード目) * 業務データ(2レコード目) * 業務データ(3レコード目)"
"ja/development_tools/testing_framework/guide/development_guide/05_UnitTestGuide/02_RequestUnitTest/send_sync.rst","233","para","0","要求電文の期待値および、返却する応答電文（レスポンスメッセージ）の準備","","しかし、自動テストフレームワークでは、以下の様にヘッダとレコードを交互に記載する必要がある。 ヘッダを重複して定義しなかった場合、業務データとヘッダの数が一致しないためアサーションエラーが発生する。"
"ja/development_tools/testing_framework/guide/development_guide/05_UnitTestGuide/02_RequestUnitTest/send_sync.rst","236","para","0","要求電文の期待値および、返却する応答電文（レスポンスメッセージ）の準備","","* ヘッダ * 業務データ(1レコード目) * ヘッダ * 業務データ(2レコード目) * ヘッダ * 業務データ(3レコード目)"
"ja/development_tools/testing_framework/guide/development_guide/05_UnitTestGuide/02_RequestUnitTest/send_sync.rst","245","para","0","要求電文の期待値および、返却する応答電文（レスポンスメッセージ）の準備","","複数回電文を送信する場合のテストは、テスティングフレームワークの以下の仕様に注意をして記述すること。"
"ja/development_tools/testing_framework/guide/development_guide/05_UnitTestGuide/02_RequestUnitTest/send_sync.rst","247","para","0","要求電文の期待値および、返却する応答電文（レスポンスメッセージ）の準備","","* 同一データタイプ(以下の例では ``RESPONSE_HEADER_MESSAGES`` と ``RESPONSE_BODY_MESSAGES`` )は、それぞれ、まとめて記述する。詳細は、 \ :ref:`tips_groupId`\ 及び、 \ :ref:`auto-test-framework_multi-d"
"ja/development_tools/testing_framework/guide/development_guide/05_UnitTestGuide/02_RequestUnitTest/send_sync.rst","250","para","0","要求電文の期待値および、返却する応答電文（レスポンスメッセージ）の準備","","以下に、複数回メッセージを送信する場合の要求電文の本文の期待値の記載例を示す。"
"ja/development_tools/testing_framework/guide/development_guide/05_UnitTestGuide/02_RequestUnitTest/send_sync.rst","252","figure","0","要求電文の期待値および、返却する応答電文（レスポンスメッセージ）の準備","","./_image/send_sync_ok_pattern_expected.png"
"ja/development_tools/testing_framework/guide/development_guide/05_UnitTestGuide/02_RequestUnitTest/send_sync.rst","256","admonition","0","要求電文の期待値および、返却する応答電文（レスポンスメッセージ）の準備","tip",""
"ja/development_tools/testing_framework/guide/development_guide/05_UnitTestGuide/02_RequestUnitTest/send_sync.rst","257","para","0","要求電文の期待値および、返却する応答電文（レスポンスメッセージ）の準備","","送信対象のリクエストIDが複数存在する場合、送信順のテストは不可能である。上記の例の場合、 ``ProjectInsertMessage`` より先に、 ``ProjectInsert2Messag`` が送信された場合であってもテストは成功となる。"
"ja/development_tools/testing_framework/guide/development_guide/05_UnitTestGuide/02_RequestUnitTest/send_sync.rst","264","heading","1","","障害系のテスト",""
"ja/development_tools/testing_framework/guide/development_guide/05_UnitTestGuide/02_RequestUnitTest/send_sync.rst","266","para","0","障害系のテスト","","応答電文の表に「errorMode:」から始まる特定の値を設定することで、障害系のテストを行うことができる\ [#]_\ 。"
"ja/development_tools/testing_framework/guide/development_guide/05_UnitTestGuide/02_RequestUnitTest/send_sync.rst","268","para","0","障害系のテスト","","以下に、設定値と、障害系のテストの対応を示す。"
"ja/development_tools/testing_framework/guide/development_guide/05_UnitTestGuide/02_RequestUnitTest/send_sync.rst","270","para","0","障害系のテスト","","+------------------------------+-------------------------------------------------------------+--------------------------------------------------+ | 最初のフィールドに設定す"
"ja/development_tools/testing_framework/guide/development_guide/05_UnitTestGuide/02_RequestUnitTest/send_sync.rst","279","para","0","障害系のテスト","","この値は、応答電文の表の\ **ヘッダおよび本文両方の、「no」を除く最初のフィールド**\ に記載すること。"
"ja/development_tools/testing_framework/guide/development_guide/05_UnitTestGuide/02_RequestUnitTest/send_sync.rst","281","para","0","障害系のテスト","","Excelで設定する場合のイメージを以下に示す。"
"ja/development_tools/testing_framework/guide/development_guide/05_UnitTestGuide/02_RequestUnitTest/send_sync.rst","284","figure","0","障害系のテスト","","./_image/send_sync_error.png"
"ja/development_tools/testing_framework/guide/development_guide/05_UnitTestGuide/02_RequestUnitTest/send_sync.rst","288","para","0","障害系のテスト","","業務アクション内で、明示的に **MessagingException** を制御していないのであれば、 個別のリクエスト単体テストにおいて障害系のテストを行う必要は無い。"
"ja/development_tools/testing_framework/guide/development_guide/05_UnitTestGuide/02_RequestUnitTest/send_sync.rst","293","heading","2","障害系のテスト","テスト結果検証",""
"ja/development_tools/testing_framework/guide/development_guide/05_UnitTestGuide/02_RequestUnitTest/send_sync.rst","295","para","0","障害系のテスト > テスト結果検証","","要求電文の期待値を定義した場合、自動テストフレームワーク側で以下の検証が行われる。"
"ja/development_tools/testing_framework/guide/development_guide/05_UnitTestGuide/02_RequestUnitTest/send_sync.rst","297","para","0","障害系のテスト > テスト結果検証","","* 要求電文の内容の検証 * 要求電文の送信件数の検証"
"ja/development_tools/testing_framework/guide/development_guide/05_UnitTestGuide/03_DealUnitTest/batch.rst","3","heading","1","","取引単体テストの実施方法（バッチ）",""
"ja/development_tools/testing_framework/guide/development_guide/05_UnitTestGuide/03_DealUnitTest/batch.rst","5","para","0","取引単体テストの実施方法（バッチ）","","バッチ処理の取引単体テストは、自動テストフレームワークを使用してテストを行う。 リクエスト単体テストを連続実行することにより、取引単位でのテストを行う。"
"ja/development_tools/testing_framework/guide/development_guide/05_UnitTestGuide/03_DealUnitTest/batch.rst","8","para","0","取引単体テストの実施方法（バッチ）","","テストクラスは以下の条件を満たすように作成する。"
"ja/development_tools/testing_framework/guide/development_guide/05_UnitTestGuide/03_DealUnitTest/batch.rst","10","para","0","取引単体テストの実施方法（バッチ）","","* テストクラスのパッケージはテスト対象取引のパッケージとする。 * <取引ID>Testというクラス名でテストクラスを作成する。"
"ja/development_tools/testing_framework/guide/development_guide/05_UnitTestGuide/03_DealUnitTest/batch.rst","13","para","0","取引単体テストの実施方法（バッチ）","","例えば、テスト対象取引の取引IDがB21AC01だとすると、テストクラスは以下のようになる。"
"ja/development_tools/testing_framework/guide/development_guide/05_UnitTestGuide/03_DealUnitTest/batch.rst","15","code","0","取引単体テストの実施方法（バッチ）","java",""
"ja/development_tools/testing_framework/guide/development_guide/05_UnitTestGuide/03_DealUnitTest/batch.rst","17","para","0","取引単体テストの実施方法（バッチ）","","package nablarch.sample.ss21AC01"
"ja/development_tools/testing_framework/guide/development_guide/05_UnitTestGuide/03_DealUnitTest/batch.rst","19","para","0","取引単体テストの実施方法（バッチ）","","import nablarch.test.core.batch.BatchRequestTestSupport;"
"ja/development_tools/testing_framework/guide/development_guide/05_UnitTestGuide/03_DealUnitTest/batch.rst","21","para","0","取引単体テストの実施方法（バッチ）","","// 中略"
"ja/development_tools/testing_framework/guide/development_guide/05_UnitTestGuide/03_DealUnitTest/batch.rst","23","para","0","取引単体テストの実施方法（バッチ）","","public class B21AC01Test extends BatchRequestTestSupport {"
"ja/development_tools/testing_framework/guide/development_guide/05_UnitTestGuide/03_DealUnitTest/batch.rst","27","heading","1","","テストケース分割方針",""
"ja/development_tools/testing_framework/guide/development_guide/05_UnitTestGuide/03_DealUnitTest/batch.rst","29","para","0","テストケース分割方針","","基本的には、\ **1シートにつき1テストケース**\ とする。 以下、例外事項を示す。"
"ja/development_tools/testing_framework/guide/development_guide/05_UnitTestGuide/03_DealUnitTest/batch.rst","34","heading","2","テストケース分割方針","複雑なテストケースの場合",""
"ja/development_tools/testing_framework/guide/development_guide/05_UnitTestGuide/03_DealUnitTest/batch.rst","36","para","0","テストケース分割方針 > 複雑なテストケースの場合","","テストデータが大量であったり、1取引に含まれる処理が多い場合に、\ １つのシートに全てのテストデータを詰め込むと、シート内にデータが多くなり過ぎて、\ テストデータの可読性が落ちる場合がある。\ このような場合は、1ケースを複数シートに分割して記述しても良い。"
"ja/development_tools/testing_framework/guide/development_guide/05_UnitTestGuide/03_DealUnitTest/batch.rst","43","heading","2","テストケース分割方針","非常に簡単なテストケースの場合",""
"ja/development_tools/testing_framework/guide/development_guide/05_UnitTestGuide/03_DealUnitTest/batch.rst","45","para","0","テストケース分割方針 > 非常に簡単なテストケースの場合","","非常に簡単なテストケースで、テストデータ量が少ない場合、 1シートに全テストケースを含めてもよい。"
"ja/development_tools/testing_framework/guide/development_guide/05_UnitTestGuide/03_DealUnitTest/batch.rst","50","heading","1","","基本的な記述方法",""
"ja/development_tools/testing_framework/guide/development_guide/05_UnitTestGuide/03_DealUnitTest/batch.rst","52","para","0","基本的な記述方法","","基本的には、1テストケースを1シートにまとめて記述する。\ 1シート内に複数のバッチ実行を記述することにより、取引単位のテストとなる。"
"ja/development_tools/testing_framework/guide/development_guide/05_UnitTestGuide/03_DealUnitTest/batch.rst","55","para","0","基本的な記述方法","","以下の例では、３つのバッチ(ファイル入力バッチ、ユーザ削除バッチ、ファイル出力バッチ)\ で構成される取引を処理している。"
"ja/development_tools/testing_framework/guide/development_guide/05_UnitTestGuide/03_DealUnitTest/batch.rst","58","code","0","基本的な記述方法","java",""
"ja/development_tools/testing_framework/guide/development_guide/05_UnitTestGuide/03_DealUnitTest/batch.rst","60","para","0","基本的な記述方法","","/** 正常終了するケース */ @Test public void testSuccess() { execute(); }"
"ja/development_tools/testing_framework/guide/development_guide/05_UnitTestGuide/03_DealUnitTest/batch.rst","67","para","0","基本的な記述方法","","**【testSuccessシート】**"
"ja/development_tools/testing_framework/guide/development_guide/05_UnitTestGuide/03_DealUnitTest/batch.rst","69","para","0","基本的な記述方法","","LIST_MAP=testShots"
"ja/development_tools/testing_framework/guide/development_guide/05_UnitTestGuide/03_DealUnitTest/batch.rst","71","table","0","基本的な記述方法","","no | description | expectedStatusCode | setUpTable | setUpFile | expectedTable | expectedFile | requestPath"
"ja/development_tools/testing_framework/guide/development_guide/05_UnitTestGuide/03_DealUnitTest/batch.rst","81","heading","1","","1テストケースを複数シートを分割する場合",""
"ja/development_tools/testing_framework/guide/development_guide/05_UnitTestGuide/03_DealUnitTest/batch.rst","84","para","0","1テストケースを複数シートを分割する場合","","例えば、前項(\ `基本的な記述方法`_\ )で例示したテストケースは、以下のように分割して記述可能である。"
"ja/development_tools/testing_framework/guide/development_guide/05_UnitTestGuide/03_DealUnitTest/batch.rst","87","code","0","1テストケースを複数シートを分割する場合","java",""
"ja/development_tools/testing_framework/guide/development_guide/05_UnitTestGuide/03_DealUnitTest/batch.rst","89","para","0","1テストケースを複数シートを分割する場合","","package nablarch.sample.ss21AA01"
"ja/development_tools/testing_framework/guide/development_guide/05_UnitTestGuide/03_DealUnitTest/batch.rst","91","para","0","1テストケースを複数シートを分割する場合","","import org.junit.Test; import nablarch.test.core.messaging.BatchRequestTestSupport;"
"ja/development_tools/testing_framework/guide/development_guide/05_UnitTestGuide/03_DealUnitTest/batch.rst","94","para","0","1テストケースを複数シートを分割する場合","","// 中略"
"ja/development_tools/testing_framework/guide/development_guide/05_UnitTestGuide/03_DealUnitTest/batch.rst","96","para","0","1テストケースを複数シートを分割する場合","","public class B21AA01Test extends BatchRequestTestSupport {"
"ja/development_tools/testing_framework/guide/development_guide/05_UnitTestGuide/03_DealUnitTest/batch.rst","98","para","0","1テストケースを複数シートを分割する場合","","@Test public void testSuccess() {"
"ja/development_tools/testing_framework/guide/development_guide/05_UnitTestGuide/03_DealUnitTest/batch.rst","101","para","0","1テストケースを複数シートを分割する場合","","// 入力ファイルをテンポラリテーブルに登録 execute(""testSuccess_fileInput"");"
"ja/development_tools/testing_framework/guide/development_guide/05_UnitTestGuide/03_DealUnitTest/batch.rst","104","para","0","1テストケースを複数シートを分割する場合","","// テンポラリテーブルの情報をユーザ関連テーブルを削除 execute(""testSuccess_userDelete"");"
"ja/development_tools/testing_framework/guide/development_guide/05_UnitTestGuide/03_DealUnitTest/batch.rst","107","para","0","1テストケースを複数シートを分割する場合","","// 結果をファイル出力 execute(""testSuccess_fileOutput""); }"
"ja/development_tools/testing_framework/guide/development_guide/05_UnitTestGuide/03_DealUnitTest/batch.rst","111","para","0","1テストケースを複数シートを分割する場合","","\"
"ja/development_tools/testing_framework/guide/development_guide/05_UnitTestGuide/03_DealUnitTest/batch.rst","113","para","0","1テストケースを複数シートを分割する場合","","**【testSuccess_fileInputシート】**"
"ja/development_tools/testing_framework/guide/development_guide/05_UnitTestGuide/03_DealUnitTest/batch.rst","115","para","0","1テストケースを複数シートを分割する場合","","LIST_MAP=testShots"
"ja/development_tools/testing_framework/guide/development_guide/05_UnitTestGuide/03_DealUnitTest/batch.rst","117","table","0","1テストケースを複数シートを分割する場合","","no | case | expectedStatusCode | setUpTable | setUpFile | requestPath"
"ja/development_tools/testing_framework/guide/development_guide/05_UnitTestGuide/03_DealUnitTest/batch.rst","123","para","0","1テストケースを複数シートを分割する場合","","\"
"ja/development_tools/testing_framework/guide/development_guide/05_UnitTestGuide/03_DealUnitTest/batch.rst","125","para","0","1テストケースを複数シートを分割する場合","","**【testSuccess_userDeleteシート】**"
"ja/development_tools/testing_framework/guide/development_guide/05_UnitTestGuide/03_DealUnitTest/batch.rst","127","para","0","1テストケースを複数シートを分割する場合","","LIST_MAP=testShots"
"ja/development_tools/testing_framework/guide/development_guide/05_UnitTestGuide/03_DealUnitTest/batch.rst","129","table","0","1テストケースを複数シートを分割する場合","","no | case | expectedStatusCode | setUpTable | expectedTable | requestPath"
"ja/development_tools/testing_framework/guide/development_guide/05_UnitTestGuide/03_DealUnitTest/batch.rst","136","para","0","1テストケースを複数シートを分割する場合","","**【testSuccess_fileOutputシート】**"
"ja/development_tools/testing_framework/guide/development_guide/05_UnitTestGuide/03_DealUnitTest/batch.rst","138","para","0","1テストケースを複数シートを分割する場合","","LIST_MAP=testShots"
"ja/development_tools/testing_framework/guide/development_guide/05_UnitTestGuide/03_DealUnitTest/batch.rst","140","table","0","1テストケースを複数シートを分割する場合","","no | case | expectedStatusCode | setUpTable | outFile | requestPath"
"ja/development_tools/testing_framework/guide/development_guide/05_UnitTestGuide/03_DealUnitTest/batch.rst","148","heading","1","","1シートに複数ケースを含める場合",""
"ja/development_tools/testing_framework/guide/development_guide/05_UnitTestGuide/03_DealUnitTest/batch.rst","150","para","0","1シートに複数ケースを含める場合","","非常に簡単なテストケースの場合は、複数にまとめてもよい。"
"ja/development_tools/testing_framework/guide/development_guide/05_UnitTestGuide/03_DealUnitTest/batch.rst","152","para","0","1シートに複数ケースを含める場合","","以下の例では、２つのテストケース（通常のケースと入力データが0件のケース）を\ １つのシートで記述している"
"ja/development_tools/testing_framework/guide/development_guide/05_UnitTestGuide/03_DealUnitTest/batch.rst","155","code","0","1シートに複数ケースを含める場合","java",""
"ja/development_tools/testing_framework/guide/development_guide/05_UnitTestGuide/03_DealUnitTest/batch.rst","157","para","0","1シートに複数ケースを含める場合","","/** 正常終了するケース */ @Test public void testSuccess() { execute(); }"
"ja/development_tools/testing_framework/guide/development_guide/05_UnitTestGuide/03_DealUnitTest/batch.rst","164","para","0","1シートに複数ケースを含める場合","","**【testSuccessシート】**"
"ja/development_tools/testing_framework/guide/development_guide/05_UnitTestGuide/03_DealUnitTest/batch.rst","166","para","0","1シートに複数ケースを含める場合","","LIST_MAP=testShots"
"ja/development_tools/testing_framework/guide/development_guide/05_UnitTestGuide/03_DealUnitTest/batch.rst","168","table","0","1シートに複数ケースを含める場合","","no | description | expectedStatusCode | setUpTable | setUpFile | expectedTable | expectedFile | requestPath"
"ja/development_tools/testing_framework/guide/development_guide/05_UnitTestGuide/03_DealUnitTest/batch.rst","177","para","0","1シートに複数ケースを含める場合","","\"
"ja/development_tools/testing_framework/guide/development_guide/05_UnitTestGuide/03_DealUnitTest/batch.rst","179","admonition","0","1シートに複数ケースを含める場合","tip",""
"ja/development_tools/testing_framework/guide/development_guide/05_UnitTestGuide/03_DealUnitTest/batch.rst","180","para","0","1シートに複数ケースを含める場合","","グループIDを使用することで1シートに複数ケースのテストデータを記述できる。 詳細は、『\ :ref:`tips_groupId`\ 』の項を参照。"
"ja/development_tools/testing_framework/guide/development_guide/05_UnitTestGuide/03_DealUnitTest/delayed_receive.rst","3","heading","1","","取引単体テストの実施方法（応答不要メッセージ受信処理）",""
"ja/development_tools/testing_framework/guide/development_guide/05_UnitTestGuide/03_DealUnitTest/delayed_receive.rst","5","para","0","取引単体テストの実施方法（応答不要メッセージ受信処理）","","取引単体テストの実施方法は、同期応答メッセージン受信処理と同じである。 実施方法の詳細は\ :doc:`./real`\ を参照すること。"
"ja/development_tools/testing_framework/guide/development_guide/05_UnitTestGuide/03_DealUnitTest/delayed_send.rst","3","heading","1","","取引単体テストの実施方法（応答不要メッセージ送信処理）",""
"ja/development_tools/testing_framework/guide/development_guide/05_UnitTestGuide/03_DealUnitTest/delayed_send.rst","5","para","0","取引単体テストの実施方法（応答不要メッセージ送信処理）","","取引単体テストの実施方法は、同期応答メッセージ送信処理と同じである。 実施方法の詳細は\ :doc:`./real`\ を参照すること。"
"ja/development_tools/testing_framework/guide/development_guide/05_UnitTestGuide/03_DealUnitTest/http_send_sync.rst","5","heading","1","","HTTP同期応答メッセージ送信処理を伴う取引単体テストの実施方法",""
"ja/development_tools/testing_framework/guide/development_guide/05_UnitTestGuide/03_DealUnitTest/http_send_sync.rst","7","para","0","HTTP同期応答メッセージ送信処理を伴う取引単体テストの実施方法","","HTTP同期応答メッセージ送信処理を伴うウェブアプリケーションで、取引単体テストを行う場合は、Nablarchが提供するモックアップクラスを使用する。"
"ja/development_tools/testing_framework/guide/development_guide/05_UnitTestGuide/03_DealUnitTest/http_send_sync.rst","9","para","0","HTTP同期応答メッセージ送信処理を伴う取引単体テストの実施方法","","取引単体テスト実施方法は、\ :ref:`dealUnitTest_send_sync`\ を参照すること。"
"ja/development_tools/testing_framework/guide/development_guide/05_UnitTestGuide/03_DealUnitTest/http_send_sync.rst","11","para","0","HTTP同期応答メッセージ送信処理を伴う取引単体テストの実施方法","","ただし、「送信キュー」「受信キュー」を「通信先」と読み替えること。"
"ja/development_tools/testing_framework/guide/development_guide/05_UnitTestGuide/03_DealUnitTest/http_send_sync.rst","13","para","0","HTTP同期応答メッセージ送信処理を伴う取引単体テストの実施方法","","本項では、\ :ref:`dealUnitTest_send_sync`\ と異なる箇所を解説する。"
"ja/development_tools/testing_framework/guide/development_guide/05_UnitTestGuide/03_DealUnitTest/http_send_sync.rst","18","heading","2","HTTP同期応答メッセージ送信処理を伴う取引単体テストの実施方法","モックアップクラスを使用した取引単体テストの実施方法",""
"ja/development_tools/testing_framework/guide/development_guide/05_UnitTestGuide/03_DealUnitTest/http_send_sync.rst","23","heading","3","HTTP同期応答メッセージ送信処理を伴う取引単体テストの実施方法 > モックアップクラスを使用した取引単体テストの実施方法","Excelファイルの書き方",""
"ja/development_tools/testing_framework/guide/development_guide/05_UnitTestGuide/03_DealUnitTest/http_send_sync.rst","25","para","0","HTTP同期応答メッセージ送信処理を伴う取引単体テストの実施方法 > モックアップクラスを使用した取引単体テストの実施方法 > Excelファイルの書き方","","取引単体テストを行う場合は、定められた記述ルールに従いExcelファイルを記載する。"
"ja/development_tools/testing_framework/guide/development_guide/05_UnitTestGuide/03_DealUnitTest/http_send_sync.rst","27","para","0","HTTP同期応答メッセージ送信処理を伴う取引単体テストの実施方法 > モックアップクラスを使用した取引単体テストの実施方法 > Excelファイルの書き方","","Excelファイルに定義した応答電文のフォーマットおよびデータは、モックアップクラスが返却する応答電文を生成するために使用される。 また要求電文のフォーマットは、モックアップクラスが要求電文のログを出力するために使用される。"
"ja/development_tools/testing_framework/guide/development_guide/05_UnitTestGuide/03_DealUnitTest/http_send_sync.rst","32","heading","3","HTTP同期応答メッセージ送信処理を伴う取引単体テストの実施方法 > モックアップクラスを使用した取引単体テストの実施方法","書き方の例",""
"ja/development_tools/testing_framework/guide/development_guide/05_UnitTestGuide/03_DealUnitTest/http_send_sync.rst","34","para","0","HTTP同期応答メッセージ送信処理を伴う取引単体テストの実施方法 > モックアップクラスを使用した取引単体テストの実施方法 > 書き方の例","","以下に、Excelファイルの記載例を示す。"
"ja/development_tools/testing_framework/guide/development_guide/05_UnitTestGuide/03_DealUnitTest/http_send_sync.rst","36","figure","0","HTTP同期応答メッセージ送信処理を伴う取引単体テストの実施方法 > モックアップクラスを使用した取引単体テストの実施方法 > 書き方の例","","./_images/http_send_sync_test_data.png"
"ja/development_tools/testing_framework/guide/development_guide/05_UnitTestGuide/03_DealUnitTest/http_send_sync.rst","41","heading","3","HTTP同期応答メッセージ送信処理を伴う取引単体テストの実施方法 > モックアップクラスを使用した取引単体テストの実施方法","電文のフォーマットおよびデータの記載方法",""
"ja/development_tools/testing_framework/guide/development_guide/05_UnitTestGuide/03_DealUnitTest/http_send_sync.rst","42","para","0","HTTP同期応答メッセージ送信処理を伴う取引単体テストの実施方法 > モックアップクラスを使用した取引単体テストの実施方法 > 電文のフォーマットおよびデータの記載方法","","同期応答メッセージ送信処理の\ :ref:`send_sync_test_data_format`\ と同じ。"
"ja/development_tools/testing_framework/guide/development_guide/05_UnitTestGuide/03_DealUnitTest/http_send_sync.rst","44","para","0","HTTP同期応答メッセージ送信処理を伴う取引単体テストの実施方法 > モックアップクラスを使用した取引単体テストの実施方法 > 電文のフォーマットおよびデータの記載方法","","ただし、HTTP通信は要求、応答電文ともにヘッダが存在しないため、本文のみ定義する。"
"ja/development_tools/testing_framework/guide/development_guide/05_UnitTestGuide/03_DealUnitTest/http_send_sync.rst","49","heading","3","HTTP同期応答メッセージ送信処理を伴う取引単体テストの実施方法 > モックアップクラスを使用した取引単体テストの実施方法","フレームワークで使用するクラスの設定",""
"ja/development_tools/testing_framework/guide/development_guide/05_UnitTestGuide/03_DealUnitTest/http_send_sync.rst","51","para","0","HTTP同期応答メッセージ送信処理を伴う取引単体テストの実施方法 > モックアップクラスを使用した取引単体テストの実施方法 > フレームワークで使用するクラスの設定","","通常、これらの設定はアーキテクトが行うものでありアプリケーションプログラマが設定する必要はない。"
"ja/development_tools/testing_framework/guide/development_guide/05_UnitTestGuide/03_DealUnitTest/http_send_sync.rst","55","heading","3","HTTP同期応答メッセージ送信処理を伴う取引単体テストの実施方法 > モックアップクラスを使用した取引単体テストの実施方法","モックアップクラスの設定",""
"ja/development_tools/testing_framework/guide/development_guide/05_UnitTestGuide/03_DealUnitTest/http_send_sync.rst","57","para","0","HTTP同期応答メッセージ送信処理を伴う取引単体テストの実施方法 > モックアップクラスを使用した取引単体テストの実施方法 > モックアップクラスの設定","","コンポーネント設定ファイルに、取引単体テストで使用するモックアップクラスを設定する。"
"ja/development_tools/testing_framework/guide/development_guide/05_UnitTestGuide/03_DealUnitTest/http_send_sync.rst","59","code","0","HTTP同期応答メッセージ送信処理を伴う取引単体テストの実施方法 > モックアップクラスを使用した取引単体テストの実施方法 > モックアップクラスの設定","xml","<!-- HTTP通信用クライアント -->
<component name=""defaultMessageSenderClient""
class=""nablarch.test.core.messaging.MockMessagingClient"">"
"ja/development_tools/testing_framework/guide/development_guide/05_UnitTestGuide/03_DealUnitTest/http_send_sync.rst","67","para","0","HTTP同期応答メッセージ送信処理を伴う取引単体テストの実施方法 > モックアップクラスを使用した取引単体テストの実施方法 > モックアップクラスの設定","","なお、\ ``charset``\ に、文字コード名を指定することでログに出力する文字コードを変更できる。 通常は省略可能で、省略した場合はUTF-8が使用される。"
"ja/development_tools/testing_framework/guide/development_guide/05_UnitTestGuide/03_DealUnitTest/index.rst","5","heading","1","","取引単体テストの実施方法",""
"ja/development_tools/testing_framework/guide/development_guide/05_UnitTestGuide/03_DealUnitTest/index.rst","7","para","0","取引単体テストの実施方法","","取引単体テストでは、テスト対象のアプリケーションをアプリケーションサーバにデプロイし、\ 手動でアプリケーションを操作しテストを行う。"
"ja/development_tools/testing_framework/guide/development_guide/05_UnitTestGuide/03_DealUnitTest/index.rst","10","para","0","取引単体テストの実施方法","","同期応答メッセージ送信処理を伴う場合は、モックアップクラスを使用して行う。詳細は\ :ref:`dealUnitTest_send_sync`\を参照。"
"ja/development_tools/testing_framework/guide/development_guide/05_UnitTestGuide/03_DealUnitTest/index.rst","12","para","0","取引単体テストの実施方法","","テストケース毎に以下の手順でテストを実施する。"
"ja/development_tools/testing_framework/guide/development_guide/05_UnitTestGuide/03_DealUnitTest/index.rst","15","heading","1","","テスト準備",""
"ja/development_tools/testing_framework/guide/development_guide/05_UnitTestGuide/03_DealUnitTest/index.rst","17","para","0","テスト準備","","テスト準備として以下を行う。"
"ja/development_tools/testing_framework/guide/development_guide/05_UnitTestGuide/03_DealUnitTest/index.rst","19","para","0","テスト準備","","* データベース準備（データ投入） * アプリケーションのデプロイ * アプリケーションサーバ起動"
"ja/development_tools/testing_framework/guide/development_guide/05_UnitTestGuide/03_DealUnitTest/index.rst","25","heading","1","","テスト実施",""
"ja/development_tools/testing_framework/guide/development_guide/05_UnitTestGuide/03_DealUnitTest/index.rst","27","para","0","テスト実施","","テストケースに従ってテストを実施する。"
"ja/development_tools/testing_framework/guide/development_guide/05_UnitTestGuide/03_DealUnitTest/index.rst","29","admonition","0","テスト実施","tip",""
"ja/development_tools/testing_framework/guide/development_guide/05_UnitTestGuide/03_DealUnitTest/index.rst","30","para","0","テスト実施","","エビデンスのうちDBダンプはテスト実行前のものが必要であるため、\ テスト実施前に取得しておくこと。"
"ja/development_tools/testing_framework/guide/development_guide/05_UnitTestGuide/03_DealUnitTest/index.rst","35","heading","1","","テスト結果エビデンスの収集",""
"ja/development_tools/testing_framework/guide/development_guide/05_UnitTestGuide/03_DealUnitTest/index.rst","37","para","0","テスト結果エビデンスの収集","","以下のエビデンスを取得する。"
"ja/development_tools/testing_framework/guide/development_guide/05_UnitTestGuide/03_DealUnitTest/index.rst","39","para","0","テスト結果エビデンスの収集","","* 画面ハードコピー * DBダンプ(テスト実行前および実行後)"
"ja/development_tools/testing_framework/guide/development_guide/05_UnitTestGuide/03_DealUnitTest/index.rst","42","admonition","0","テスト結果エビデンスの収集","tip",""
"ja/development_tools/testing_framework/guide/development_guide/05_UnitTestGuide/03_DealUnitTest/index.rst","43","para","0","テスト結果エビデンスの収集","","画面ハードコピー取得ツール、DBダンプ取得ツール等のテスト補助ツールについては現在検討中。"
"ja/development_tools/testing_framework/guide/development_guide/05_UnitTestGuide/03_DealUnitTest/index.rst","48","heading","1","","テスト結果エビデンスの収集",""
"ja/development_tools/testing_framework/guide/development_guide/05_UnitTestGuide/03_DealUnitTest/index.rst","50","para","0","テスト結果エビデンスの収集","","以下のエビデンスを取得する。"
"ja/development_tools/testing_framework/guide/development_guide/05_UnitTestGuide/03_DealUnitTest/index.rst","52","para","0","テスト結果エビデンスの収集","","* 画面ハードコピー * DBダンプ(テスト実行前および実行後)"
"ja/development_tools/testing_framework/guide/development_guide/05_UnitTestGuide/03_DealUnitTest/index.rst","55","admonition","0","テスト結果エビデンスの収集","tip",""
"ja/development_tools/testing_framework/guide/development_guide/05_UnitTestGuide/03_DealUnitTest/index.rst","56","para","0","テスト結果エビデンスの収集","","画面ハードコピー取得ツール、DBダンプ取得ツール等のテスト補助ツールについては現在検討中。"
"ja/development_tools/testing_framework/guide/development_guide/05_UnitTestGuide/03_DealUnitTest/real.rst","3","heading","1","","取引単体テストの実施方法（同期応答メッセージ受信処理)",""
"ja/development_tools/testing_framework/guide/development_guide/05_UnitTestGuide/03_DealUnitTest/real.rst","5","para","0","取引単体テストの実施方法（同期応答メッセージ受信処理)","","同期応答メッセージ受信処理では、リクエストと取引とでスコープが同じであることがほとんである。 このように、１リクエスト＝１取引である場合は、取引単体テストを実施する必要はない。"
"ja/development_tools/testing_framework/guide/development_guide/05_UnitTestGuide/03_DealUnitTest/real.rst","8","para","0","取引単体テストの実施方法（同期応答メッセージ受信処理)","","ただし、複数のメッセージにより取引が成立する場合は、\ バッチ処理における取引単体テストと同様に、\ リクエスト毎のテストを連続実行することにより取引単体テストが実施可能である。"
"ja/development_tools/testing_framework/guide/development_guide/05_UnitTestGuide/03_DealUnitTest/real.rst","12","para","0","取引単体テストの実施方法（同期応答メッセージ受信処理)","","取引単体テストの実施方法は基本的にバッチと同様である。 ただし、テストクラスが継承するスーパークラスが異なる（\ ``MessagingRequestTestSupport``\ を使用する）。 また、テストクラスは以下の条件を満たすように作成する。"
"ja/development_tools/testing_framework/guide/development_guide/05_UnitTestGuide/03_DealUnitTest/real.rst","16","para","0","取引単体テストの実施方法（同期応答メッセージ受信処理)","","* テストクラスのパッケージはテスト対象取引のパッケージとする。 * <取引ID>Testというクラス名でテストクラスを作成する。"
"ja/development_tools/testing_framework/guide/development_guide/05_UnitTestGuide/03_DealUnitTest/real.rst","19","para","0","取引単体テストの実施方法（同期応答メッセージ受信処理)","","例えば、テスト対象取引の取引IDがM21AA03だとすると、テストクラスは以下のようになる。"
"ja/development_tools/testing_framework/guide/development_guide/05_UnitTestGuide/03_DealUnitTest/real.rst","21","code","0","取引単体テストの実施方法（同期応答メッセージ受信処理)","java",""
"ja/development_tools/testing_framework/guide/development_guide/05_UnitTestGuide/03_DealUnitTest/real.rst","23","para","0","取引単体テストの実施方法（同期応答メッセージ受信処理)","","package nablarch.sample.ss21AA03"
"ja/development_tools/testing_framework/guide/development_guide/05_UnitTestGuide/03_DealUnitTest/real.rst","25","para","0","取引単体テストの実施方法（同期応答メッセージ受信処理)","","import nablarch.test.core.messaging.MessagingRequestTestSupport;"
"ja/development_tools/testing_framework/guide/development_guide/05_UnitTestGuide/03_DealUnitTest/real.rst","27","para","0","取引単体テストの実施方法（同期応答メッセージ受信処理)","","// 中略"
"ja/development_tools/testing_framework/guide/development_guide/05_UnitTestGuide/03_DealUnitTest/real.rst","29","para","0","取引単体テストの実施方法（同期応答メッセージ受信処理)","","public class M21AA03Test extends MessagingRequestTestSupport {"
"ja/development_tools/testing_framework/guide/development_guide/05_UnitTestGuide/03_DealUnitTest/real.rst","32","para","0","取引単体テストの実施方法（同期応答メッセージ受信処理)","","実施方法については、バッチの実施方法を参照。"
"ja/development_tools/testing_framework/guide/development_guide/05_UnitTestGuide/03_DealUnitTest/real.rst","34","para","0","取引単体テストの実施方法（同期応答メッセージ受信処理)","",":doc:`./batch`"
"ja/development_tools/testing_framework/guide/development_guide/05_UnitTestGuide/03_DealUnitTest/rest.rst","3","heading","1","","取引単体テストの実施方法",""
"ja/development_tools/testing_framework/guide/development_guide/05_UnitTestGuide/03_DealUnitTest/rest.rst","5","para","0","取引単体テストの実施方法","","ウェブサービスにおいては、取引は1リクエストで完結することがほとんどである。このように、１リクエスト＝１取引である場合は、取引単体テストを実施する必要はない。"
"ja/development_tools/testing_framework/guide/development_guide/05_UnitTestGuide/03_DealUnitTest/rest.rst","7","para","0","取引単体テストの実施方法","","ただし、複数のリクエストにより取引が成立する場合は、リクエスト毎のテストを連続実行することにより取引単体テストが実施可能である。"
"ja/development_tools/testing_framework/guide/development_guide/05_UnitTestGuide/03_DealUnitTest/rest.rst","10","heading","2","取引単体テストの実施方法","取引単体テストのテストクラス例",""
"ja/development_tools/testing_framework/guide/development_guide/05_UnitTestGuide/03_DealUnitTest/rest.rst","12","para","0","取引単体テストの実施方法 > 取引単体テストのテストクラス例","","以下の例では更新対象を取得し、取得した情報から更新用のフォームを作成して更新実行、想定通りに更新されていることを検証している。"
"ja/development_tools/testing_framework/guide/development_guide/05_UnitTestGuide/03_DealUnitTest/rest.rst","14","code","0","取引単体テストの実施方法 > 取引単体テストのテストクラス例","java","@Test
public void プロジェクト更新取引() {
String message1 = ""変更対象取得"";"
"ja/development_tools/testing_framework/guide/development_guide/05_UnitTestGuide/03_DealUnitTest/rest.rst","39","heading","2","取引単体テストの実施方法","Cookieなど前のレスポンスの情報を引き継ぐ方法",""
"ja/development_tools/testing_framework/guide/development_guide/05_UnitTestGuide/03_DealUnitTest/rest.rst","40","para","0","取引単体テストの実施方法 > Cookieなど前のレスポンスの情報を引き継ぐ方法","","取引単体テストの場合、セッションIDやCSRFトークンなど、先行するリクエストのレスポンスとしてサーバから受け取った値を 次のリクエストに含めたい場合がある。 そのような場合は以下の方法で実現できる。"
"ja/development_tools/testing_framework/guide/development_guide/05_UnitTestGuide/03_DealUnitTest/rest.rst","45","heading","3","取引単体テストの実施方法 > Cookieなど前のレスポンスの情報を引き継ぐ方法","``RequestResponseProcessor`` の実装クラスを作成する",""
"ja/development_tools/testing_framework/guide/development_guide/05_UnitTestGuide/03_DealUnitTest/rest.rst","46","para","0","取引単体テストの実施方法 > Cookieなど前のレスポンスの情報を引き継ぐ方法 > ``RequestResponseProcessor`` の実装クラスを作成する","","RESTfulウェブサービス実行基盤向けテスティングフレームワークでは :java:extdoc:`RequestResponseProcessor<nablarch.test.core.http.RequestResponseProcessor>` という リクエスト・レスポンスを操作するためのインターフェースを用意"
"ja/development_tools/testing_framework/guide/development_guide/05_UnitTestGuide/03_DealUnitTest/rest.rst","49","para","0","取引単体テストの実施方法 > Cookieなど前のレスポンスの情報を引き継ぐ方法 > ``RequestResponseProcessor`` の実装クラスを作成する","","各アプリケーションの要件に合わせてこのインタフェースの実装クラスを作成する。"
"ja/development_tools/testing_framework/guide/development_guide/05_UnitTestGuide/03_DealUnitTest/rest.rst","51","para","0","取引単体テストの実施方法 > Cookieなど前のレスポンスの情報を引き継ぐ方法 > ``RequestResponseProcessor`` の実装クラスを作成する","","フレームワークではよく使われる実装として :java:extdoc:`RequestResponseCookieManager<nablarch.test.core.http.RequestResponseCookieManager>` を提供している。 この実装ではレスポンスの ``Set-Cookie`` ヘッダか"
"ja/development_tools/testing_framework/guide/development_guide/05_UnitTestGuide/03_DealUnitTest/rest.rst","54","para","0","取引単体テストの実施方法 > Cookieなど前のレスポンスの情報を引き継ぐ方法 > ``RequestResponseProcessor`` の実装クラスを作成する","","クッキーのうち、 :ref:`session_store` のセッションIDに特化した実装として :java:extdoc:`NablarchSIDManager<nablarch.test.core.http.NablarchSIDManager>` も提供している。 この実装では、 :ref:`session_st"
"ja/development_tools/testing_framework/guide/development_guide/05_UnitTestGuide/03_DealUnitTest/rest.rst","58","para","0","取引単体テストの実施方法 > Cookieなど前のレスポンスの情報を引き継ぐ方法 > ``RequestResponseProcessor`` の実装クラスを作成する","","``RequestResponseProcessor`` は1つの取引単体テストケース内で先に受信したレスポンスの値を次のリクエストに受け渡すために使用する。 この時、レスポンスから抽出した値をリクエストに受け渡すために内部に状態として持つことになる。 以下の方法でコンポーネント設定した場合、NablarchのDIコン"
"ja/development_tools/testing_framework/guide/development_guide/05_UnitTestGuide/03_DealUnitTest/rest.rst","67","heading","3","取引単体テストの実施方法 > Cookieなど前のレスポンスの情報を引き継ぐ方法","コンポーネント設定ファイルに ``defaultProcessor`` という名前で実装クラスを設定する",""
"ja/development_tools/testing_framework/guide/development_guide/05_UnitTestGuide/03_DealUnitTest/rest.rst","68","code","0","取引単体テストの実施方法 > Cookieなど前のレスポンスの情報を引き継ぐ方法 > コンポーネント設定ファイルに ``defaultProcessor`` という名前で実装クラスを設定する","xml",""
"ja/development_tools/testing_framework/guide/development_guide/05_UnitTestGuide/03_DealUnitTest/rest.rst","70","para","0","取引単体テストの実施方法 > Cookieなど前のレスポンスの情報を引き継ぐ方法 > コンポーネント設定ファイルに ``defaultProcessor`` という名前で実装クラスを設定する","","<component name=""defaultProcessor"" class=""nablarch.test.core.http.RequestResponseCookieManager""/> <property name=""cookieName"" value=""JSESSIONID""/> </component>"
"ja/development_tools/testing_framework/guide/development_guide/05_UnitTestGuide/03_DealUnitTest/rest.rst","75","para","0","取引単体テストの実施方法 > Cookieなど前のレスポンスの情報を引き継ぐ方法 > コンポーネント設定ファイルに ``defaultProcessor`` という名前で実装クラスを設定する","","また、複数の ``RequestResponseProcessor`` を設定したい場合は、 :java:extdoc:`ComplexRequestResponseProcessor<nablarch.test.core.http.ComplexRequestResponseProcessor>` を 使用することで"
"ja/development_tools/testing_framework/guide/development_guide/05_UnitTestGuide/03_DealUnitTest/rest.rst","78","code","0","取引単体テストの実施方法 > Cookieなど前のレスポンスの情報を引き継ぐ方法 > コンポーネント設定ファイルに ``defaultProcessor`` という名前で実装クラスを設定する","xml",""
"ja/development_tools/testing_framework/guide/development_guide/05_UnitTestGuide/03_DealUnitTest/rest.rst","80","para","0","取引単体テストの実施方法 > Cookieなど前のレスポンスの情報を引き継ぐ方法 > コンポーネント設定ファイルに ``defaultProcessor`` という名前で実装クラスを設定する","","<component name=""defaultProcessor"" class=""nablarch.test.core.http.ComplexRequestResponseProcessor""> <property name=""processors""> <list> <component class=""nablar"
"ja/development_tools/testing_framework/guide/development_guide/05_UnitTestGuide/03_DealUnitTest/rest.rst","92","para","0","取引単体テストの実施方法 > Cookieなど前のレスポンスの情報を引き継ぐ方法 > コンポーネント設定ファイルに ``defaultProcessor`` という名前で実装クラスを設定する","","``defaultProcessor`` という名前で設定された ``RequestResponseProcessor`` は、内蔵サーバへのリクエスト送信前に :java:extdoc:`RequestResponseProcessor#processRequest<nablarch.test.core.http.R"
"ja/development_tools/testing_framework/guide/development_guide/05_UnitTestGuide/03_DealUnitTest/send_sync.rst","5","heading","1","","同期応答メッセージ送信処理を伴う取引単体テストの実施方法",""
"ja/development_tools/testing_framework/guide/development_guide/05_UnitTestGuide/03_DealUnitTest/send_sync.rst","7","para","0","同期応答メッセージ送信処理を伴う取引単体テストの実施方法","","同期応答メッセージ送信処理を伴うウェブアプリケーションで、取引単体テストを行う場合は、Nablarchが提供するモックアップクラスを使用する。"
"ja/development_tools/testing_framework/guide/development_guide/05_UnitTestGuide/03_DealUnitTest/send_sync.rst","9","para","0","同期応答メッセージ送信処理を伴う取引単体テストの実施方法","","以下に、ウェブアプリケーションで同期応答メッセージ送信処理を行う場合の通常の処理フローと、モックアップクラスを使用して取引単体テストを行う場合の処理フローを示す。"
"ja/development_tools/testing_framework/guide/development_guide/05_UnitTestGuide/03_DealUnitTest/send_sync.rst","11","para","0","同期応答メッセージ送信処理を伴う取引単体テストの実施方法","","* 同期応答メッセージ送信処理を伴うウェブアプリケーションの通常の処理フロー"
"ja/development_tools/testing_framework/guide/development_guide/05_UnitTestGuide/03_DealUnitTest/send_sync.rst","13","figure","0","同期応答メッセージ送信処理を伴う取引単体テストの実施方法","","./_images/send_sync_online_base.png"
"ja/development_tools/testing_framework/guide/development_guide/05_UnitTestGuide/03_DealUnitTest/send_sync.rst","17","para","0","同期応答メッセージ送信処理を伴う取引単体テストの実施方法","","* モックアップクラスを使用して、同期応答メッセージ送信処理を伴うウェブアプリケーションの取引単体テストを行う場合の処理フロー"
"ja/development_tools/testing_framework/guide/development_guide/05_UnitTestGuide/03_DealUnitTest/send_sync.rst","19","figure","0","同期応答メッセージ送信処理を伴う取引単体テストの実施方法","","./_images/send_sync_online_mock.png"
"ja/development_tools/testing_framework/guide/development_guide/05_UnitTestGuide/03_DealUnitTest/send_sync.rst","24","para","0","同期応答メッセージ送信処理を伴う取引単体テストの実施方法","","モックアップクラスは以下の機能を提供する。"
"ja/development_tools/testing_framework/guide/development_guide/05_UnitTestGuide/03_DealUnitTest/send_sync.rst","26","para","0","同期応答メッセージ送信処理を伴う取引単体テストの実施方法","","* 任意の応答電文\ [#f1]_\ を返却する機能"
"ja/development_tools/testing_framework/guide/development_guide/05_UnitTestGuide/03_DealUnitTest/send_sync.rst","28","para","0","同期応答メッセージ送信処理を伴う取引単体テストの実施方法","","画面から同期応答メッセージ送信処理が行われる場合に、送信キューおよび受信キューに接続することなく、取引単体テストを実施するために必要な応答電文を返却できる。"
"ja/development_tools/testing_framework/guide/development_guide/05_UnitTestGuide/03_DealUnitTest/send_sync.rst","30","para","0","同期応答メッセージ送信処理を伴う取引単体テストの実施方法","","* 要求電文\ [#f1]_\ をログに出力する機能"
"ja/development_tools/testing_framework/guide/development_guide/05_UnitTestGuide/03_DealUnitTest/send_sync.rst","32","para","0","同期応答メッセージ送信処理を伴う取引単体テストの実施方法","","画面から同期送信された要求電文をログに出力できる。 出力されたログを確認することで正常にメッセージ送信が行われたかどうかを確認できる。 また、出力されたログをエビデンスとして使用できる。"
"ja/development_tools/testing_framework/guide/development_guide/05_UnitTestGuide/03_DealUnitTest/send_sync.rst","36","para","0","同期応答メッセージ送信処理を伴う取引単体テストの実施方法","","* 障害系のテストを行う機能"
"ja/development_tools/testing_framework/guide/development_guide/05_UnitTestGuide/03_DealUnitTest/send_sync.rst","38","para","0","同期応答メッセージ送信処理を伴う取引単体テストの実施方法","","同期応答メッセージ送信処理を行う場合に発生するタイムアウトエラーや、メッセージ送受信エラーを発生させることができる。 この機能を使用することで、障害系のテストを行うことが可能となる。"
"ja/development_tools/testing_framework/guide/development_guide/05_UnitTestGuide/03_DealUnitTest/send_sync.rst","42","para","0","同期応答メッセージ送信処理を伴う取引単体テストの実施方法","","モックアップクラスを使用すればキューを用意する必要がなくなるので、特別なミドルウェアのインストールや環境設定などの準備を行うことなく、取引単体テストを行うことができる。"
"ja/development_tools/testing_framework/guide/development_guide/05_UnitTestGuide/03_DealUnitTest/send_sync.rst","45","para","0","同期応答メッセージ送信処理を伴う取引単体テストの実施方法","","キューへ送信するメッセージのことを「要求電文」、キューから受信するメッセージのことを「応答電文」と称す。"
"ja/development_tools/testing_framework/guide/development_guide/05_UnitTestGuide/03_DealUnitTest/send_sync.rst","49","heading","2","同期応答メッセージ送信処理を伴う取引単体テストの実施方法","モックアップクラスを使用した取引単体テストの実施方法",""
"ja/development_tools/testing_framework/guide/development_guide/05_UnitTestGuide/03_DealUnitTest/send_sync.rst","51","para","0","同期応答メッセージ送信処理を伴う取引単体テストの実施方法 > モックアップクラスを使用した取引単体テストの実施方法","","モックアップクラスを使用する場合、応答電文のフォーマットおよびデータをExcelファイルに定義する。 また、要求電文についてはフォーマットのみ定義する。"
"ja/development_tools/testing_framework/guide/development_guide/05_UnitTestGuide/03_DealUnitTest/send_sync.rst","54","para","0","同期応答メッセージ送信処理を伴う取引単体テストの実施方法 > モックアップクラスを使用した取引単体テストの実施方法","","ExcelファイルはリクエストID\ [#f2]_\ ごとに用意する。また、ファイルの名前はリクエストIDと一致させる。 たとえば、リクエストIDが「RM21AA0101」ならば、ファイルの名前は「RM21AA0101.xlsx」となる。 ファイルの配置ディレクトリは、設定ファイルに定義する。詳細は\ :ref:`se"
"ja/development_tools/testing_framework/guide/development_guide/05_UnitTestGuide/03_DealUnitTest/send_sync.rst","59","para","0","同期応答メッセージ送信処理を伴う取引単体テストの実施方法 > モックアップクラスを使用した取引単体テストの実施方法","","ここで扱うリクエストIDとは、メッセージを送信する相手先システムの機能を一意に識別するために定義するIDのことを指すものであり、 ウェブアプリケーションやバッチ処理で使用するリクエストIDとは意味が異なる点に注意すること。 このリクエストIDにもとづき、要求電文および応答電文のフォーマット、送信キュー名、受信キュー名が"
"ja/development_tools/testing_framework/guide/development_guide/05_UnitTestGuide/03_DealUnitTest/send_sync.rst","66","heading","3","同期応答メッセージ送信処理を伴う取引単体テストの実施方法 > モックアップクラスを使用した取引単体テストの実施方法","Excelファイルの書き方",""
"ja/development_tools/testing_framework/guide/development_guide/05_UnitTestGuide/03_DealUnitTest/send_sync.rst","68","para","0","同期応答メッセージ送信処理を伴う取引単体テストの実施方法 > モックアップクラスを使用した取引単体テストの実施方法 > Excelファイルの書き方","","取引単体テストを行う場合は、定められた記述ルールに従いExcelファイルを記載する。"
"ja/development_tools/testing_framework/guide/development_guide/05_UnitTestGuide/03_DealUnitTest/send_sync.rst","70","para","0","同期応答メッセージ送信処理を伴う取引単体テストの実施方法 > モックアップクラスを使用した取引単体テストの実施方法 > Excelファイルの書き方","","以下にExcelファイルを記述する場合に従うべきルールを示す。"
"ja/development_tools/testing_framework/guide/development_guide/05_UnitTestGuide/03_DealUnitTest/send_sync.rst","72","para","0","同期応答メッセージ送信処理を伴う取引単体テストの実施方法 > モックアップクラスを使用した取引単体テストの実施方法 > Excelファイルの書き方","","* シート名は「message」固定。 * 返却する応答電文のFW制御ヘッダ・本文のフォーマットを定義する。 * 返却する応答電文のFW制御ヘッダ・本文のデータを定義する。 * 要求電文のFW制御ヘッダ・本文のフォーマットを定義する。"
"ja/development_tools/testing_framework/guide/development_guide/05_UnitTestGuide/03_DealUnitTest/send_sync.rst","77","para","0","同期応答メッセージ送信処理を伴う取引単体テストの実施方法 > モックアップクラスを使用した取引単体テストの実施方法 > Excelファイルの書き方","","Excelファイルに定義した応答電文のフォーマットおよびデータは、モックアップクラスが返却する応答電文を生成するために使用される。 また要求電文のフォーマットは、モックアップクラスが要求電文のログを出力するために使用される。"
"ja/development_tools/testing_framework/guide/development_guide/05_UnitTestGuide/03_DealUnitTest/send_sync.rst","82","heading","3","同期応答メッセージ送信処理を伴う取引単体テストの実施方法 > モックアップクラスを使用した取引単体テストの実施方法","書き方の例",""
"ja/development_tools/testing_framework/guide/development_guide/05_UnitTestGuide/03_DealUnitTest/send_sync.rst","84","para","0","同期応答メッセージ送信処理を伴う取引単体テストの実施方法 > モックアップクラスを使用した取引単体テストの実施方法 > 書き方の例","","以下に、Excelファイルの記載例を示す。"
"ja/development_tools/testing_framework/guide/development_guide/05_UnitTestGuide/03_DealUnitTest/send_sync.rst","87","figure","0","同期応答メッセージ送信処理を伴う取引単体テストの実施方法 > モックアップクラスを使用した取引単体テストの実施方法 > 書き方の例","","./_images/send_sync_test_data.jpg"
"ja/development_tools/testing_framework/guide/development_guide/05_UnitTestGuide/03_DealUnitTest/send_sync.rst","93","heading","3","同期応答メッセージ送信処理を伴う取引単体テストの実施方法 > モックアップクラスを使用した取引単体テストの実施方法","電文のフォーマットおよびデータの記載方法",""
"ja/development_tools/testing_framework/guide/development_guide/05_UnitTestGuide/03_DealUnitTest/send_sync.rst","95","para","0","同期応答メッセージ送信処理を伴う取引単体テストの実施方法 > モックアップクラスを使用した取引単体テストの実施方法 > 電文のフォーマットおよびデータの記載方法","","テストデータは Excel または YAML ファイルで記述できる。YAML 形式での電文データの書き方は :ref:`ntf_testdata_messaging` および :ref:`ntf_testdata_values` を参照。"
"ja/development_tools/testing_framework/guide/development_guide/05_UnitTestGuide/03_DealUnitTest/send_sync.rst","97","para","0","同期応答メッセージ送信処理を伴う取引単体テストの実施方法 > モックアップクラスを使用した取引単体テストの実施方法 > 電文のフォーマットおよびデータの記載方法","","以下は Excel 形式での書き方である。"
"ja/development_tools/testing_framework/guide/development_guide/05_UnitTestGuide/03_DealUnitTest/send_sync.rst","100","table","0","同期応答メッセージ送信処理を伴う取引単体テストの実施方法 > モックアップクラスを使用した取引単体テストの実施方法 > 電文のフォーマットおよびデータの記載方法","","識別子"
"ja/development_tools/testing_framework/guide/development_guide/05_UnitTestGuide/03_DealUnitTest/send_sync.rst","122","para","0","同期応答メッセージ送信処理を伴う取引単体テストの実施方法 > モックアップクラスを使用した取引単体テストの実施方法 > 電文のフォーマットおよびデータの記載方法","","これより下側は、同様にディレクティブの数だけ続いていく。"
"ja/development_tools/testing_framework/guide/development_guide/05_UnitTestGuide/03_DealUnitTest/send_sync.rst","125","para","0","同期応答メッセージ送信処理を伴う取引単体テストの実施方法 > モックアップクラスを使用した取引単体テストの実施方法 > 電文のフォーマットおよびデータの記載方法","","これより右側は、同様にフィールドの数だけ続いていく。"
"ja/development_tools/testing_framework/guide/development_guide/05_UnitTestGuide/03_DealUnitTest/send_sync.rst","128","para","0","同期応答メッセージ送信処理を伴う取引単体テストの実施方法 > モックアップクラスを使用した取引単体テストの実施方法 > 電文のフォーマットおよびデータの記載方法","","これより下側は、同様にデータの数だけ続いていく。"
"ja/development_tools/testing_framework/guide/development_guide/05_UnitTestGuide/03_DealUnitTest/send_sync.rst","130","para","0","同期応答メッセージ送信処理を伴う取引単体テストの実施方法 > モックアップクラスを使用した取引単体テストの実施方法 > 電文のフォーマットおよびデータの記載方法","","\"
"ja/development_tools/testing_framework/guide/development_guide/05_UnitTestGuide/03_DealUnitTest/send_sync.rst","134","table","0","同期応答メッセージ送信処理を伴う取引単体テストの実施方法 > モックアップクラスを使用した取引単体テストの実施方法 > 電文のフォーマットおよびデータの記載方法","","名称 | 説明"
"ja/development_tools/testing_framework/guide/development_guide/05_UnitTestGuide/03_DealUnitTest/send_sync.rst","139","para","0","同期応答メッセージ送信処理を伴う取引単体テストの実施方法 > モックアップクラスを使用した取引単体テストの実施方法 > 電文のフォーマットおよびデータの記載方法","","識別子の書式を以下に示す。"
"ja/development_tools/testing_framework/guide/development_guide/05_UnitTestGuide/03_DealUnitTest/send_sync.rst","141","para","0","同期応答メッセージ送信処理を伴う取引単体テストの実施方法 > モックアップクラスを使用した取引単体テストの実施方法 > 電文のフォーマットおよびデータの記載方法","","* 要求電文のヘッダ … EXPECTED_REQUEST_HEADER_MESSAGES=リクエストID * 要求電文の本文 … EXPECTED_REQUEST_BODY_MESSAGES=リクエストID * 応答電文のヘッダ … RESPONSE_HEADER_MESSAGES=リクエストID * 応答電文の本文"
"ja/development_tools/testing_framework/guide/development_guide/05_UnitTestGuide/03_DealUnitTest/send_sync.rst","150","para","0","同期応答メッセージ送信処理を伴う取引単体テストの実施方法 > モックアップクラスを使用した取引単体テストの実施方法 > 電文のフォーマットおよびデータの記載方法","","データ型は「半角英字」のように日本語名称で記述する。"
"ja/development_tools/testing_framework/guide/development_guide/05_UnitTestGuide/03_DealUnitTest/send_sync.rst","152","para","0","同期応答メッセージ送信処理を伴う取引単体テストの実施方法 > モックアップクラスを使用した取引単体テストの実施方法 > 電文のフォーマットおよびデータの記載方法","","フォーマット定義ファイル上のデータ型と日本語名称のデータ型のマッピングは、 `BasicDataTypeMapping <https://github.com/nablarch/nablarch-testing/blob/main/src/main/java/nablarch/test/core/file/BasicD"
"ja/development_tools/testing_framework/guide/development_guide/05_UnitTestGuide/03_DealUnitTest/send_sync.rst","155","para","0","同期応答メッセージ送信処理を伴う取引単体テストの実施方法 > モックアップクラスを使用した取引単体テストの実施方法 > 電文のフォーマットおよびデータの記載方法","","フィールドの数だけ記載する。 データ                     データは、応答電文の場合のみ記載する。そのフィールドに格納されるデータを記載する。複数件応答電文を返却する場合は次の行に続けてデータを記載する。 ========================== ====================="
"ja/development_tools/testing_framework/guide/development_guide/05_UnitTestGuide/03_DealUnitTest/send_sync.rst","160","para","0","同期応答メッセージ送信処理を伴う取引単体テストの実施方法 > モックアップクラスを使用した取引単体テストの実施方法 > 電文のフォーマットおよびデータの記載方法","","ディレクティブを記述する際、フォーマット定義ファイルの以下に対応する内容は記述不要である。"
"ja/development_tools/testing_framework/guide/development_guide/05_UnitTestGuide/03_DealUnitTest/send_sync.rst","162","para","0","同期応答メッセージ送信処理を伴う取引単体テストの実施方法 > モックアップクラスを使用した取引単体テストの実施方法 > 電文のフォーマットおよびデータの記載方法","","============== ============================================================== 項目           理由 ============== ==================================================="
"ja/development_tools/testing_framework/guide/development_guide/05_UnitTestGuide/03_DealUnitTest/send_sync.rst","170","admonition","0","同期応答メッセージ送信処理を伴う取引単体テストの実施方法 > モックアップクラスを使用した取引単体テストの実施方法 > 電文のフォーマットおよびデータの記載方法","tip",""
"ja/development_tools/testing_framework/guide/development_guide/05_UnitTestGuide/03_DealUnitTest/send_sync.rst","171","para","0","同期応答メッセージ送信処理を伴う取引単体テストの実施方法 > モックアップクラスを使用した取引単体テストの実施方法 > 電文のフォーマットおよびデータの記載方法","","フィールド名称、データ型、フィールド長の記述は、外部インタフェース設計書からコピー＆ペーストすることで効率良く作成できる。\ （ペーストする際、「\ **行列を入れ替える**\ 」オプションにチェックすること）"
"ja/development_tools/testing_framework/guide/development_guide/05_UnitTestGuide/03_DealUnitTest/send_sync.rst","176","heading","3","同期応答メッセージ送信処理を伴う取引単体テストの実施方法 > モックアップクラスを使用した取引単体テストの実施方法","Excelファイルの再読み込み",""
"ja/development_tools/testing_framework/guide/development_guide/05_UnitTestGuide/03_DealUnitTest/send_sync.rst","178","para","0","同期応答メッセージ送信処理を伴う取引単体テストの実施方法 > モックアップクラスを使用した取引単体テストの実施方法 > Excelファイルの再読み込み","","モックアップクラスは、Excelファイルを手動で編集してテストをやり直すケースや、同じデータで繰り返しテストを行うケースを想定し、 Excelファイルのタイムスタンプが更新された場合に、ファイルを再読み込みする機能を提供している。"
"ja/development_tools/testing_framework/guide/development_guide/05_UnitTestGuide/03_DealUnitTest/send_sync.rst","181","para","0","同期応答メッセージ送信処理を伴う取引単体テストの実施方法 > モックアップクラスを使用した取引単体テストの実施方法 > Excelファイルの再読み込み","","通常、以下の応答電文を返却するたびにnoのインクリメントが行われ、アプリケーションサーバが起動している間は、noの値が初期化されることはない。"
"ja/development_tools/testing_framework/guide/development_guide/05_UnitTestGuide/03_DealUnitTest/send_sync.rst","183","para","0","同期応答メッセージ送信処理を伴う取引単体テストの実施方法 > モックアップクラスを使用した取引単体テストの実施方法 > Excelファイルの再読み込み","","以下のような応答電文データを定義した場合、１回目のメッセージ同期送信ではno.1の応答電文が返却され、 noのインクリメントが行われる。そして２回目のメッセージ同期送信ではno.2の応答電文が返却される。"
"ja/development_tools/testing_framework/guide/development_guide/05_UnitTestGuide/03_DealUnitTest/send_sync.rst","186","figure","0","同期応答メッセージ送信処理を伴う取引単体テストの実施方法 > モックアップクラスを使用した取引単体テストの実施方法 > Excelファイルの再読み込み","","./_images/send_sync_test_data_no.png"
"ja/development_tools/testing_framework/guide/development_guide/05_UnitTestGuide/03_DealUnitTest/send_sync.rst","189","para","0","同期応答メッセージ送信処理を伴う取引単体テストの実施方法 > モックアップクラスを使用した取引単体テストの実施方法 > Excelファイルの再読み込み","","しかし、Excelファイルの編集や上書きにより、タイムスタンプを更新することで、アプリケーションサーバ起動中にExcelファイルの再読み込みを行うことができる。"
"ja/development_tools/testing_framework/guide/development_guide/05_UnitTestGuide/03_DealUnitTest/send_sync.rst","191","para","0","同期応答メッセージ送信処理を伴う取引単体テストの実施方法 > モックアップクラスを使用した取引単体テストの実施方法 > Excelファイルの再読み込み","","以下に、Excelファイルを編集し、テストをやり直す場合の例を示す。"
"ja/development_tools/testing_framework/guide/development_guide/05_UnitTestGuide/03_DealUnitTest/send_sync.rst","193","figure","0","同期応答メッセージ送信処理を伴う取引単体テストの実施方法 > モックアップクラスを使用した取引単体テストの実施方法 > Excelファイルの再読み込み","","./_images/send_sync_response_count_change.png"
"ja/development_tools/testing_framework/guide/development_guide/05_UnitTestGuide/03_DealUnitTest/send_sync.rst","202","heading","3","同期応答メッセージ送信処理を伴う取引単体テストの実施方法 > モックアップクラスを使用した取引単体テストの実施方法","障害系のテスト",""
"ja/development_tools/testing_framework/guide/development_guide/05_UnitTestGuide/03_DealUnitTest/send_sync.rst","204","para","0","同期応答メッセージ送信処理を伴う取引単体テストの実施方法 > モックアップクラスを使用した取引単体テストの実施方法 > 障害系のテスト","","応答電文の本文の表の最初のフィールドに「errorMode:」から始まる特定の値を設定することで、障害系のテストを行うことができる。"
"ja/development_tools/testing_framework/guide/development_guide/05_UnitTestGuide/03_DealUnitTest/send_sync.rst","206","para","0","同期応答メッセージ送信処理を伴う取引単体テストの実施方法 > モックアップクラスを使用した取引単体テストの実施方法 > 障害系のテスト","","以下に、設定値と、障害系のテストの対応を示す。"
"ja/development_tools/testing_framework/guide/development_guide/05_UnitTestGuide/03_DealUnitTest/send_sync.rst","208","para","0","同期応答メッセージ送信処理を伴う取引単体テストの実施方法 > モックアップクラスを使用した取引単体テストの実施方法 > 障害系のテスト","","+-----------------------------------+-------------------------------------------------------------+------------------------------------------------+ | 最初のフィールドに"
"ja/development_tools/testing_framework/guide/development_guide/05_UnitTestGuide/03_DealUnitTest/send_sync.rst","217","para","0","同期応答メッセージ送信処理を伴う取引単体テストの実施方法 > モックアップクラスを使用した取引単体テストの実施方法 > 障害系のテスト","","記載例を以下に示す。"
"ja/development_tools/testing_framework/guide/development_guide/05_UnitTestGuide/03_DealUnitTest/send_sync.rst","220","figure","0","同期応答メッセージ送信処理を伴う取引単体テストの実施方法 > モックアップクラスを使用した取引単体テストの実施方法 > 障害系のテスト","","./_images/send_sync_test_data_error.png"
"ja/development_tools/testing_framework/guide/development_guide/05_UnitTestGuide/03_DealUnitTest/send_sync.rst","225","heading","3","同期応答メッセージ送信処理を伴う取引単体テストの実施方法 > モックアップクラスを使用した取引単体テストの実施方法","要求電文のログ出力",""
"ja/development_tools/testing_framework/guide/development_guide/05_UnitTestGuide/03_DealUnitTest/send_sync.rst","227","para","0","同期応答メッセージ送信処理を伴う取引単体テストの実施方法 > モックアップクラスを使用した取引単体テストの実施方法 > 要求電文のログ出力","","要求電文のログはMap形式とCSV形式で出力される。"
"ja/development_tools/testing_framework/guide/development_guide/05_UnitTestGuide/03_DealUnitTest/send_sync.rst","229","para","0","同期応答メッセージ送信処理を伴う取引単体テストの実施方法 > モックアップクラスを使用した取引単体テストの実施方法 > 要求電文のログ出力","","Map形式のログはデバッグ用に、CSV形式のログはエビデンスとして取得する場合に使用することを想定している。"
"ja/development_tools/testing_framework/guide/development_guide/05_UnitTestGuide/03_DealUnitTest/send_sync.rst","231","para","0","同期応答メッセージ送信処理を伴う取引単体テストの実施方法 > モックアップクラスを使用した取引単体テストの実施方法 > 要求電文のログ出力","","サンプルでは、Map形式のログは標準出力とアプリケーションログファイルに、CSV形式のログは専用のログファイルに出力する仕様となっているが、ログの設定を修正することで出力先の切り替えが可能である。"
"ja/development_tools/testing_framework/guide/development_guide/05_UnitTestGuide/03_DealUnitTest/send_sync.rst","233","para","0","同期応答メッセージ送信処理を伴う取引単体テストの実施方法 > モックアップクラスを使用した取引単体テストの実施方法 > 要求電文のログ出力","","ログの出力例を以下に示す。"
"ja/development_tools/testing_framework/guide/development_guide/05_UnitTestGuide/03_DealUnitTest/send_sync.rst","235","para","0","同期応答メッセージ送信処理を伴う取引単体テストの実施方法 > モックアップクラスを使用した取引単体テストの実施方法 > 要求電文のログ出力","","* Map形式の場合"
"ja/development_tools/testing_framework/guide/development_guide/05_UnitTestGuide/03_DealUnitTest/send_sync.rst","237","code","0","同期応答メッセージ送信処理を伴う取引単体テストの実施方法 > モックアップクラスを使用した取引単体テストの実施方法 > 要求電文のログ出力","bash",""
"ja/development_tools/testing_framework/guide/development_guide/05_UnitTestGuide/03_DealUnitTest/send_sync.rst","239","para","0","同期応答メッセージ送信処理を伴う取引単体テストの実施方法 > モックアップクラスを使用した取引単体テストの実施方法 > 要求電文のログ出力","","2011-10-26 13:16:10.958 MESSAGING_SEND_MAP request id=[RM11AD0101]. following message has been sent: message fw header = {requestId=RM11AD0101, testCount=, rese"
"ja/development_tools/testing_framework/guide/development_guide/05_UnitTestGuide/03_DealUnitTest/send_sync.rst","243","para","0","同期応答メッセージ送信処理を伴う取引単体テストの実施方法 > モックアップクラスを使用した取引単体テストの実施方法 > 要求電文のログ出力","","* CSV形式の場合"
"ja/development_tools/testing_framework/guide/development_guide/05_UnitTestGuide/03_DealUnitTest/send_sync.rst","245","code","0","同期応答メッセージ送信処理を伴う取引単体テストの実施方法 > モックアップクラスを使用した取引単体テストの実施方法 > 要求電文のログ出力","bash",""
"ja/development_tools/testing_framework/guide/development_guide/05_UnitTestGuide/03_DealUnitTest/send_sync.rst","247","para","0","同期応答メッセージ送信処理を伴う取引単体テストの実施方法 > モックアップクラスを使用した取引単体テストの実施方法 > 要求電文のログ出力","","2011-10-26 13:16:10.958 MESSAGING_SEND_CSV request id=[RM11AD0102]. following message has been sent: header: ""requestId"",""testCount"",""resendFlag"",""reserved"" ""RM"
"ja/development_tools/testing_framework/guide/development_guide/05_UnitTestGuide/03_DealUnitTest/send_sync.rst","256","para","0","同期応答メッセージ送信処理を伴う取引単体テストの実施方法 > モックアップクラスを使用した取引単体テストの実施方法 > 要求電文のログ出力","","ログの出力設定は、log.propertiesにて行う。設定例を以下に示す。"
"ja/development_tools/testing_framework/guide/development_guide/05_UnitTestGuide/03_DealUnitTest/send_sync.rst","258","code","0","同期応答メッセージ送信処理を伴う取引単体テストの実施方法 > モックアップクラスを使用した取引単体テストの実施方法 > 要求電文のログ出力","bash",""
"ja/development_tools/testing_framework/guide/development_guide/05_UnitTestGuide/03_DealUnitTest/send_sync.rst","260","para","0","同期応答メッセージ送信処理を伴う取引単体テストの実施方法 > モックアップクラスを使用した取引単体テストの実施方法 > 要求電文のログ出力","","# CSV形式のメッセージログのライタ（./messaging-evidence.logに出力する） writer.MESSAGING_CSV.className=nablarch.core.log.basic.FileLogWriter writer.MESSAGING_CSV.filePath=./messagin"
"ja/development_tools/testing_framework/guide/development_guide/05_UnitTestGuide/03_DealUnitTest/send_sync.rst","266","para","0","同期応答メッセージ送信処理を伴う取引単体テストの実施方法 > モックアップクラスを使用した取引単体テストの実施方法 > 要求電文のログ出力","","# CSV形式のメッセージログのロガー loggers.MESSAGING_CSV.nameRegex=MESSAGING_CSV loggers.MESSAGING_CSV.level=DEBUG loggers.MESSAGING_CSV.writerNames=MESSAGING_CSV"
"ja/development_tools/testing_framework/guide/development_guide/05_UnitTestGuide/03_DealUnitTest/send_sync.rst","271","para","0","同期応答メッセージ送信処理を伴う取引単体テストの実施方法 > モックアップクラスを使用した取引単体テストの実施方法 > 要求電文のログ出力","","# Map形式のメッセージログのロガー loggers.MESSAGING_MAP.nameRegex=MESSAGING_MAP loggers.MESSAGING_MAP.level=DEBUG loggers.MESSAGING_MAP.writerNames=stdout,appFile"
"ja/development_tools/testing_framework/guide/development_guide/05_UnitTestGuide/03_DealUnitTest/send_sync.rst","281","heading","3","同期応答メッセージ送信処理を伴う取引単体テストの実施方法 > モックアップクラスを使用した取引単体テストの実施方法","フレームワークで使用するクラスの設定",""
"ja/development_tools/testing_framework/guide/development_guide/05_UnitTestGuide/03_DealUnitTest/send_sync.rst","283","para","0","同期応答メッセージ送信処理を伴う取引単体テストの実施方法 > モックアップクラスを使用した取引単体テストの実施方法 > フレームワークで使用するクラスの設定","","これらの設定は取引単体テストでのみ必要な設定である。そのため、テスト用のプロファイルにこれらを設定する。 環境ごとにコンポーネントを切り替える方法については :ref:`how_to_change_componet_define` 参照。"
"ja/development_tools/testing_framework/guide/development_guide/05_UnitTestGuide/03_DealUnitTest/send_sync.rst","286","para","0","同期応答メッセージ送信処理を伴う取引単体テストの実施方法 > モックアップクラスを使用した取引単体テストの実施方法 > フレームワークで使用するクラスの設定","","通常、これらの設定はアーキテクトが行うものでありアプリケーションプログラマが設定する必要はない。"
"ja/development_tools/testing_framework/guide/development_guide/05_UnitTestGuide/03_DealUnitTest/send_sync.rst","289","heading","3","同期応答メッセージ送信処理を伴う取引単体テストの実施方法 > モックアップクラスを使用した取引単体テストの実施方法","モックアップクラスの設定",""
"ja/development_tools/testing_framework/guide/development_guide/05_UnitTestGuide/03_DealUnitTest/send_sync.rst","291","para","0","同期応答メッセージ送信処理を伴う取引単体テストの実施方法 > モックアップクラスを使用した取引単体テストの実施方法 > モックアップクラスの設定","","コンポーネント設定ファイルに、取引単体テストで使用するモックアップクラスを設定する。"
"ja/development_tools/testing_framework/guide/development_guide/05_UnitTestGuide/03_DealUnitTest/send_sync.rst","293","code","0","同期応答メッセージ送信処理を伴う取引単体テストの実施方法 > モックアップクラスを使用した取引単体テストの実施方法 > モックアップクラスの設定","xml","<!-- モックのメッセージングプロバイダ -->
<component name=""messagingProvider""
class=""nablarch.test.core.messaging.MockMessagingProvider"">"
"ja/development_tools/testing_framework/guide/development_guide/05_UnitTestGuide/03_DealUnitTest/send_sync.rst","304","heading","3","同期応答メッセージ送信処理を伴う取引単体テストの実施方法 > モックアップクラスを使用した取引単体テストの実施方法","Excelファイルの配置場所の設定",""
"ja/development_tools/testing_framework/guide/development_guide/05_UnitTestGuide/03_DealUnitTest/send_sync.rst","306","para","0","同期応答メッセージ送信処理を伴う取引単体テストの実施方法 > モックアップクラスを使用した取引単体テストの実施方法 > Excelファイルの配置場所の設定","","コンポーネント設定ファイルで、Excelファイルの配置場所のパスを設定する。"
"ja/development_tools/testing_framework/guide/development_guide/05_UnitTestGuide/03_DealUnitTest/send_sync.rst","308","code","0","同期応答メッセージ送信処理を伴う取引単体テストの実施方法 > モックアップクラスを使用した取引単体テストの実施方法 > Excelファイルの配置場所の設定","xml","<component name=""filePathSetting""
class=""nablarch.core.util.FilePathSetting"" autowireType=""None"">
<property name=""basePathSettings"">"
"ja/development_tools/testing_framework/guide/development_guide/05_UnitTestGuide/03_DealUnitTest/send_sync.rst","328","para","0","同期応答メッセージ送信処理を伴う取引単体テストの実施方法 > モックアップクラスを使用した取引単体テストの実施方法 > Excelファイルの配置場所の設定","","以下に、Excelファイルの配置イメージを示す。"
"ja/development_tools/testing_framework/guide/development_guide/05_UnitTestGuide/03_DealUnitTest/send_sync.rst","330","figure","0","同期応答メッセージ送信処理を伴う取引単体テストの実施方法 > モックアップクラスを使用した取引単体テストの実施方法 > Excelファイルの配置場所の設定","","./_images/send_sync_test_data_structure.png"
"ja/development_tools/testing_framework/guide/development_guide/05_UnitTestGuide/03_DealUnitTest/send_sync.rst","332","admonition","0","同期応答メッセージ送信処理を伴う取引単体テストの実施方法 > モックアップクラスを使用した取引単体テストの実施方法 > Excelファイルの配置場所の設定","tip",""
"ja/development_tools/testing_framework/guide/development_guide/05_UnitTestGuide/03_DealUnitTest/send_sync.rst","334","para","0","同期応答メッセージ送信処理を伴う取引単体テストの実施方法 > モックアップクラスを使用した取引単体テストの実施方法 > Excelファイルの配置場所の設定","","配置ディレクトリのパスは、クラスパス（classpath:）ではなく、ファイルシステムのパス（file:）で指定することを推奨する。 ファイルシステムのパスを指定することで、サーバ起動中に直接Excelファイルの内容を編集し、テストすることが可能となる。"
"ja/development_tools/testing_framework/guide/development_guide/05_UnitTestGuide/03_DealUnitTest/send_sync.rst","339","heading","3","同期応答メッセージ送信処理を伴う取引単体テストの実施方法 > モックアップクラスを使用した取引単体テストの実施方法","テストデータ解析クラスの設定",""
"ja/development_tools/testing_framework/guide/development_guide/05_UnitTestGuide/03_DealUnitTest/send_sync.rst","340","para","0","同期応答メッセージ送信処理を伴う取引単体テストの実施方法 > モックアップクラスを使用した取引単体テストの実施方法 > テストデータ解析クラスの設定","","コンポーネント設定ファイルに、取引単体テストで使用するテストデータ解析クラスを設定する。"
"ja/development_tools/testing_framework/guide/development_guide/05_UnitTestGuide/03_DealUnitTest/send_sync.rst","342","code","0","同期応答メッセージ送信処理を伴う取引単体テストの実施方法 > モックアップクラスを使用した取引単体テストの実施方法 > テストデータ解析クラスの設定","xml",""
"ja/development_tools/testing_framework/guide/development_guide/05_UnitTestGuide/03_DealUnitTest/send_sync.rst","344","para","0","同期応答メッセージ送信処理を伴う取引単体テストの実施方法 > モックアップクラスを使用した取引単体テストの実施方法 > テストデータ解析クラスの設定","","<!-- TestDataParser --> <component name=""messagingTestDataParser"" class=""nablarch.test.core.reader.BasicTestDataParser""> <property name=""testDataReader""> <compo"
"ja/development_tools/testing_framework/guide/development_guide/05_UnitTestGuide/03_DealUnitTest/send_sync.rst","367","heading","3","同期応答メッセージ送信処理を伴う取引単体テストの実施方法 > モックアップクラスを使用した取引単体テストの実施方法","必要な単体テストライブラリをpom.xmlへの追加",""
"ja/development_tools/testing_framework/guide/development_guide/05_UnitTestGuide/03_DealUnitTest/send_sync.rst","368","para","0","同期応答メッセージ送信処理を伴う取引単体テストの実施方法 > モックアップクラスを使用した取引単体テストの実施方法 > 必要な単体テストライブラリをpom.xmlへの追加","","以下のdependencyをpom.xmlへ追加する"
"ja/development_tools/testing_framework/guide/development_guide/05_UnitTestGuide/03_DealUnitTest/send_sync.rst","370","code","0","同期応答メッセージ送信処理を伴う取引単体テストの実施方法 > モックアップクラスを使用した取引単体テストの実施方法 > 必要な単体テストライブラリをpom.xmlへの追加","xml","<dependency>
<groupId>com.nablarch.framework</groupId>
<artifactId>nablarch-testing</artifactId>"
"ja/development_tools/testing_framework/guide/development_guide/06_TestFWGuide/01_Abstract.rst","5","heading","1","","テスティングフレームワーク概要",""
"ja/development_tools/testing_framework/guide/development_guide/06_TestFWGuide/01_Abstract.rst","9","heading","2","テスティングフレームワーク概要","特徴",""
"ja/development_tools/testing_framework/guide/development_guide/06_TestFWGuide/01_Abstract.rst","12","heading","1","","JUnit4ベース",""
"ja/development_tools/testing_framework/guide/development_guide/06_TestFWGuide/01_Abstract.rst","13","para","0","JUnit4ベース","","自動テストフレームワークは、JUnit4をベースとしている。 各種アノテーション、assertメソッドやMatcherクラスなど、JUnit4で提供されている機能を使用する。"
"ja/development_tools/testing_framework/guide/development_guide/06_TestFWGuide/01_Abstract.rst","16","admonition","0","JUnit4ベース","tip",""
"ja/development_tools/testing_framework/guide/development_guide/06_TestFWGuide/01_Abstract.rst","18","para","0","JUnit4ベース","","JUnit 5の上で自動テストフレームワークを動かしたい場合は、 :ref:`run_ntf_on_junit5_with_vintage_engine` を参照のこと。"
"ja/development_tools/testing_framework/guide/development_guide/06_TestFWGuide/01_Abstract.rst","22","heading","1","","テストデータの外部化",""
"ja/development_tools/testing_framework/guide/development_guide/06_TestFWGuide/01_Abstract.rst","23","para","0","テストデータの外部化","","テストデータをExcelファイルに記述できる。 データベース準備データや期待するテスト結果などを記載したExcelファイルを 自動テストフレームワークのAPIを通じて使用できる。"
"ja/development_tools/testing_framework/guide/development_guide/06_TestFWGuide/01_Abstract.rst","29","heading","1","","Nablarchに特化したテスト補助機能を提供",""
"ja/development_tools/testing_framework/guide/development_guide/06_TestFWGuide/01_Abstract.rst","30","para","0","Nablarchに特化したテスト補助機能を提供","","トランザクション制御やシステム日付設定など、Nablarchアプリケーションに特化したAPIを用意する。"
"ja/development_tools/testing_framework/guide/development_guide/06_TestFWGuide/01_Abstract.rst","138","heading","2","Nablarchに特化したテスト補助機能を提供","自動テストフレームワークの構成",""
"ja/development_tools/testing_framework/guide/development_guide/06_TestFWGuide/01_Abstract.rst","140","figure","0","Nablarchに特化したテスト補助機能を提供 > 自動テストフレームワークの構成","","_images/abstract_structure.png"
"ja/development_tools/testing_framework/guide/development_guide/06_TestFWGuide/01_Abstract.rst","144","table","0","Nablarchに特化したテスト補助機能を提供 > 自動テストフレームワークの構成","","構成物 | 説明 | 作成者"
"ja/development_tools/testing_framework/guide/development_guide/06_TestFWGuide/01_Abstract.rst","169","heading","2","Nablarchに特化したテスト補助機能を提供","テストメソッド記述方法",""
"ja/development_tools/testing_framework/guide/development_guide/06_TestFWGuide/01_Abstract.rst","171","para","0","Nablarchに特化したテスト補助機能を提供 > テストメソッド記述方法","","JUnit4のアノテーションを使用する。 テストメソッドに @Test アノテーションを付与する。"
"ja/development_tools/testing_framework/guide/development_guide/06_TestFWGuide/01_Abstract.rst","175","code","0","Nablarchに特化したテスト補助機能を提供 > テストメソッド記述方法","java","public class SampleTest {
@Test
public void testSomething() {"
"ja/development_tools/testing_framework/guide/development_guide/06_TestFWGuide/01_Abstract.rst","186","admonition","0","Nablarchに特化したテスト補助機能を提供 > テストメソッド記述方法","tip",""
"ja/development_tools/testing_framework/guide/development_guide/06_TestFWGuide/01_Abstract.rst","187","para","0","Nablarchに特化したテスト補助機能を提供 > テストメソッド記述方法","","@Beforeや@Afterなどのアノテーションも使用できる。これらのアノテーションを用いて、 テストメソッド前後にリソースの取得解放などの共通処理を行いたい場合は、 次の項を参照（ :ref:`using_junit_annotation` ）。"
"ja/development_tools/testing_framework/guide/development_guide/06_TestFWGuide/01_Abstract.rst","197","heading","2","Nablarchに特化したテスト補助機能を提供","Excelによるテストデータ記述",""
"ja/development_tools/testing_framework/guide/development_guide/06_TestFWGuide/01_Abstract.rst","199","para","0","Nablarchに特化したテスト補助機能を提供 > Excelによるテストデータ記述","","データベースの準備データやデータベース検索結果などのデータを表すには、 Javaソースコードよりスプレッドシートのほうが可読性や編集のしやすさという点で有利である。 Excelファイルを使用することにより、このようなデータをスプレッドシート形式で扱うことができる。"
"ja/development_tools/testing_framework/guide/development_guide/06_TestFWGuide/01_Abstract.rst","204","heading","1","","命名規約",""
"ja/development_tools/testing_framework/guide/development_guide/06_TestFWGuide/01_Abstract.rst","206","para","0","命名規約","","Excelファイル名、ファイルパスには推奨される規約が存在する。この規約に従うことにより、テストクラスで明示的にディレクトリ名やファイル名を指定してファイルを読み込む必要がなくなり、簡潔にテストソースコードを記述できる。また明示的にパスを指定することで任意の場所のExcelファイルを読み込むことも可能である。"
"ja/development_tools/testing_framework/guide/development_guide/06_TestFWGuide/01_Abstract.rst","210","heading","2","命名規約","パス、ファイル名に関する規約",""
"ja/development_tools/testing_framework/guide/development_guide/06_TestFWGuide/01_Abstract.rst","212","para","0","命名規約 > パス、ファイル名に関する規約","","ファイル名、パスに関して推奨される規約は以下の通り。"
"ja/development_tools/testing_framework/guide/development_guide/06_TestFWGuide/01_Abstract.rst","214","para","0","命名規約 > パス、ファイル名に関する規約","","- Excelファイル名は、テストソースコードと同じ名前にする（拡張子のみ異なる）。"
"ja/development_tools/testing_framework/guide/development_guide/06_TestFWGuide/01_Abstract.rst","216","para","0","命名規約 > パス、ファイル名に関する規約","","- Excelファイルを、テストソースコードと同じディレクトリに配置する。"
"ja/development_tools/testing_framework/guide/development_guide/06_TestFWGuide/01_Abstract.rst","219","para","0","命名規約 > パス、ファイル名に関する規約","","例を以下に示す。"
"ja/development_tools/testing_framework/guide/development_guide/06_TestFWGuide/01_Abstract.rst","221","table","0","命名規約 > パス、ファイル名に関する規約","","ファイルの種類 | 配置ディレクトリ | ファイル名"
"ja/development_tools/testing_framework/guide/development_guide/06_TestFWGuide/01_Abstract.rst","232","heading","2","命名規約","Excelシート名に関する規約",""
"ja/development_tools/testing_framework/guide/development_guide/06_TestFWGuide/01_Abstract.rst","234","para","0","命名規約 > Excelシート名に関する規約","","Excelシートについては、以下の規約が推奨される。"
"ja/development_tools/testing_framework/guide/development_guide/06_TestFWGuide/01_Abstract.rst","236","para","0","命名規約 > Excelシート名に関する規約","","- １テストメソッドにつき１シート用意する。"
"ja/development_tools/testing_framework/guide/development_guide/06_TestFWGuide/01_Abstract.rst","238","para","0","命名規約 > Excelシート名に関する規約","","- シート名はテストメソッド名と同名にする。"
"ja/development_tools/testing_framework/guide/development_guide/06_TestFWGuide/01_Abstract.rst","240","para","0","命名規約 > Excelシート名に関する規約","","例を以下に示す。"
"ja/development_tools/testing_framework/guide/development_guide/06_TestFWGuide/01_Abstract.rst","242","table","0","命名規約 > Excelシート名に関する規約","","テストメソッド | @Test public void testInsert()"
"ja/development_tools/testing_framework/guide/development_guide/06_TestFWGuide/01_Abstract.rst","248","admonition","0","命名規約 > Excelシート名に関する規約","tip",""
"ja/development_tools/testing_framework/guide/development_guide/06_TestFWGuide/01_Abstract.rst","249","para","0","命名規約 > Excelシート名に関する規約","","シートに関する規約は、「制約」事項ではない。 テストメソッド名とExcelシート名が同名でなくても正しく動作する。 今後の機能追加は上記規約をデフォルトとして開発されるので、命名規約に準拠することを推奨する。 仮に命名規約を変更する場合であってもプロジェクト内で統一を図ること。"
"ja/development_tools/testing_framework/guide/development_guide/06_TestFWGuide/01_Abstract.rst","257","heading","1","","シート内の構造",""
"ja/development_tools/testing_framework/guide/development_guide/06_TestFWGuide/01_Abstract.rst","259","para","0","シート内の構造","","Excelシートの記述方法関する規約について説明する。 以下にシートの記述例を記載する。"
"ja/development_tools/testing_framework/guide/development_guide/06_TestFWGuide/01_Abstract.rst","262","figure","0","シート内の構造","","_images/sheet_example.JPG"
"ja/development_tools/testing_framework/guide/development_guide/06_TestFWGuide/01_Abstract.rst","267","para","0","シート内の構造","","シート内には、データベースに格納するデータやデータベース検索結果など、さまざまな種類のデータを記載できる。テストデータの種類を判別するために「データタイプ」というメタ情報をテストデータに付与する必要がある。「データタイプ」は、そのテストデータが何を表しているかを示す。"
"ja/development_tools/testing_framework/guide/development_guide/06_TestFWGuide/01_Abstract.rst","269","para","0","シート内の構造","","現状、以下のデータタイプが用意されている。"
"ja/development_tools/testing_framework/guide/development_guide/06_TestFWGuide/01_Abstract.rst","271","table","0","シート内の構造","","データタイプ名 | 説明 | 設定する値"
"ja/development_tools/testing_framework/guide/development_guide/06_TestFWGuide/01_Abstract.rst","293","para","0","シート内の構造","","\"
"ja/development_tools/testing_framework/guide/development_guide/06_TestFWGuide/01_Abstract.rst","299","para","0","シート内の構造","","また、データの個数も複数記述できる。"
"ja/development_tools/testing_framework/guide/development_guide/06_TestFWGuide/01_Abstract.rst","303","para","0","シート内の構造","","データの種類に依らない共通の書式は以下の通り。"
"ja/development_tools/testing_framework/guide/development_guide/06_TestFWGuide/01_Abstract.rst","305","para","0","シート内の構造","","* データ1行目は「データタイプ=値」の形式で、データタイプと値を記載する。 * 2行目以降の書式はデータタイプにより異なる。"
"ja/development_tools/testing_framework/guide/development_guide/06_TestFWGuide/01_Abstract.rst","308","para","0","シート内の構造","","データタイプとは、そのデータが何を表すかを特定するための情報である。 例えばそのデータが、データベースに投入されるべきデータである場合は、データタイプ""SETUP_TABLE""を使用する。"
"ja/development_tools/testing_framework/guide/development_guide/06_TestFWGuide/01_Abstract.rst","311","para","0","シート内の構造","","例えば、以下のようにデータタイプを記載した場合、そのデータがCOMPOSERテーブルに準備データとして登録されるべきものであることを示している。"
"ja/development_tools/testing_framework/guide/development_guide/06_TestFWGuide/01_Abstract.rst","314","para","0","シート内の構造","","SETUP_TABLE=COMPOSER"
"ja/development_tools/testing_framework/guide/development_guide/06_TestFWGuide/01_Abstract.rst","316","table","0","シート内の構造","","NO | FIRST_NAME | LAST_NAME"
"ja/development_tools/testing_framework/guide/development_guide/06_TestFWGuide/01_Abstract.rst","327","heading","1","","コメント",""
"ja/development_tools/testing_framework/guide/development_guide/06_TestFWGuide/01_Abstract.rst","329","para","0","コメント","","セル内に""//""から開始する文字列を記載した場合、そのセルから右のセルは全て読み込み対象外となる。テストデータ自体には含めたくないが、可読性を向上させるために付加情報を記載したい場合には、コメント機能が使用できる。"
"ja/development_tools/testing_framework/guide/development_guide/06_TestFWGuide/01_Abstract.rst","331","para","0","コメント","","以下の例では、2行目でテーブルの論理名を、4行目末尾で期待する結果についてコメントしている。"
"ja/development_tools/testing_framework/guide/development_guide/06_TestFWGuide/01_Abstract.rst","333","para","0","コメント","","EXPECTED_TABLE=PLAYER"
"ja/development_tools/testing_framework/guide/development_guide/06_TestFWGuide/01_Abstract.rst","335","table","0","コメント","","NO | FIRST_NAME | LAST_NAME | ADDRESS"
"ja/development_tools/testing_framework/guide/development_guide/06_TestFWGuide/01_Abstract.rst","349","heading","1","","マーカーカラム",""
"ja/development_tools/testing_framework/guide/development_guide/06_TestFWGuide/01_Abstract.rst","351","para","0","マーカーカラム","","テストデータを記述する際、実際のデータには含めたくないがExcelシート上には記述しておきたい場合がある。\ 前述の「コメント」を使用することにより、実際のデータには含まれない情報を記述できるが、\ 「コメント」には、そのセルから右のセルを読み込み対象外にするという性質があるため、\ 左端（または中央）のセルにはコメン"
"ja/development_tools/testing_framework/guide/development_guide/06_TestFWGuide/01_Abstract.rst","356","para","0","マーカーカラム","","このような場合は、「マーカーカラム」を使用することで、実際のデータには含まれないが Excelシートの見た目上は存在するデータを記述できる。"
"ja/development_tools/testing_framework/guide/development_guide/06_TestFWGuide/01_Abstract.rst","359","para","0","マーカーカラム","","テストデータの見出し行において、\ **カラム名が半角角括弧で囲まれている場合、そのカラムは「マーカーカラム」とみなされる。**\ マーカーカラムに該当する列はテスト実行時には読み込まれない。"
"ja/development_tools/testing_framework/guide/development_guide/06_TestFWGuide/01_Abstract.rst","363","para","0","マーカーカラム","","例えば、以下のようなテストデータがあるとする。"
"ja/development_tools/testing_framework/guide/development_guide/06_TestFWGuide/01_Abstract.rst","365","para","0","マーカーカラム","","LIST_MAP=EXAMPLE_MARKER_COLUMN"
"ja/development_tools/testing_framework/guide/development_guide/06_TestFWGuide/01_Abstract.rst","367","table","0","マーカーカラム","","[no] | id | name"
"ja/development_tools/testing_framework/guide/development_guide/06_TestFWGuide/01_Abstract.rst","375","para","0","マーカーカラム","","上記のテストデータは、半角角括弧で囲まれているカラム[no]が無視されるため、 テスト実行時には以下のテストデータと等価となる。"
"ja/development_tools/testing_framework/guide/development_guide/06_TestFWGuide/01_Abstract.rst","378","para","0","マーカーカラム","","LIST_MAP=EXAMPLE_MARKER_COLUMN"
"ja/development_tools/testing_framework/guide/development_guide/06_TestFWGuide/01_Abstract.rst","380","para","0","マーカーカラム","","+----------+----------+ |id        |name      | +==========+==========+ |U0001     |山田      | +----------+----------+ |U0002     |田中      | +----------+--------"
"ja/development_tools/testing_framework/guide/development_guide/06_TestFWGuide/01_Abstract.rst","389","para","0","マーカーカラム","","ここではLIST_MAPの例を挙げたが、それ以外のデータタイプでも同様に使用できる。"
"ja/development_tools/testing_framework/guide/development_guide/06_TestFWGuide/01_Abstract.rst","392","heading","1","","セルの書式",""
"ja/development_tools/testing_framework/guide/development_guide/06_TestFWGuide/01_Abstract.rst","394","para","0","セルの書式","","セルの書式には、文字列のみを使用する。 テストデータを作成する前に、全てのセルの書式を文字列に設定しておくこと。"
"ja/development_tools/testing_framework/guide/development_guide/06_TestFWGuide/01_Abstract.rst","397","para","0","セルの書式","","罫線やセルの色付けについては任意に設定可能である。罫線やセルの色付けを行うことでデータが見やすくなり、レビュー品質や保守性の向上が期待できる。"
"ja/development_tools/testing_framework/guide/development_guide/06_TestFWGuide/01_Abstract.rst","400","admonition","0","セルの書式","important",""
"ja/development_tools/testing_framework/guide/development_guide/06_TestFWGuide/01_Abstract.rst","401","para","0","セルの書式","","| Excelファイルに文字列以外の書式でデータを記述した場合、正しくデータが読み取れなくなる。"
"ja/development_tools/testing_framework/guide/development_guide/06_TestFWGuide/01_Abstract.rst","404","heading","1","","日付の記述方法",""
"ja/development_tools/testing_framework/guide/development_guide/06_TestFWGuide/01_Abstract.rst","406","para","0","日付の記述方法","","日付は以下の形式で記述できる。"
"ja/development_tools/testing_framework/guide/development_guide/06_TestFWGuide/01_Abstract.rst","408","para","0","日付の記述方法","","- yyyyMMddHHmmssSSS"
"ja/development_tools/testing_framework/guide/development_guide/06_TestFWGuide/01_Abstract.rst","410","para","0","日付の記述方法","","- yyyy-MM-dd HH:mm:ss.SSS"
"ja/development_tools/testing_framework/guide/development_guide/06_TestFWGuide/01_Abstract.rst","412","para","0","日付の記述方法","","以下のように時刻のミリ秒または全部を省略できる。"
"ja/development_tools/testing_framework/guide/development_guide/06_TestFWGuide/01_Abstract.rst","414","table","0","日付の記述方法","","省略方法 | 省略した場合の動作"
"ja/development_tools/testing_framework/guide/development_guide/06_TestFWGuide/01_Abstract.rst","426","para","0","日付の記述方法","","例を以下に示す。"
"ja/development_tools/testing_framework/guide/development_guide/06_TestFWGuide/01_Abstract.rst","428","table","0","日付の記述方法","","記述例 | 評価結果"
"ja/development_tools/testing_framework/guide/development_guide/06_TestFWGuide/01_Abstract.rst","447","heading","1","","セルへの特殊な記述方法",""
"ja/development_tools/testing_framework/guide/development_guide/06_TestFWGuide/01_Abstract.rst","448","para","0","セルへの特殊な記述方法","","自動テストの利便性を向上させるために、いくつかの特殊記法を提供する。 下記表が、本フレームワークで提供する特殊な記述方法となっている。"
"ja/development_tools/testing_framework/guide/development_guide/06_TestFWGuide/01_Abstract.rst","452","table","0","セルへの特殊な記述方法","","記述方法 (セルに記述す\ | 自動テスト内での値 [#]_\ | 説明"
"ja/development_tools/testing_framework/guide/development_guide/06_TestFWGuide/01_Abstract.rst","500","admonition","0","セルへの特殊な記述方法","tip",""
"ja/development_tools/testing_framework/guide/development_guide/06_TestFWGuide/01_Abstract.rst","501","para","0","セルへの特殊な記述方法","","**凡例**"
"ja/development_tools/testing_framework/guide/development_guide/06_TestFWGuide/01_Abstract.rst","503","para","0","セルへの特殊な記述方法","","*  ⊔ は、半角スペースの意 *  △は、全角スペースの意 * *CR* は、改行コードCR(0x0D)の意 * *LF* は、改行コードLF(0x0A)の意"
"ja/development_tools/testing_framework/guide/development_guide/06_TestFWGuide/01_Abstract.rst","509","para","0","セルへの特殊な記述方法","","セルから読み込み後に自動テストフレームワークにて変換される。"
"ja/development_tools/testing_framework/guide/development_guide/06_TestFWGuide/01_Abstract.rst","511","para","0","セルへの特殊な記述方法","","\"
"ja/development_tools/testing_framework/guide/development_guide/06_TestFWGuide/01_Abstract.rst","516","para","0","セルへの特殊な記述方法","","本記述方法を利用した場合であっても、文字列中のダブルクォートをエスケープする必要はない。 以下に例を示す。"
"ja/development_tools/testing_framework/guide/development_guide/06_TestFWGuide/01_Abstract.rst","519","para","0","セルへの特殊な記述方法","","+-----------------+----------------------------------------------------------------------------+ |     記述例      | 説明                                            "
"ja/development_tools/testing_framework/guide/development_guide/06_TestFWGuide/01_Abstract.rst","531","para","0","セルへの特殊な記述方法","","\"
"ja/development_tools/testing_framework/guide/development_guide/06_TestFWGuide/01_Abstract.rst","535","para","0","セルへの特殊な記述方法","","この記法を使用することで、空行を表すことができる。 『\ :ref:`how_to_express_empty_line`\ 』の項を参照。"
"ja/development_tools/testing_framework/guide/development_guide/06_TestFWGuide/01_Abstract.rst","539","para","0","セルへの特殊な記述方法","","具体的には、\ `2011-04-11 01:23:45.0` というような値に変換される。"
"ja/development_tools/testing_framework/guide/development_guide/06_TestFWGuide/01_Abstract.rst","542","para","0","セルへの特殊な記述方法","","\"
"ja/development_tools/testing_framework/guide/development_guide/06_TestFWGuide/01_Abstract.rst","545","para","0","セルへの特殊な記述方法","","本記法は単独でも使用可能であるし、組み合わせても使用できる。 以下に例を示す。"
"ja/development_tools/testing_framework/guide/development_guide/06_TestFWGuide/01_Abstract.rst","548","para","0","セルへの特殊な記述方法","","+--------------------------+----------------------+-----------------------------------+ |          記述例          | 変換される値の例     | 説明                             "
"ja/development_tools/testing_framework/guide/development_guide/06_TestFWGuide/01_Abstract.rst","562","para","0","セルへの特殊な記述方法","","Excelセル内の改行（Alt+Enter）は\ *LF*\ として扱われる。これは本機能とは関係のないExcelの仕様である。 改行コードLFを表したい場合は、単にセル内で改行（Alt+Enter）すればよい。"
"ja/development_tools/testing_framework/guide/development_guide/06_TestFWGuide/01_Abstract.rst","565","para","0","セルへの特殊な記述方法","","以下に例を示す。"
"ja/development_tools/testing_framework/guide/development_guide/06_TestFWGuide/01_Abstract.rst","567","para","0","セルへの特殊な記述方法","","+--------------------------+----------------------+-----------------------------------+ |          記述例          | 変換される値の例     | 説明                             "
"ja/development_tools/testing_framework/guide/development_guide/06_TestFWGuide/01_Abstract.rst","583","heading","2","セルへの特殊な記述方法","注意事項",""
"ja/development_tools/testing_framework/guide/development_guide/06_TestFWGuide/01_Abstract.rst","586","heading","1","","テストメソッドの実行順序に依存しないテストを作成する",""
"ja/development_tools/testing_framework/guide/development_guide/06_TestFWGuide/01_Abstract.rst","588","para","0","テストメソッドの実行順序に依存しないテストを作成する","","テストソースコード、テストデータ作成時には、テストメソッドの実行順序によって、テスト結果が変わらないように留意する。単に順序だけでなく、クラス単体でテストしても、複数まとめてテストしても同じ結果にならなければならない。"
"ja/development_tools/testing_framework/guide/development_guide/06_TestFWGuide/01_Abstract.rst","591","para","0","テストメソッドの実行順序に依存しないテストを作成する","","特に、本フレームワークではテスト中にコミットが行われるため、前後のテストによってデータベースの内容が変更される可能性が高い。\ よって、自テストクラスで必要となる事前条件については、全て自テストクラス内で準備するようにしておかなければならない。"
"ja/development_tools/testing_framework/guide/development_guide/06_TestFWGuide/01_Abstract.rst","594","para","0","テストメソッドの実行順序に依存しないテストを作成する","","これにより、以下のような効果が得られる。"
"ja/development_tools/testing_framework/guide/development_guide/06_TestFWGuide/01_Abstract.rst","596","para","0","テストメソッドの実行順序に依存しないテストを作成する","","* テストの実行順序によって偶然テストが失敗したり偶然成功する、という事態を防ぐ。 * そのテストのデータまたはソースコードだけで、事前条件が分かる。"
"ja/development_tools/testing_framework/guide/development_guide/06_TestFWGuide/01_Abstract.rst","599","para","0","テストメソッドの実行順序に依存しないテストを作成する","","マスタデータのような基本的に読み取り専用のテーブルの準備については、共通のExcelファイルを用意してそこに記載すること。テスト実行前に1回だけ実行するか、テスト実行前に事前に準備済みという前提でテストを実行するようにする。"
"ja/development_tools/testing_framework/guide/development_guide/06_TestFWGuide/01_Abstract.rst","601","para","0","テストメソッドの実行順序に依存しないテストを作成する","","この手法には、以下のようなメリットがある。"
"ja/development_tools/testing_framework/guide/development_guide/06_TestFWGuide/01_Abstract.rst","603","para","0","テストメソッドの実行順序に依存しないテストを作成する","","* マスタ系のデータを、プロジェクト全体で再利用できる。 * テストデータのメンテナンスが容易になる。 * テスト実行速度が上がる。"
"ja/development_tools/testing_framework/guide/development_guide/06_TestFWGuide/01_Abstract.rst","607","admonition","0","テストメソッドの実行順序に依存しないテストを作成する","tip",""
"ja/development_tools/testing_framework/guide/development_guide/06_TestFWGuide/01_Abstract.rst","608","para","0","テストメソッドの実行順序に依存しないテストを作成する","","マスタデータの投入には、\ :ref:`master_data_setup_tool`\ を使用する。\ また、\ :doc:`04_MasterDataRestore`\ により、テスト内で発生したマスタデータの変更をテスト終了時に自動的に元の状態に戻すことができる。これにより、マスタデータに変更が必要なテストケース"
"ja/development_tools/testing_framework/guide/development_guide/06_TestFWGuide/01_Abstract.rst","614","heading","1","","テストデータは全てExcelシートに記述する",""
"ja/development_tools/testing_framework/guide/development_guide/06_TestFWGuide/01_Abstract.rst","616","para","0","テストデータは全てExcelシートに記述する","","Excelとテストソースコードとでテストデータが混在していると、可読性、保守性が低下してしまう。テストソースコード中にはテストデータを記載せず、テストデータは全てExcelシートに記載すること。"
"ja/development_tools/testing_framework/guide/development_guide/06_TestFWGuide/01_Abstract.rst","618","para","0","テストデータは全てExcelシートに記述する","","* Excelシートを見れば、テストケースのバリエーションを把握できる。 * テストデータはExcelシート、テストロジックはテストソースコードと役割分担が明確になる。 * Excelシートを読み込む構造にしておくことで、容易にテストケースを追加できる。 * テストソースコードの重複を大幅に削減できる(テストソースコー"
"ja/development_tools/testing_framework/guide/development_guide/06_TestFWGuide/01_Abstract.rst","626","heading","1","","複数のデータタイプ使用時はデータタイプごとにまとめてデータを記述する",""
"ja/development_tools/testing_framework/guide/development_guide/06_TestFWGuide/01_Abstract.rst","627","para","0","複数のデータタイプ使用時はデータタイプごとにまとめてデータを記述する","","複数のデータタイプを使用する場合、使用するデータタイプごとにまとめてデータを記述すること。 複数のデータタイプを混在させてデータを記述してしまうと、データの読み込みが途中で終了しテストが正しく実行されない。"
"ja/development_tools/testing_framework/guide/development_guide/06_TestFWGuide/01_Abstract.rst","630","para","0","複数のデータタイプ使用時はデータタイプごとにまとめてデータを記述する","","例えば、 以下のようにデータタイプを記述した場合、 ``TABLE2`` までのデータしか評価されず、 ``TABLE3`` 以降のデータに誤りがあってもテストは成功してしまう。"
"ja/development_tools/testing_framework/guide/development_guide/06_TestFWGuide/01_Abstract.rst","633","code","0","複数のデータタイプ使用時はデータタイプごとにまとめてデータを記述する","text",""
"ja/development_tools/testing_framework/guide/development_guide/06_TestFWGuide/01_Abstract.rst","635","para","0","複数のデータタイプ使用時はデータタイプごとにまとめてデータを記述する","","EXPECTED_TABLE=TABLE1 : EXPECTED_COMPLETE_TABLE=TABLE2 : EXPECTED_TABLE=TABLE3 : EXPECTED_COMPLETE_TABLE=TABLE4 :"
"ja/development_tools/testing_framework/guide/development_guide/06_TestFWGuide/01_Abstract.rst","644","para","0","複数のデータタイプ使用時はデータタイプごとにまとめてデータを記述する","","全てのデータが正しく評価されるようにするには、 以下のようにデータタイプごとにまとめてデータを記述すること。"
"ja/development_tools/testing_framework/guide/development_guide/06_TestFWGuide/01_Abstract.rst","647","code","0","複数のデータタイプ使用時はデータタイプごとにまとめてデータを記述する","text",""
"ja/development_tools/testing_framework/guide/development_guide/06_TestFWGuide/01_Abstract.rst","649","para","0","複数のデータタイプ使用時はデータタイプごとにまとめてデータを記述する","","EXPECTED_TABLE=TABLE1 : EXPECTED_TABLE=TABLE3 : EXPECTED_COMPLETE_TABLE=TABLE2 : EXPECTED_COMPLETE_TABLE=TABLE4 :"
"ja/development_tools/testing_framework/guide/development_guide/06_TestFWGuide/01_Abstract.rst","660","para","0","複数のデータタイプ使用時はデータタイプごとにまとめてデータを記述する","","<br />"
"ja/development_tools/testing_framework/guide/development_guide/06_TestFWGuide/01_Abstract.rst","667","heading","2","複数のデータタイプ使用時はデータタイプごとにまとめてデータを記述する","JUnit 5で自動テストフレームワークを動かす",""
"ja/development_tools/testing_framework/guide/development_guide/06_TestFWGuide/01_Abstract.rst","670","heading","1","","JUnit Vintage",""
"ja/development_tools/testing_framework/guide/development_guide/06_TestFWGuide/01_Abstract.rst","672","para","0","JUnit Vintage","","JUnit 5には、JUnit Vintageというプロジェクトがある。 このプロジェクトは、JUnit 5の上でJUnit 4で書かれたテストを実行できるようにするための機能を提供している。 この機能を利用することで、自動テストフレームワークをJUnit 5の上で動かすことができる。"
"ja/development_tools/testing_framework/guide/development_guide/06_TestFWGuide/01_Abstract.rst","676","admonition","0","JUnit Vintage","important",""
"ja/development_tools/testing_framework/guide/development_guide/06_TestFWGuide/01_Abstract.rst","677","para","0","JUnit Vintage","","この機能は、あくまでJUnit 4のテストをJUnit 4として動かしているにすぎない。 したがって、この機能を使ったからといって、JUnit 4のテストの中でJUnit 5の機能が使えるわけではない。"
"ja/development_tools/testing_framework/guide/development_guide/06_TestFWGuide/01_Abstract.rst","680","para","0","JUnit Vintage","","この機能は、JUnit 4からJUnit 5への移行を段階的進めるための補助として利用できる。 JUnit 4からJUnit 5に移行するときの手順については、 `公式のガイド(外部サイト、英語) <https://junit.org/junit5/docs/5.11.0/user-guide/#migrating-f"
"ja/development_tools/testing_framework/guide/development_guide/06_TestFWGuide/01_Abstract.rst","683","admonition","0","JUnit Vintage","tip",""
"ja/development_tools/testing_framework/guide/development_guide/06_TestFWGuide/01_Abstract.rst","684","para","0","JUnit Vintage","","JUnit 5のテストで自動テストフレームワークを使用する方法については、 :ref:`ntf_junit5_extension` を参照。"
"ja/development_tools/testing_framework/guide/development_guide/06_TestFWGuide/01_Abstract.rst","686","para","0","JUnit Vintage","","以下で、JUnit Vintageを使用して自動テストフレームワークをJUnit 5で動かす方法について説明する。"
"ja/development_tools/testing_framework/guide/development_guide/06_TestFWGuide/01_Abstract.rst","690","heading","1","","前提条件",""
"ja/development_tools/testing_framework/guide/development_guide/06_TestFWGuide/01_Abstract.rst","692","para","0","前提条件","","JUnit 5を使用するには、以下の条件を満たしている必要がある。"
"ja/development_tools/testing_framework/guide/development_guide/06_TestFWGuide/01_Abstract.rst","694","para","0","前提条件","","* maven-surefire-plugin が 2.22.0 以上であること"
"ja/development_tools/testing_framework/guide/development_guide/06_TestFWGuide/01_Abstract.rst","697","heading","1","","依存関係の追加",""
"ja/development_tools/testing_framework/guide/development_guide/06_TestFWGuide/01_Abstract.rst","699","para","0","依存関係の追加","","JUnit Vintageは、pom.xmlで以下２つのアーティファクトを依存関係に追加することで有効にできる。"
"ja/development_tools/testing_framework/guide/development_guide/06_TestFWGuide/01_Abstract.rst","701","para","0","依存関係の追加","","* ``org.junit.jupiter:junit-jupiter`` * ``org.junit.vintage:junit-vintage-engine``"
"ja/development_tools/testing_framework/guide/development_guide/06_TestFWGuide/01_Abstract.rst","704","para","0","依存関係の追加","","以下に、pom.xmlの記述例を記載する。"
"ja/development_tools/testing_framework/guide/development_guide/06_TestFWGuide/01_Abstract.rst","706","code","0","依存関係の追加","xml",""
"ja/development_tools/testing_framework/guide/development_guide/06_TestFWGuide/01_Abstract.rst","708","para","0","依存関係の追加","","<dependencyManagement> <dependencies> ..."
"ja/development_tools/testing_framework/guide/development_guide/06_TestFWGuide/01_Abstract.rst","712","para","0","依存関係の追加","","<!-- バージョンを揃えるため、JUnitが提供しているbomを読み込む --> <dependency> <groupId>org.junit</groupId> <artifactId>junit-bom</artifactId> <version>5.8.2</version> <type>pom</type>"
"ja/development_tools/testing_framework/guide/development_guide/06_TestFWGuide/01_Abstract.rst","723","para","0","依存関係の追加","","<dependencies> ..."
"ja/development_tools/testing_framework/guide/development_guide/06_TestFWGuide/01_Abstract.rst","726","para","0","依存関係の追加","","<!-- 以下の依存関係を追加する --> <dependency> <groupId>org.junit.jupiter</groupId> <artifactId>junit-jupiter</artifactId> <scope>test</scope> </dependency> <dependency> <g"
"ja/development_tools/testing_framework/guide/development_guide/06_TestFWGuide/01_Abstract.rst","739","para","0","依存関係の追加","","以上の設定により、自動テストフレームワークをJUnit 5の上で動かすことができるようになる。"
"ja/development_tools/testing_framework/guide/development_guide/06_TestFWGuide/02_DbAccessTest.rst","3","heading","1","","データベースを使用するクラスのテスト",""
"ja/development_tools/testing_framework/guide/development_guide/06_TestFWGuide/02_DbAccessTest.rst","7","heading","2","データベースを使用するクラスのテスト","概要",""
"ja/development_tools/testing_framework/guide/development_guide/06_TestFWGuide/02_DbAccessTest.rst","9","para","0","データベースを使用するクラスのテスト > 概要","","データベースアクセスクラスなど、データベースを使用するクラスをテストする方法を記載する。"
"ja/development_tools/testing_framework/guide/development_guide/06_TestFWGuide/02_DbAccessTest.rst","12","para","0","データベースを使用するクラスのテスト > 概要","","データベースを使用するクラスをテストする場合、本フレームワークで用意されたクラスを使用することでデータベースに関する操作（テストデータ投入、データ確認）を行うことができる。"
"ja/development_tools/testing_framework/guide/development_guide/06_TestFWGuide/02_DbAccessTest.rst","17","heading","1","","全体像",""
"ja/development_tools/testing_framework/guide/development_guide/06_TestFWGuide/02_DbAccessTest.rst","19","figure","0","全体像","","_images/class_structure.png"
"ja/development_tools/testing_framework/guide/development_guide/06_TestFWGuide/02_DbAccessTest.rst","24","heading","2","全体像","主なクラス, リソース",""
"ja/development_tools/testing_framework/guide/development_guide/06_TestFWGuide/02_DbAccessTest.rst","27","table","0","全体像 > 主なクラス, リソース","","名称 | 役割 | 作成単位"
"ja/development_tools/testing_framework/guide/development_guide/06_TestFWGuide/02_DbAccessTest.rst","47","heading","2","全体像","基本的なテスト方法",""
"ja/development_tools/testing_framework/guide/development_guide/06_TestFWGuide/02_DbAccessTest.rst","50","para","0","全体像 > 基本的なテスト方法","","目的に応じた、本フレームワークのAPIの使用方法を以下に記載する。"
"ja/development_tools/testing_framework/guide/development_guide/06_TestFWGuide/02_DbAccessTest.rst","54","heading","1","","参照系のテスト",""
"ja/development_tools/testing_framework/guide/development_guide/06_TestFWGuide/02_DbAccessTest.rst","56","para","0","参照系のテスト","","参照系のテストにおいて、テスト対象クラスが期待通りにデータを取得していることを確認する場合、以下の手順でデータベースからの参照結果を確認できる。"
"ja/development_tools/testing_framework/guide/development_guide/06_TestFWGuide/02_DbAccessTest.rst","58","para","0","参照系のテスト","","#. データベースに準備データを登録する。 #. テスト対象クラスのメソッドを起動する。 #. 戻り値として受け取った検索結果が期待した値であるか確認する。"
"ja/development_tools/testing_framework/guide/development_guide/06_TestFWGuide/02_DbAccessTest.rst","64","heading","2","参照系のテスト","シーケンス",""
"ja/development_tools/testing_framework/guide/development_guide/06_TestFWGuide/02_DbAccessTest.rst","66","figure","0","参照系のテスト > シーケンス","","_images/select_sequence.png"
"ja/development_tools/testing_framework/guide/development_guide/06_TestFWGuide/02_DbAccessTest.rst","71","heading","2","参照系のテスト","テストソースコード実装例",""
"ja/development_tools/testing_framework/guide/development_guide/06_TestFWGuide/02_DbAccessTest.rst","73","code","0","参照系のテスト > テストソースコード実装例","java","public class DbAccessTestSample extends DbAccessTestSupport {
/**
* 全件検索のテスト。<br/>"
"ja/development_tools/testing_framework/guide/development_guide/06_TestFWGuide/02_DbAccessTest.rst","102","heading","2","参照系のテスト","テストデータ記述例",""
"ja/development_tools/testing_framework/guide/development_guide/06_TestFWGuide/02_DbAccessTest.rst","107","heading","3","参照系のテスト > テストデータ記述例","データベースに事前登録する準備データ",""
"ja/development_tools/testing_framework/guide/development_guide/06_TestFWGuide/02_DbAccessTest.rst","110","para","0","参照系のテスト > テストデータ記述例 > データベースに事前登録する準備データ","","以下のようにデータを記載する。"
"ja/development_tools/testing_framework/guide/development_guide/06_TestFWGuide/02_DbAccessTest.rst","112","para","0","参照系のテスト > テストデータ記述例 > データベースに事前登録する準備データ","","* 1行目　：　SETUP_TABLE=<登録対象のテーブル名>"
"ja/development_tools/testing_framework/guide/development_guide/06_TestFWGuide/02_DbAccessTest.rst","114","para","0","参照系のテスト > テストデータ記述例 > データベースに事前登録する準備データ","","* 2行目　：　そのテーブルのカラム名"
"ja/development_tools/testing_framework/guide/development_guide/06_TestFWGuide/02_DbAccessTest.rst","116","para","0","参照系のテスト > テストデータ記述例 > データベースに事前登録する準備データ","","* 3行目～　：　登録するレコード（2行目のカラム名と対応）"
"ja/development_tools/testing_framework/guide/development_guide/06_TestFWGuide/02_DbAccessTest.rst","120","para","0","参照系のテスト > テストデータ記述例 > データベースに事前登録する準備データ","","SETUP_TABLE=EMPLOYEE"
"ja/development_tools/testing_framework/guide/development_guide/06_TestFWGuide/02_DbAccessTest.rst","122","table","0","参照系のテスト > テストデータ記述例 > データベースに事前登録する準備データ","","ID | EMP_NAME | DEPT_CODE"
"ja/development_tools/testing_framework/guide/development_guide/06_TestFWGuide/02_DbAccessTest.rst","129","para","0","参照系のテスト > テストデータ記述例 > データベースに事前登録する準備データ","","SETUP_TABLE=DEPT"
"ja/development_tools/testing_framework/guide/development_guide/06_TestFWGuide/02_DbAccessTest.rst","131","table","0","参照系のテスト > テストデータ記述例 > データベースに事前登録する準備データ","","ID | DEPT_NAME"
"ja/development_tools/testing_framework/guide/development_guide/06_TestFWGuide/02_DbAccessTest.rst","142","heading","3","参照系のテスト > テストデータ記述例","テスト実行後に期待する値",""
"ja/development_tools/testing_framework/guide/development_guide/06_TestFWGuide/02_DbAccessTest.rst","145","para","0","参照系のテスト > テストデータ記述例 > テスト実行後に期待する値","","以下のようにデータを記載する。"
"ja/development_tools/testing_framework/guide/development_guide/06_TestFWGuide/02_DbAccessTest.rst","147","para","0","参照系のテスト > テストデータ記述例 > テスト実行後に期待する値","","* 1行目　：　LIST_MAP=<シート内で一意になる期待値のID(任意の文字列)>"
"ja/development_tools/testing_framework/guide/development_guide/06_TestFWGuide/02_DbAccessTest.rst","149","para","0","参照系のテスト > テストデータ記述例 > テスト実行後に期待する値","","* 2行目　：　SELECT文で指定したカラム名または別名"
"ja/development_tools/testing_framework/guide/development_guide/06_TestFWGuide/02_DbAccessTest.rst","151","para","0","参照系のテスト > テストデータ記述例 > テスト実行後に期待する値","","* 3行目～　：　検索結果（2行目のカラム名と対応）"
"ja/development_tools/testing_framework/guide/development_guide/06_TestFWGuide/02_DbAccessTest.rst","155","para","0","参照系のテスト > テストデータ記述例 > テスト実行後に期待する値","","LIST_MAP=expected"
"ja/development_tools/testing_framework/guide/development_guide/06_TestFWGuide/02_DbAccessTest.rst","157","table","0","参照系のテスト > テストデータ記述例 > テスト実行後に期待する値","","ID | EMP_NAME | DEPT_NAME"
"ja/development_tools/testing_framework/guide/development_guide/06_TestFWGuide/02_DbAccessTest.rst","167","heading","1","","更新系のテスト",""
"ja/development_tools/testing_framework/guide/development_guide/06_TestFWGuide/02_DbAccessTest.rst","169","para","0","更新系のテスト","","テスト対象クラスが期待通りにデータを更新していることを確認する場合、以下の手順でデータベースの更新結果を確認できる。"
"ja/development_tools/testing_framework/guide/development_guide/06_TestFWGuide/02_DbAccessTest.rst","172","para","0","更新系のテスト","","#. データベースに準備データを登録する。 #. テスト対象クラスのメソッドを起動する。 #. トランザクションをコミットする。 #. データベースの値が期待通り更新されていることを確認する。"
"ja/development_tools/testing_framework/guide/development_guide/06_TestFWGuide/02_DbAccessTest.rst","177","admonition","0","更新系のテスト","important",""
"ja/development_tools/testing_framework/guide/development_guide/06_TestFWGuide/02_DbAccessTest.rst","178","para","0","更新系のテスト","","Nablarch Application Frameworkでは複数種類のトランザクションを併用することが前提となっている。 そのため、テスト対象クラス実行後にデータベースの内容を確認する際には、 トランザクションをコミットしなければならない。トランザクションをコミットしない場合、 テスト結果の確認が正常に行われない。"
"ja/development_tools/testing_framework/guide/development_guide/06_TestFWGuide/02_DbAccessTest.rst","183","admonition","0","更新系のテスト","tip",""
"ja/development_tools/testing_framework/guide/development_guide/06_TestFWGuide/02_DbAccessTest.rst","184","para","0","更新系のテスト","","参照系のテストの場合はコミットを行う必要はない。"
"ja/development_tools/testing_framework/guide/development_guide/06_TestFWGuide/02_DbAccessTest.rst","188","heading","2","更新系のテスト","シーケンス",""
"ja/development_tools/testing_framework/guide/development_guide/06_TestFWGuide/02_DbAccessTest.rst","190","figure","0","更新系のテスト > シーケンス","","_images/update_sequence.png"
"ja/development_tools/testing_framework/guide/development_guide/06_TestFWGuide/02_DbAccessTest.rst","195","heading","2","更新系のテスト","テストソースコード実装例",""
"ja/development_tools/testing_framework/guide/development_guide/06_TestFWGuide/02_DbAccessTest.rst","197","code","0","更新系のテスト > テストソースコード実装例","java","public class DbAccessTestSample extends DbAccsessTestSupport {
@Test
public void testDeleteExpired() {"
"ja/development_tools/testing_framework/guide/development_guide/06_TestFWGuide/02_DbAccessTest.rst","222","heading","2","更新系のテスト","テストデータ記述例",""
"ja/development_tools/testing_framework/guide/development_guide/06_TestFWGuide/02_DbAccessTest.rst","225","heading","3","更新系のテスト > テストデータ記述例","データベースに事前登録する準備データ",""
"ja/development_tools/testing_framework/guide/development_guide/06_TestFWGuide/02_DbAccessTest.rst","228","para","0","更新系のテスト > テストデータ記述例 > データベースに事前登録する準備データ","","以下のようにデータを記載する。"
"ja/development_tools/testing_framework/guide/development_guide/06_TestFWGuide/02_DbAccessTest.rst","230","para","0","更新系のテスト > テストデータ記述例 > データベースに事前登録する準備データ","","* 1行目　：　SETUP_TABLE=<登録対象のテーブル名>"
"ja/development_tools/testing_framework/guide/development_guide/06_TestFWGuide/02_DbAccessTest.rst","232","para","0","更新系のテスト > テストデータ記述例 > データベースに事前登録する準備データ","","* 2行目　：　そのテーブルのカラム名"
"ja/development_tools/testing_framework/guide/development_guide/06_TestFWGuide/02_DbAccessTest.rst","234","para","0","更新系のテスト > テストデータ記述例 > データベースに事前登録する準備データ","","* 3行目～　：　登録するレコード（2行目のカラム名と対応）"
"ja/development_tools/testing_framework/guide/development_guide/06_TestFWGuide/02_DbAccessTest.rst","237","para","0","更新系のテスト > テストデータ記述例 > データベースに事前登録する準備データ","","SETUP_TABLE=EMPLOYEE"
"ja/development_tools/testing_framework/guide/development_guide/06_TestFWGuide/02_DbAccessTest.rst","239","table","0","更新系のテスト > テストデータ記述例 > データベースに事前登録する準備データ","","ID | EMP_NAME | EXPIRED"
"ja/development_tools/testing_framework/guide/development_guide/06_TestFWGuide/02_DbAccessTest.rst","248","heading","3","更新系のテスト > テストデータ記述例","テスト実行後に期待する値",""
"ja/development_tools/testing_framework/guide/development_guide/06_TestFWGuide/02_DbAccessTest.rst","251","para","0","更新系のテスト > テストデータ記述例 > テスト実行後に期待する値","","以下のようにデータを記載する。"
"ja/development_tools/testing_framework/guide/development_guide/06_TestFWGuide/02_DbAccessTest.rst","253","para","0","更新系のテスト > テストデータ記述例 > テスト実行後に期待する値","","* 1行目　：　EXPECTED_TABLE=<確認対象のテーブル名>"
"ja/development_tools/testing_framework/guide/development_guide/06_TestFWGuide/02_DbAccessTest.rst","255","para","0","更新系のテスト > テストデータ記述例 > テスト実行後に期待する値","","* 2行目　：　確認対象テーブルのカラム名"
"ja/development_tools/testing_framework/guide/development_guide/06_TestFWGuide/02_DbAccessTest.rst","257","para","0","更新系のテスト > テストデータ記述例 > テスト実行後に期待する値","","* 3行目～　：　期待する値"
"ja/development_tools/testing_framework/guide/development_guide/06_TestFWGuide/02_DbAccessTest.rst","259","para","0","更新系のテスト > テストデータ記述例 > テスト実行後に期待する値","","EXPECTED_TABLE=EMPLOYEE"
"ja/development_tools/testing_framework/guide/development_guide/06_TestFWGuide/02_DbAccessTest.rst","261","table","0","更新系のテスト > テストデータ記述例 > テスト実行後に期待する値","","ID | EMP_NAME | EXPIRED"
"ja/development_tools/testing_framework/guide/development_guide/06_TestFWGuide/02_DbAccessTest.rst","271","heading","2","更新系のテスト","データベーステストデータの省略記述方法",""
"ja/development_tools/testing_framework/guide/development_guide/06_TestFWGuide/02_DbAccessTest.rst","273","para","0","更新系のテスト > データベーステストデータの省略記述方法","","データベースの準備データおよび期待値を記述する際、\ テストに関係の無いカラムについては記述を省略できる。 省略したカラムには、自動テストフレームワークにより\ :ref:`default_values_when_column_omitted`\ が設定される。 この機能を使用することにより、テストデータの可読性が向上"
"ja/development_tools/testing_framework/guide/development_guide/06_TestFWGuide/02_DbAccessTest.rst","280","para","0","更新系のテスト > データベーステストデータの省略記述方法","","この機能は特に更新系テストケースに有効である。多くのカラムのうち１カラムだけが更新される場合、\ 不要なカラムを記述する必要がなくなる。"
"ja/development_tools/testing_framework/guide/development_guide/06_TestFWGuide/02_DbAccessTest.rst","283","admonition","0","更新系のテスト > データベーステストデータの省略記述方法","important",""
"ja/development_tools/testing_framework/guide/development_guide/06_TestFWGuide/02_DbAccessTest.rst","284","para","0","更新系のテスト > データベーステストデータの省略記述方法","","データベース\ **検索結果**\ の期待値を記述する際は、\ 検索対象カラム全てを記述しなければならない\ （レコードの主キーだけを確認する、というような確認方法は不可）。"
"ja/development_tools/testing_framework/guide/development_guide/06_TestFWGuide/02_DbAccessTest.rst","288","para","0","更新系のテスト > データベーステストデータの省略記述方法","","また、\ **登録系**\ テストの場合も、新規に登録されたレコードの全カラムを確認する必要があるので、\ カラムを省略できない。"
"ja/development_tools/testing_framework/guide/development_guide/06_TestFWGuide/02_DbAccessTest.rst","293","heading","1","","DBに準備データのカラムを省略する場合",""
"ja/development_tools/testing_framework/guide/development_guide/06_TestFWGuide/02_DbAccessTest.rst","295","para","0","DBに準備データのカラムを省略する場合","","データベース準備データを記述する際にカラムを省略すると、省略されたカラムには\ \ :ref:`default_values_when_column_omitted`\ が設定されているものとして扱われる。"
"ja/development_tools/testing_framework/guide/development_guide/06_TestFWGuide/02_DbAccessTest.rst","298","para","0","DBに準備データのカラムを省略する場合","","ただし、\ **主キーカラムは省略できない**\ 。"
"ja/development_tools/testing_framework/guide/development_guide/06_TestFWGuide/02_DbAccessTest.rst","302","heading","1","","DB期待値のカラムを省略する場合",""
"ja/development_tools/testing_framework/guide/development_guide/06_TestFWGuide/02_DbAccessTest.rst","304","para","0","DB期待値のカラムを省略する場合","","DB期待値から単純に無関係なカラムを省略すると、省略されたカラムは比較対象外となる。\ 更新系テストの場合には、「無関係なカラムが更新されていないことを確認する」という観点も必要である。 この場合、データタイプに\ `EXPECTED_TABLE`\ ではなく、\ `EXPECTED_COMPLETE_TABLE`\ "
"ja/development_tools/testing_framework/guide/development_guide/06_TestFWGuide/02_DbAccessTest.rst","314","heading","1","","具体例",""
"ja/development_tools/testing_framework/guide/development_guide/06_TestFWGuide/02_DbAccessTest.rst","316","para","0","具体例","","全カラムを記載した場合と、関係のあるカラムのみを記載した場合の記述例を以下に示す。"
"ja/development_tools/testing_framework/guide/development_guide/06_TestFWGuide/02_DbAccessTest.rst","319","heading","2","具体例","テストケース例",""
"ja/development_tools/testing_framework/guide/development_guide/06_TestFWGuide/02_DbAccessTest.rst","321","para","0","具体例 > テストケース例","","以下のテストケースを例として使用する。"
"ja/development_tools/testing_framework/guide/development_guide/06_TestFWGuide/02_DbAccessTest.rst","324","para","0","具体例 > テストケース例","","**「有効期限」を過ぎたレコードは「削除フラグ」が1に更新されること。**\ [#]_"
"ja/development_tools/testing_framework/guide/development_guide/06_TestFWGuide/02_DbAccessTest.rst","328","para","0","具体例 > テストケース例","","使用するテーブル（SAMPLE_TABLE）には、以下のカラムがあるものとする。"
"ja/development_tools/testing_framework/guide/development_guide/06_TestFWGuide/02_DbAccessTest.rst","330","table","0","具体例 > テストケース例","","カラム名 | 説明"
"ja/development_tools/testing_framework/guide/development_guide/06_TestFWGuide/02_DbAccessTest.rst","345","heading","2","具体例","省略せずに全カラムを記載した場合（悪い例）",""
"ja/development_tools/testing_framework/guide/development_guide/06_TestFWGuide/02_DbAccessTest.rst","347","para","0","具体例 > 省略せずに全カラムを記載した場合（悪い例）","","全カラムが記載されており可読性に劣る\ [#]_\ 。 また、テーブル定義に変更があった場合、無関係なカラムであっても修正しなければならない。"
"ja/development_tools/testing_framework/guide/development_guide/06_TestFWGuide/02_DbAccessTest.rst","352","para","0","具体例 > 省略せずに全カラムを記載した場合（悪い例）","","**準備データ**"
"ja/development_tools/testing_framework/guide/development_guide/06_TestFWGuide/02_DbAccessTest.rst","354","para","0","具体例 > 省略せずに全カラムを記載した場合（悪い例）","","SETUP_TABLE=SAMPLE_TABLE"
"ja/development_tools/testing_framework/guide/development_guide/06_TestFWGuide/02_DbAccessTest.rst","356","table","0","具体例 > 省略せずに全カラムを記載した場合（悪い例）","","PK_1 | PK_2 | COL_A | COL_B | COL_C | COL_D | 有効期限 | 削除フラグ"
"ja/development_tools/testing_framework/guide/development_guide/06_TestFWGuide/02_DbAccessTest.rst","366","para","0","具体例 > 省略せずに全カラムを記載した場合（悪い例）","","**期待値**"
"ja/development_tools/testing_framework/guide/development_guide/06_TestFWGuide/02_DbAccessTest.rst","368","para","0","具体例 > 省略せずに全カラムを記載した場合（悪い例）","","EXPECTED_TABLE=SAMPLE_TABLE"
"ja/development_tools/testing_framework/guide/development_guide/06_TestFWGuide/02_DbAccessTest.rst","370","table","0","具体例 > 省略せずに全カラムを記載した場合（悪い例）","","PK_1 | PK_2 | COL_A | COL_B | COL_C | COL_D | 有効期限 | 削除フラグ"
"ja/development_tools/testing_framework/guide/development_guide/06_TestFWGuide/02_DbAccessTest.rst","381","heading","2","具体例","関係のあるカラムのみを記載した場合（良い例）",""
"ja/development_tools/testing_framework/guide/development_guide/06_TestFWGuide/02_DbAccessTest.rst","383","para","0","具体例 > 関係のあるカラムのみを記載した場合（良い例）","","関係のあるカラムのみを記載することで可読性、保守性が向上する。 このテストケースに関係のあるカラムは以下のとおり。"
"ja/development_tools/testing_framework/guide/development_guide/06_TestFWGuide/02_DbAccessTest.rst","386","para","0","具体例 > 関係のあるカラムのみを記載した場合（良い例）","","* レコードを一意に特定する為の主キーカラム(PK_1,PK_2) * 更新対象レコードを抽出する条件となる「有効期限」カラム * 更新対象となる「削除フラグ」カラム"
"ja/development_tools/testing_framework/guide/development_guide/06_TestFWGuide/02_DbAccessTest.rst","390","para","0","具体例 > 関係のあるカラムのみを記載した場合（良い例）","","また、テーブル定義に変更があった場合でも、無関係なカラムであれば影響を受けない。"
"ja/development_tools/testing_framework/guide/development_guide/06_TestFWGuide/02_DbAccessTest.rst","393","para","0","具体例 > 関係のあるカラムのみを記載した場合（良い例）","","**準備データ**"
"ja/development_tools/testing_framework/guide/development_guide/06_TestFWGuide/02_DbAccessTest.rst","395","para","0","具体例 > 関係のあるカラムのみを記載した場合（良い例）","","実行テストに関係あるカラムのみを記述している。"
"ja/development_tools/testing_framework/guide/development_guide/06_TestFWGuide/02_DbAccessTest.rst","397","para","0","具体例 > 関係のあるカラムのみを記載した場合（良い例）","","SETUP_TABLE=SAMPLE_TABLE"
"ja/development_tools/testing_framework/guide/development_guide/06_TestFWGuide/02_DbAccessTest.rst","399","table","0","具体例 > 関係のあるカラムのみを記載した場合（良い例）","","PK_1 | PK_2 | 有効期限 | 削除フラグ"
"ja/development_tools/testing_framework/guide/development_guide/06_TestFWGuide/02_DbAccessTest.rst","409","para","0","具体例 > 関係のあるカラムのみを記載した場合（良い例）","","**期待値**"
"ja/development_tools/testing_framework/guide/development_guide/06_TestFWGuide/02_DbAccessTest.rst","411","para","0","具体例 > 関係のあるカラムのみを記載した場合（良い例）","","期待値を記述する際、\ `EXPECTED_TABLE`\ の代わりに\ `EXPECTED_COMPLETE_TABLE`\ を使用する。"
"ja/development_tools/testing_framework/guide/development_guide/06_TestFWGuide/02_DbAccessTest.rst","413","para","0","具体例 > 関係のあるカラムのみを記載した場合（良い例）","","EXPECTED_COMPLETE_TABLE=SAMPLE_TABLE"
"ja/development_tools/testing_framework/guide/development_guide/06_TestFWGuide/02_DbAccessTest.rst","415","table","0","具体例 > 関係のあるカラムのみを記載した場合（良い例）","","PK_1 | PK_2 | 有効期限 | 削除フラグ"
"ja/development_tools/testing_framework/guide/development_guide/06_TestFWGuide/02_DbAccessTest.rst","428","heading","1","","デフォルト値",""
"ja/development_tools/testing_framework/guide/development_guide/06_TestFWGuide/02_DbAccessTest.rst","430","para","0","デフォルト値","","自動テストフレームワークのコンポーネント設定ファイルにて明示的に指定していない場合、\ デフォルト値には以下の値が使用される。"
"ja/development_tools/testing_framework/guide/development_guide/06_TestFWGuide/02_DbAccessTest.rst","433","table","0","デフォルト値","","カラム | デフォルト値"
"ja/development_tools/testing_framework/guide/development_guide/06_TestFWGuide/02_DbAccessTest.rst","445","heading","1","","デフォルト値の変更方法",""
"ja/development_tools/testing_framework/guide/development_guide/06_TestFWGuide/02_DbAccessTest.rst","449","heading","2","デフォルト値の変更方法","設定項目一覧",""
"ja/development_tools/testing_framework/guide/development_guide/06_TestFWGuide/02_DbAccessTest.rst","451","para","0","デフォルト値の変更方法 > 設定項目一覧","","nablarch.test.core.db.BasicDefaultValuesクラスを使用し、 以下の値をコンポーネント設定ファイルで設定できる。"
"ja/development_tools/testing_framework/guide/development_guide/06_TestFWGuide/02_DbAccessTest.rst","454","table","0","デフォルト値の変更方法 > 設定項目一覧","","設定項目名 | 説明 | 設定値"
"ja/development_tools/testing_framework/guide/development_guide/06_TestFWGuide/02_DbAccessTest.rst","465","heading","2","デフォルト値の変更方法","コンポーネント設定ファイルの記述例",""
"ja/development_tools/testing_framework/guide/development_guide/06_TestFWGuide/02_DbAccessTest.rst","467","para","0","デフォルト値の変更方法 > コンポーネント設定ファイルの記述例","","以下の設定値を使用する場合のコンポーネント設定ファイル記述例を示す。"
"ja/development_tools/testing_framework/guide/development_guide/06_TestFWGuide/02_DbAccessTest.rst","469","table","0","デフォルト値の変更方法 > コンポーネント設定ファイルの記述例","","設定項目名 | 設定値"
"ja/development_tools/testing_framework/guide/development_guide/06_TestFWGuide/02_DbAccessTest.rst","480","code","0","デフォルト値の変更方法 > コンポーネント設定ファイルの記述例","xml",""
"ja/development_tools/testing_framework/guide/development_guide/06_TestFWGuide/02_DbAccessTest.rst","482","para","0","デフォルト値の変更方法 > コンポーネント設定ファイルの記述例","","<!-- TestDataParser --> <component name=""testDataParser"" class=""nablarch.test.core.reader.BasicTestDataParser""> <!-- データベースデフォルト値 --> <property name=""defaultVal"
"ja/development_tools/testing_framework/guide/development_guide/06_TestFWGuide/02_DbAccessTest.rst","498","heading","2","デフォルト値の変更方法","注意点",""
"ja/development_tools/testing_framework/guide/development_guide/06_TestFWGuide/02_DbAccessTest.rst","502","heading","1","","setUpDbメソッドに関する注意点",""
"ja/development_tools/testing_framework/guide/development_guide/06_TestFWGuide/02_DbAccessTest.rst","504","para","0","setUpDbメソッドに関する注意点","","* Excelファイルには必ずしも全カラムを記述する必要はない。 省略されたカラムには、デフォルト値が設定される。"
"ja/development_tools/testing_framework/guide/development_guide/06_TestFWGuide/02_DbAccessTest.rst","507","para","0","setUpDbメソッドに関する注意点","","* Excelファイルの１シート内に複数のテーブルを記述できる。 setUpDb(String sheetName)実行時、指定されたシート内のデータタイプ""SETUP_TABLE""全てが登録対象となる。"
"ja/development_tools/testing_framework/guide/development_guide/06_TestFWGuide/02_DbAccessTest.rst","513","heading","1","","assertTableEqualsメソッドに関する注意点",""
"ja/development_tools/testing_framework/guide/development_guide/06_TestFWGuide/02_DbAccessTest.rst","515","para","0","assertTableEqualsメソッドに関する注意点","","* 期待値の記述で省略されたカラムは、比較対象外となる。"
"ja/development_tools/testing_framework/guide/development_guide/06_TestFWGuide/02_DbAccessTest.rst","517","para","0","assertTableEqualsメソッドに関する注意点","","* 比較実行時、レコードの順番が異なっていても主キーを突合して正しく比較ができる。 レコードの順序を意識して期待データを作成する必要はない。"
"ja/development_tools/testing_framework/guide/development_guide/06_TestFWGuide/02_DbAccessTest.rst","520","para","0","assertTableEqualsメソッドに関する注意点","","* １シート内に複数のテーブルを記述できる。assertTableEquals(String sheetName)実行時、指定されたシート内のデータタイプ""EXPECTED_TABLE""であるデータが全て比較される。"
"ja/development_tools/testing_framework/guide/development_guide/06_TestFWGuide/02_DbAccessTest.rst","522","para","0","assertTableEqualsメソッドに関する注意点","","* 更新日付のようなjava.sql.Timestamp型のフォーマットは""yyyy-mm-dd hh:mm:ss.fffffffff""である(fffffffffはナノ秒)。ナノ秒が設定されていない場合でも、フォーマット上は0ナノ秒として表示される。例えば、2010年1月1日12時34分56秒ジャストの場合、2010-"
"ja/development_tools/testing_framework/guide/development_guide/06_TestFWGuide/02_DbAccessTest.rst","526","heading","1","","assertSqlResultSetEqualsメソッドに関する注意点",""
"ja/development_tools/testing_framework/guide/development_guide/06_TestFWGuide/02_DbAccessTest.rst","528","para","0","assertSqlResultSetEqualsメソッドに関する注意点","","* SELECT文で指定された全てのカラム名（別名）が比較対象になる。ある特定のカラムを比較対象外にすることはできない。"
"ja/development_tools/testing_framework/guide/development_guide/06_TestFWGuide/02_DbAccessTest.rst","530","para","0","assertSqlResultSetEqualsメソッドに関する注意点","","* レコードの順序が異なる場合は、等価でないとみなす（アサート失敗）。 これは以下の理由による。"
"ja/development_tools/testing_framework/guide/development_guide/06_TestFWGuide/02_DbAccessTest.rst","533","para","0","assertSqlResultSetEqualsメソッドに関する注意点","","* SELECTで指定されたカラムに主キーが含まれているとは限らない為。 * SELECT実行時はORDER BY指定がなされる場合がほとんどであり、順序についても厳密に比較する必要がある為。"
"ja/development_tools/testing_framework/guide/development_guide/06_TestFWGuide/02_DbAccessTest.rst","537","heading","1","","クラス単体テストにおける登録・更新系テストの注意点",""
"ja/development_tools/testing_framework/guide/development_guide/06_TestFWGuide/02_DbAccessTest.rst","539","para","0","クラス単体テストにおける登録・更新系テストの注意点","","* 自動設定項目を利用してデータベースに登録・更新する際は、ThreadContextにリクエストIDとユーザIDが設定されている必要がある。テスト対象クラス起動前にこれらの値をThreadContextに設定しておくこと。 ThreadContextの設定方法については、次の項を参照。（  :ref:`using_T"
"ja/development_tools/testing_framework/guide/development_guide/06_TestFWGuide/02_DbAccessTest.rst","542","para","0","クラス単体テストにおける登録・更新系テストの注意点","","* デフォルト以外のトランザクションを使用する場合は、本フレームワークにトランザクション制御を行わせる必要がある。トランザクション制御の設定方法については、次の項を参照。（  :ref:`using_transactions`  ）"
"ja/development_tools/testing_framework/guide/development_guide/06_TestFWGuide/02_DbAccessTest.rst","545","heading","1","","外部キーが設定されたテーブルにデータをセットアップしたい",""
"ja/development_tools/testing_framework/guide/development_guide/06_TestFWGuide/02_DbAccessTest.rst","546","para","0","外部キーが設定されたテーブルにデータをセットアップしたい","",":ref:`master_data_backup` と同じ機能を用いて、テーブルの親子関係を判断しデータを削除及び登録する。 詳細は :ref:`MasterDataRestore-fk_key` を参照。"
"ja/development_tools/testing_framework/guide/development_guide/06_TestFWGuide/02_DbAccessTest.rst","550","heading","1","","Excelファイルに記述できるカラムのデータ型に関する注意点",""
"ja/development_tools/testing_framework/guide/development_guide/06_TestFWGuide/02_DbAccessTest.rst","551","para","0","Excelファイルに記述できるカラムのデータ型に関する注意点","","Excelファイルには、:java:extdoc:`SqlPStatement <nablarch.core.db.statement.SqlPStatement>` で対応している型のカラムのみ テストデータとして記述できる。"
"ja/development_tools/testing_framework/guide/development_guide/06_TestFWGuide/02_DbAccessTest.rst","554","para","0","Excelファイルに記述できるカラムのデータ型に関する注意点","","そのため、それ以外のデータ型(例えば、OracleのROWIDやPostgreSQLのOIDなど)のカラムはテストデータとして記述できない点に注意すること。"
"ja/development_tools/testing_framework/guide/development_guide/06_TestFWGuide/02_RequestUnitTest.rst","5","heading","1","","リクエスト単体テスト（ウェブアプリケーション）",""
"ja/development_tools/testing_framework/guide/development_guide/06_TestFWGuide/02_RequestUnitTest.rst","9","heading","2","リクエスト単体テスト（ウェブアプリケーション）","概要",""
"ja/development_tools/testing_framework/guide/development_guide/06_TestFWGuide/02_RequestUnitTest.rst","11","para","0","リクエスト単体テスト（ウェブアプリケーション） > 概要","","リクエスト単体テスト(ウェブアプリケーション)では、内蔵サーバを使用してテストを行う。\ ここでは、リクエスト単体テストのテスト補助クラスと内蔵サーバの使用方法を記載する。"
"ja/development_tools/testing_framework/guide/development_guide/06_TestFWGuide/02_RequestUnitTest.rst","17","heading","1","","全体像",""
"ja/development_tools/testing_framework/guide/development_guide/06_TestFWGuide/02_RequestUnitTest.rst","19","figure","0","全体像","","_images/request_unit_test_structure.png"
"ja/development_tools/testing_framework/guide/development_guide/06_TestFWGuide/02_RequestUnitTest.rst","25","heading","1","","主なクラス, リソース",""
"ja/development_tools/testing_framework/guide/development_guide/06_TestFWGuide/02_RequestUnitTest.rst","27","table","0","主なクラス, リソース","","名称 | 役割 | 作成単位"
"ja/development_tools/testing_framework/guide/development_guide/06_TestFWGuide/02_RequestUnitTest.rst","58","para","0","主なクラス, リソース","","上記のクラス群は、内蔵サーバも含め全て同一のJVM上で動作する。\ このため、リクエストやセッション等のサーバ側のオブジェクトを加工できる。\"
"ja/development_tools/testing_framework/guide/development_guide/06_TestFWGuide/02_RequestUnitTest.rst","64","heading","1","","前提事項",""
"ja/development_tools/testing_framework/guide/development_guide/06_TestFWGuide/02_RequestUnitTest.rst","66","para","0","前提事項","","内蔵サーバを使用してHTMLダンプを出力するというリクエスト単体テストは、\ １リクエスト１画面遷移のシンクライアント型ウェブアプリケーションを対象としている。\ Ajaxやリッチクライアントを利用したアプリケーションの場合、\ HTMLダンプによるレイアウト確認は使用できない。"
"ja/development_tools/testing_framework/guide/development_guide/06_TestFWGuide/02_RequestUnitTest.rst","71","admonition","0","前提事項","tip",""
"ja/development_tools/testing_framework/guide/development_guide/06_TestFWGuide/02_RequestUnitTest.rst","73","para","0","前提事項","","本書ではViewテクノロジにJSPを用いているが、\ サーブレットコンテナ上で画面全体をレンダリングする方式であれば、\ JSP以外のViewテクノロジでもHTMLダンプの出力が可能である。"
"ja/development_tools/testing_framework/guide/development_guide/06_TestFWGuide/02_RequestUnitTest.rst","80","heading","2","前提事項","構造",""
"ja/development_tools/testing_framework/guide/development_guide/06_TestFWGuide/02_RequestUnitTest.rst","83","heading","1","","BasicHttpRequestTestTemplate",""
"ja/development_tools/testing_framework/guide/development_guide/06_TestFWGuide/02_RequestUnitTest.rst","85","para","0","BasicHttpRequestTestTemplate","","各テストクラスのスーパクラス。\ 本クラスを使用することで、リクエスト単体テストのテストソース、テストデータを定型化でき、\ テストソース記述量を大きく削減できる。"
"ja/development_tools/testing_framework/guide/development_guide/06_TestFWGuide/02_RequestUnitTest.rst","89","para","0","BasicHttpRequestTestTemplate","","具体的な使用方法は、\ :doc:`../05_UnitTestGuide/02_RequestUnitTest/index`\ を参照。"
"ja/development_tools/testing_framework/guide/development_guide/06_TestFWGuide/02_RequestUnitTest.rst","92","heading","1","","AbstractHttpRequestTestTemplate",""
"ja/development_tools/testing_framework/guide/development_guide/06_TestFWGuide/02_RequestUnitTest.rst","94","para","0","AbstractHttpRequestTestTemplate","","アプリケーションプログラマが直接使用することはない。\ テストデータの書き方を変えたい場合など、自動テストフレームワークを拡張する際に用いる。\"
"ja/development_tools/testing_framework/guide/development_guide/06_TestFWGuide/02_RequestUnitTest.rst","98","heading","1","","TestCaseInfo",""
"ja/development_tools/testing_framework/guide/development_guide/06_TestFWGuide/02_RequestUnitTest.rst","100","para","0","TestCaseInfo","","データシートに定義されたテストケース情報を格納するクラス。\ テストデータの書き方を変えたい場合は、本クラス及び前述のAbstractHttpRequestTestTemplateを継承する。"
"ja/development_tools/testing_framework/guide/development_guide/06_TestFWGuide/02_RequestUnitTest.rst","105","heading","1","","HttpRequestTestSupport",""
"ja/development_tools/testing_framework/guide/development_guide/06_TestFWGuide/02_RequestUnitTest.rst","107","para","0","HttpRequestTestSupport","","リクエスト単体テスト用に用意されたスーパクラス。リクエスト単体テスト用のメソッドを用意している。"
"ja/development_tools/testing_framework/guide/development_guide/06_TestFWGuide/02_RequestUnitTest.rst","111","heading","2","HttpRequestTestSupport","データベース関連機能",""
"ja/development_tools/testing_framework/guide/development_guide/06_TestFWGuide/02_RequestUnitTest.rst","113","para","0","HttpRequestTestSupport > データベース関連機能","","データベースに関する機能は、DbAccessTestSupportクラスに委譲することで実現している。 詳細は、\ :doc:`02_DbAccessTest`\ を参照。"
"ja/development_tools/testing_framework/guide/development_guide/06_TestFWGuide/02_RequestUnitTest.rst","116","para","0","HttpRequestTestSupport > データベース関連機能","","ただし、DbAccessTestSupportのうち以下のメソッドは、\ リクエスト単体テストでは不要であり、アプリケーションプログラマに誤解を与えないよう、\ 意図的に委譲していない。"
"ja/development_tools/testing_framework/guide/development_guide/06_TestFWGuide/02_RequestUnitTest.rst","120","para","0","HttpRequestTestSupport > データベース関連機能","","* public void beginTransactions() * public void commitTransactions() * public void endTransactions() * public void setThreadContextValues(String sheetName, Stri"
"ja/development_tools/testing_framework/guide/development_guide/06_TestFWGuide/02_RequestUnitTest.rst","127","heading","2","HttpRequestTestSupport","事前準備補助機能",""
"ja/development_tools/testing_framework/guide/development_guide/06_TestFWGuide/02_RequestUnitTest.rst","129","para","0","HttpRequestTestSupport > 事前準備補助機能","","内蔵サーバへのリクエスト送信には、HttpRequestとExecutionContextのインスタンスが必要となる。\ HttpRequestTestSupportクラスでは、これらのオブジェクトを簡単に作成できるようメソッドを用意している。\"
"ja/development_tools/testing_framework/guide/development_guide/06_TestFWGuide/02_RequestUnitTest.rst","134","heading","3","HttpRequestTestSupport > 事前準備補助機能","HttpRequest",""
"ja/development_tools/testing_framework/guide/development_guide/06_TestFWGuide/02_RequestUnitTest.rst","136","code","0","HttpRequestTestSupport > 事前準備補助機能 > HttpRequest","java",""
"ja/development_tools/testing_framework/guide/development_guide/06_TestFWGuide/02_RequestUnitTest.rst","138","para","0","HttpRequestTestSupport > 事前準備補助機能 > HttpRequest","","HttpRequest createHttpRequest(String requestUri, Map<String, String[]> params)"
"ja/development_tools/testing_framework/guide/development_guide/06_TestFWGuide/02_RequestUnitTest.rst","141","para","0","HttpRequestTestSupport > 事前準備補助機能 > HttpRequest","","引数には、以下の値を引き渡す。"
"ja/development_tools/testing_framework/guide/development_guide/06_TestFWGuide/02_RequestUnitTest.rst","143","para","0","HttpRequestTestSupport > 事前準備補助機能 > HttpRequest","","* テスト対象となるリクエストURI * 上記で取得したリクエストパラメータ"
"ja/development_tools/testing_framework/guide/development_guide/06_TestFWGuide/02_RequestUnitTest.rst","146","para","0","HttpRequestTestSupport > 事前準備補助機能 > HttpRequest","","本メソッドでは、受け取ったリクエストURIとリクエストパラメータを元に\ HttpRequestインスタンスを生成し、HTTPメソッドをPOSTに設定した上で返却する。\ HttpRequestにリクエストパラメータやURI以外のデータを設定したい場合は、\ 本メソッド呼び出しにより取得したインスタンスに対してデータを"
"ja/development_tools/testing_framework/guide/development_guide/06_TestFWGuide/02_RequestUnitTest.rst","153","heading","3","HttpRequestTestSupport > 事前準備補助機能","ExecutionContext",""
"ja/development_tools/testing_framework/guide/development_guide/06_TestFWGuide/02_RequestUnitTest.rst","155","para","0","HttpRequestTestSupport > 事前準備補助機能 > ExecutionContext","","ExecutionContextインスタンスを生成する。"
"ja/development_tools/testing_framework/guide/development_guide/06_TestFWGuide/02_RequestUnitTest.rst","158","code","0","HttpRequestTestSupport > 事前準備補助機能 > ExecutionContext","java",""
"ja/development_tools/testing_framework/guide/development_guide/06_TestFWGuide/02_RequestUnitTest.rst","160","para","0","HttpRequestTestSupport > 事前準備補助機能 > ExecutionContext","","ExecutionContext createExecutionContext(String userId)"
"ja/development_tools/testing_framework/guide/development_guide/06_TestFWGuide/02_RequestUnitTest.rst","163","para","0","HttpRequestTestSupport > 事前準備補助機能 > ExecutionContext","","引数にはユーザIDを指定する。指定したユーザIDはセッションに格納される。\ これにより、そのユーザIDでログインしている状態となる。\"
"ja/development_tools/testing_framework/guide/development_guide/06_TestFWGuide/02_RequestUnitTest.rst","173","heading","3","HttpRequestTestSupport > 事前準備補助機能","トークン発行",""
"ja/development_tools/testing_framework/guide/development_guide/06_TestFWGuide/02_RequestUnitTest.rst","175","para","0","HttpRequestTestSupport > 事前準備補助機能 > トークン発行","","2重サブミット防止を施しているURIに対するテストを行うには、\ テスト実行前にトークンを発行しセッションに設定しておく必要がある。\ HttpRequestTestSupportにある下記のメソッドを呼び出すことで、\ トークンの発行およびセッションへの格納が行われる。"
"ja/development_tools/testing_framework/guide/development_guide/06_TestFWGuide/02_RequestUnitTest.rst","180","code","0","HttpRequestTestSupport > 事前準備補助機能 > トークン発行","java",""
"ja/development_tools/testing_framework/guide/development_guide/06_TestFWGuide/02_RequestUnitTest.rst","182","para","0","HttpRequestTestSupport > 事前準備補助機能 > トークン発行","","void setValidToken(HttpRequest request, ExecutionContext context)"
"ja/development_tools/testing_framework/guide/development_guide/06_TestFWGuide/02_RequestUnitTest.rst","185","para","0","HttpRequestTestSupport > 事前準備補助機能 > トークン発行","","リクエスト単体実行時に、テストデータ上でトークンを設定するか否かを制御したい場合は、 以下のメソッドを使用する。"
"ja/development_tools/testing_framework/guide/development_guide/06_TestFWGuide/02_RequestUnitTest.rst","188","code","0","HttpRequestTestSupport > 事前準備補助機能 > トークン発行","java",""
"ja/development_tools/testing_framework/guide/development_guide/06_TestFWGuide/02_RequestUnitTest.rst","190","para","0","HttpRequestTestSupport > 事前準備補助機能 > トークン発行","","void setToken(HttpRequest request, ExecutionContext context, boolean valid)"
"ja/development_tools/testing_framework/guide/development_guide/06_TestFWGuide/02_RequestUnitTest.rst","193","para","0","HttpRequestTestSupport > 事前準備補助機能 > トークン発行","","第3引数がbooleanになっており、真の場合は前述のsetValidTokenと同じ動作となる。 偽の場合は、セッションからトークン情報が除去される。以下のように使用することで、 テストクラスにトークンを設定するかどうかの分岐処理を書かなくてすむ。"
"ja/development_tools/testing_framework/guide/development_guide/06_TestFWGuide/02_RequestUnitTest.rst","198","code","0","HttpRequestTestSupport > 事前準備補助機能 > トークン発行","java","// 【説明】テストデータから取得したものとする。
String isTokenValid;
// 【説明】""true""の場合はトークンが設定される。"
"ja/development_tools/testing_framework/guide/development_guide/06_TestFWGuide/02_RequestUnitTest.rst","209","heading","1","","実行",""
"ja/development_tools/testing_framework/guide/development_guide/06_TestFWGuide/02_RequestUnitTest.rst","211","para","0","実行","","HttpRequestTestSupportにある下記のメソッドを呼び出すことで、\ 内蔵サーバが起動されリクエストが送信される。"
"ja/development_tools/testing_framework/guide/development_guide/06_TestFWGuide/02_RequestUnitTest.rst","214","code","0","実行","java",""
"ja/development_tools/testing_framework/guide/development_guide/06_TestFWGuide/02_RequestUnitTest.rst","216","para","0","実行","","HttpResponse execute(String caseName, HttpRequest req, ExecutionContext ctx)"
"ja/development_tools/testing_framework/guide/development_guide/06_TestFWGuide/02_RequestUnitTest.rst","219","para","0","実行","","引数には以下の値を引き渡す。"
"ja/development_tools/testing_framework/guide/development_guide/06_TestFWGuide/02_RequestUnitTest.rst","221","para","0","実行","","* テストケース説明 * HttpRequest * ExectionContext"
"ja/development_tools/testing_framework/guide/development_guide/06_TestFWGuide/02_RequestUnitTest.rst","225","para","0","実行","","テストケース説明は、HTMLダンプ出力時のファイル名に使用される。 詳細は :ref:`dump-dir-label` を参照。"
"ja/development_tools/testing_framework/guide/development_guide/06_TestFWGuide/02_RequestUnitTest.rst","233","heading","2","実行","システムリポジトリの初期化",""
"ja/development_tools/testing_framework/guide/development_guide/06_TestFWGuide/02_RequestUnitTest.rst","235","para","0","実行 > システムリポジトリの初期化","","executeメソッド内部では、システムリポジトリの再初期化を行っている。\ これにより、クラス単体テストとリクエスト単体テストで設定を分けずに連続実行できる。"
"ja/development_tools/testing_framework/guide/development_guide/06_TestFWGuide/02_RequestUnitTest.rst","238","para","0","実行 > システムリポジトリの初期化","","* 現在のシステムリポジトリの状態をバックアップ * テスト対象のウェブアプリケーションのコンポーネント設定ファイルを用いてシステムリポジトリを再初期化 * executeメソッド終了時に、バックアップしたシステムリポジトリを復元する。"
"ja/development_tools/testing_framework/guide/development_guide/06_TestFWGuide/02_RequestUnitTest.rst","243","para","0","実行 > システムリポジトリの初期化","","テスト対象のウェブアプリケーションに関する設定については、\ :ref:`howToConfigureRequestUnitTestEnv`\ を参照。"
"ja/development_tools/testing_framework/guide/development_guide/06_TestFWGuide/02_RequestUnitTest.rst","249","heading","1","","結果確認",""
"ja/development_tools/testing_framework/guide/development_guide/06_TestFWGuide/02_RequestUnitTest.rst","253","heading","2","結果確認","メッセージ",""
"ja/development_tools/testing_framework/guide/development_guide/06_TestFWGuide/02_RequestUnitTest.rst","255","para","0","結果確認 > メッセージ","","HttpRequestTestSupportにある下記のメソッドを呼び出すことで、\ アプリケーション例外に格納されたメッセージが想定通りであることを確認する。"
"ja/development_tools/testing_framework/guide/development_guide/06_TestFWGuide/02_RequestUnitTest.rst","258","code","0","結果確認 > メッセージ","java",""
"ja/development_tools/testing_framework/guide/development_guide/06_TestFWGuide/02_RequestUnitTest.rst","261","para","0","結果確認 > メッセージ","","void assertApplicationMessageId(String expectedCommaSeparated, ExecutionContext actual);"
"ja/development_tools/testing_framework/guide/development_guide/06_TestFWGuide/02_RequestUnitTest.rst","264","para","0","結果確認 > メッセージ","","引数には、以下の値を引き渡す。"
"ja/development_tools/testing_framework/guide/development_guide/06_TestFWGuide/02_RequestUnitTest.rst","266","para","0","結果確認 > メッセージ","","* 期待するメッセージ（複数ある場合はカンマ区切りで指定する。） * 先に作成したExectionContext"
"ja/development_tools/testing_framework/guide/development_guide/06_TestFWGuide/02_RequestUnitTest.rst","270","para","0","結果確認 > メッセージ","","例外が発生しなかった場合や、アプリケーション例外以外の例外が発生した場合は、\ アサート失敗となる。"
"ja/development_tools/testing_framework/guide/development_guide/06_TestFWGuide/02_RequestUnitTest.rst","274","admonition","0","結果確認 > メッセージ","tip",""
"ja/development_tools/testing_framework/guide/development_guide/06_TestFWGuide/02_RequestUnitTest.rst","275","para","0","結果確認 > メッセージ","","メッセージIDの比較はIDをソートした状態で行うので、テストデータを記載する際に 順序を気にする必要はない。"
"ja/development_tools/testing_framework/guide/development_guide/06_TestFWGuide/02_RequestUnitTest.rst","281","heading","1","","HTMLダンプ出力",""
"ja/development_tools/testing_framework/guide/development_guide/06_TestFWGuide/02_RequestUnitTest.rst","286","heading","2","HTMLダンプ出力","HTMLダンプ出力ディレクトリ",""
"ja/development_tools/testing_framework/guide/development_guide/06_TestFWGuide/02_RequestUnitTest.rst","288","para","0","HTMLダンプ出力 > HTMLダンプ出力ディレクトリ","","テストを実行すると、テスト用プロジェクトのルートディレクトリにtmp/html_dumpディレクトリが作成される。 その配下にテストクラス毎に同名のディレクトリが作成され、 そのテストクラスで実行されたテストケース説明と同名のHTMLダンプファイルが出力される。"
"ja/development_tools/testing_framework/guide/development_guide/06_TestFWGuide/02_RequestUnitTest.rst","292","para","0","HTMLダンプ出力 > HTMLダンプ出力ディレクトリ","","また、HTMLダンプファイルが参照するHTMLリソース（スタイルシートや画像などのリソース）についても このディレクトリに出力されるので、このディレクトリを保存することで、どの環境でもHTMLを同じように参照できる。"
"ja/development_tools/testing_framework/guide/development_guide/06_TestFWGuide/02_RequestUnitTest.rst","295","para","0","HTMLダンプ出力 > HTMLダンプ出力ディレクトリ","","* html_dumpディレクトリが既に存在する場合は、html_dump_bkという名前でバックアップされる。"
"ja/development_tools/testing_framework/guide/development_guide/06_TestFWGuide/02_RequestUnitTest.rst","298","figure","0","HTMLダンプ出力 > HTMLダンプ出力ディレクトリ","","./_images/htmlDumpDir.png"
"ja/development_tools/testing_framework/guide/development_guide/06_TestFWGuide/02_RequestUnitTest.rst","305","heading","2","HTMLダンプ出力","各種設定値",""
"ja/development_tools/testing_framework/guide/development_guide/06_TestFWGuide/02_RequestUnitTest.rst","307","para","0","HTMLダンプ出力 > 各種設定値","","環境設定に依存する設定値については、コンポーネント設定ファイルで変更できる。\ 設定可能な項目を以下に示す。"
"ja/development_tools/testing_framework/guide/development_guide/06_TestFWGuide/02_RequestUnitTest.rst","311","heading","1","","コンポーネント設定ファイル設定項目一覧",""
"ja/development_tools/testing_framework/guide/development_guide/06_TestFWGuide/02_RequestUnitTest.rst","313","table","0","コンポーネント設定ファイル設定項目一覧","","設定項目名 | 説明 | デフォルト値"
"ja/development_tools/testing_framework/guide/development_guide/06_TestFWGuide/02_RequestUnitTest.rst","397","para","0","コンポーネント設定ファイル設定項目一覧","","PJ共通のwebモジュールが存在する場合、このプロパティにカンマ区切りでディレクトリを設定する。 複数指定された場合、先頭から順にリソースが読み込まれる。"
"ja/development_tools/testing_framework/guide/development_guide/06_TestFWGuide/02_RequestUnitTest.rst","400","para","0","コンポーネント設定ファイル設定項目一覧","","以下に例を示す。"
"ja/development_tools/testing_framework/guide/development_guide/06_TestFWGuide/02_RequestUnitTest.rst","402","code","0","コンポーネント設定ファイル設定項目一覧","xml","<component name=""httpTestConfiguration"" class=""nablarch.test.core.http.HttpTestConfiguration"">
<property name=""webBaseDir"" value=""/path/to/web-a/,/path/to/web-common""/>"
"ja/development_tools/testing_framework/guide/development_guide/06_TestFWGuide/02_RequestUnitTest.rst","407","para","0","コンポーネント設定ファイル設定項目一覧","","この場合、web-a、web-commonの順にリソースが探索される。"
"ja/development_tools/testing_framework/guide/development_guide/06_TestFWGuide/02_RequestUnitTest.rst","410","para","0","コンポーネント設定ファイル設定項目一覧","","この項目を設定した場合は、リクエスト送信直前に指定されたコンポーネント設定ファイルで初期化が行われる。\ 通常は設定する必要はない。\ クラス単体テストとリクエスト単体テストとで設定を変える必要がある場合のみ、この項目を設定する。\"
"ja/development_tools/testing_framework/guide/development_guide/06_TestFWGuide/02_RequestUnitTest.rst","417","heading","1","","コンポーネント設定ファイルの記述例",""
"ja/development_tools/testing_framework/guide/development_guide/06_TestFWGuide/02_RequestUnitTest.rst","419","para","0","コンポーネント設定ファイルの記述例","","コンポーネント設定ファイル記述例を記載する。 設定値には、上記のデフォルト値に加え、セッション(sessionInfo)に以下の値を設定している。"
"ja/development_tools/testing_framework/guide/development_guide/06_TestFWGuide/02_RequestUnitTest.rst","423","table","0","コンポーネント設定ファイルの記述例","","キー | 値 | 説明"
"ja/development_tools/testing_framework/guide/development_guide/06_TestFWGuide/02_RequestUnitTest.rst","431","code","0","コンポーネント設定ファイルの記述例","xml","<component name=""httpTestConfiguration"" class=""nablarch.test.core.http.HttpTestConfiguration"">
<property name=""htmlDumpDir"" value=""./tmp/html_dump""/>
<property name=""webBaseDir"" value=""../main/web""/>"
"ja/development_tools/testing_framework/guide/development_guide/06_TestFWGuide/02_RequestUnitTest.rst","473","heading","1","","その他の設定",""
"ja/development_tools/testing_framework/guide/development_guide/06_TestFWGuide/02_RequestUnitTest.rst","475","para","0","その他の設定","","性能が高くないPCで開発をしており、リクエスト単体テスト実行速度を向上させたい場合は、\ 以下の設定をすることで実行速度の改善が見込まれる。"
"ja/development_tools/testing_framework/guide/development_guide/06_TestFWGuide/02_RequestUnitTest.rst","478","admonition","0","その他の設定","tip",""
"ja/development_tools/testing_framework/guide/development_guide/06_TestFWGuide/02_RequestUnitTest.rst","479","para","0","その他の設定","","Pentium4、Pentinum Dual-Core等の処理性能が低いCPUを搭載したPCに効果がある。\ 逆に、これら以降のCPUを搭載したマシンでは、それほど効果的ではないので無理に設定する必要はない。"
"ja/development_tools/testing_framework/guide/development_guide/06_TestFWGuide/02_RequestUnitTest.rst","484","heading","2","その他の設定","JVMオプションの指定",""
"ja/development_tools/testing_framework/guide/development_guide/06_TestFWGuide/02_RequestUnitTest.rst","486","para","0","その他の設定 > JVMオプションの指定","","最大ヒープサイズと最小ヒープサイズを同一の値にすることで、\ ヒープサイズ拡張のオーバヘッドを回避できる。"
"ja/development_tools/testing_framework/guide/development_guide/06_TestFWGuide/02_RequestUnitTest.rst","489","para","0","その他の設定 > JVMオプションの指定","",":strong:`-Xms256m -Xmx256m`"
"ja/development_tools/testing_framework/guide/development_guide/06_TestFWGuide/02_RequestUnitTest.rst","492","para","0","その他の設定 > JVMオプションの指定","","また、クラスファイルの検証を省略することで実行速度が向上する。"
"ja/development_tools/testing_framework/guide/development_guide/06_TestFWGuide/02_RequestUnitTest.rst","494","para","0","その他の設定 > JVMオプションの指定","",":strong:`-Xverfiy:none`"
"ja/development_tools/testing_framework/guide/development_guide/06_TestFWGuide/02_RequestUnitTest.rst","497","para","0","その他の設定 > JVMオプションの指定","","Eclipseでの設定方法は以下のとおり。"
"ja/development_tools/testing_framework/guide/development_guide/06_TestFWGuide/02_RequestUnitTest.rst","499","para","0","その他の設定 > JVMオプションの指定","","* メニューバーより「実行」→「実行構成」を選択する。"
"ja/development_tools/testing_framework/guide/development_guide/06_TestFWGuide/02_RequestUnitTest.rst","501","para","0","その他の設定 > JVMオプションの指定","","* 「実行構成」ウィンドウが表示されるので、「引数」タブをクリックし、「VM引数」欄に前述のオプションを指定する。"
"ja/development_tools/testing_framework/guide/development_guide/06_TestFWGuide/02_RequestUnitTest.rst","503","figure","0","その他の設定 > JVMオプションの指定","","./_images/vmoptions.png"
"ja/development_tools/testing_framework/guide/development_guide/06_TestFWGuide/02_RequestUnitTest.rst","505","para","0","その他の設定 > JVMオプションの指定","","また、実行構成を変更しなくても、以下の方法でデフォルトのVM引数を設定できる。"
"ja/development_tools/testing_framework/guide/development_guide/06_TestFWGuide/02_RequestUnitTest.rst","507","para","0","その他の設定 > JVMオプションの指定","","* メニューバーより「ウィンドウ」→「設定」を選択する。 「設定」ウィンドウが表示されるので、「インストール済みのJRE」をする。"
"ja/development_tools/testing_framework/guide/development_guide/06_TestFWGuide/02_RequestUnitTest.rst","509","para","0","その他の設定 > JVMオプションの指定","","* インストール済みのJREの一覧が表示されるので、使用するJREを選択し「編集」ボタンを押下する。"
"ja/development_tools/testing_framework/guide/development_guide/06_TestFWGuide/02_RequestUnitTest.rst","511","figure","0","その他の設定 > JVMオプションの指定","","./_images/installed_jre.png"
"ja/development_tools/testing_framework/guide/development_guide/06_TestFWGuide/02_RequestUnitTest.rst","513","para","0","その他の設定 > JVMオプションの指定","","* 「VM引数」欄に前述のオプションを指定する。"
"ja/development_tools/testing_framework/guide/development_guide/06_TestFWGuide/02_RequestUnitTest.rst","515","figure","0","その他の設定 > JVMオプションの指定","","./_images/edit_jre.png"
"ja/development_tools/testing_framework/guide/development_guide/06_TestFWGuide/02_RequestUnitTest.rst","518","heading","2","その他の設定","HTMLリソースコピーの抑止",""
"ja/development_tools/testing_framework/guide/development_guide/06_TestFWGuide/02_RequestUnitTest.rst","520","para","0","その他の設定 > HTMLリソースコピーの抑止","","リクエスト単体実行時に、以下のシステムプロパティを指定すると、 :ref:`HTMLダンプ出力<dump-dir-label>` 時に、HTMLリソースコピーを抑止できる。"
"ja/development_tools/testing_framework/guide/development_guide/06_TestFWGuide/02_RequestUnitTest.rst","522","para","0","その他の設定 > HTMLリソースコピーの抑止","",":strong:`-Dnablarch.test.skip-resource-copy=true`"
"ja/development_tools/testing_framework/guide/development_guide/06_TestFWGuide/02_RequestUnitTest.rst","527","para","0","その他の設定 > HTMLリソースコピーの抑止","","CSSや画像ファイルなど静的なHTMLリソースを頻繁に編集しない場合は、 テスト実行の度にHTMLリソースをコピーする必要はないので、 このシステムプロパティを設定してもよい。"
"ja/development_tools/testing_framework/guide/development_guide/06_TestFWGuide/02_RequestUnitTest.rst","532","admonition","0","その他の設定 > HTMLリソースコピーの抑止","important","本システムプロパティを指定した場合、HTMLリソースのコピーが行われなくなるので、 CSSなどのHTMLリソースを編集しても\ :ref:`HTMLダンプ出力<"
"ja/development_tools/testing_framework/guide/development_guide/06_TestFWGuide/02_RequestUnitTest.rst","537","admonition","0","その他の設定 > HTMLリソースコピーの抑止","tip","HTMLリソースディレクトリが存在しない場合は、システムプロパティの設定有無に関わらず、\ HTMLリソースのコピーが実行される。"
"ja/development_tools/testing_framework/guide/development_guide/06_TestFWGuide/02_RequestUnitTest.rst","542","para","0","その他の設定 > HTMLリソースコピーの抑止","","Eclipseでの設定方法は以下のとおり。"
"ja/development_tools/testing_framework/guide/development_guide/06_TestFWGuide/02_RequestUnitTest.rst","544","para","0","その他の設定 > HTMLリソースコピーの抑止","","* メニューバーより「実行」→「実行構成」を選択する。"
"ja/development_tools/testing_framework/guide/development_guide/06_TestFWGuide/02_RequestUnitTest.rst","546","para","0","その他の設定 > HTMLリソースコピーの抑止","","* 「実行構成」ウィンドウが表示されるので、「引数」タブをクリックし、「VM引数」欄に前述のオプションを指定する。"
"ja/development_tools/testing_framework/guide/development_guide/06_TestFWGuide/02_RequestUnitTest.rst","548","figure","0","その他の設定 > HTMLリソースコピーの抑止","","./_images/skip_resource_copy.png"
"ja/development_tools/testing_framework/guide/development_guide/06_TestFWGuide/02_RequestUnitTest.rst","552","para","0","その他の設定 > HTMLリソースコピーの抑止","","<br />"
"ja/development_tools/testing_framework/guide/development_guide/06_TestFWGuide/03_Tips.rst","4","heading","1","","目的別API使用方法",""
"ja/development_tools/testing_framework/guide/development_guide/06_TestFWGuide/03_Tips.rst","6","para","0","目的別API使用方法","","目的別のAPIの使用方法について説明する。"
"ja/development_tools/testing_framework/guide/development_guide/06_TestFWGuide/03_Tips.rst","9","para","0","目的別API使用方法","","* :ref:`how_to_get_data_from_excel` * :ref:`how_to_run_the_same_test` * :ref:`tips_groupId` * :ref:`how_to_fix_date` * :ref:`how_to_numbering_sequence` * :ref:`"
"ja/development_tools/testing_framework/guide/development_guide/06_TestFWGuide/03_Tips.rst","30","heading","2","目的別API使用方法","テストデータファイルから、入力パラメータや戻り値に対する期待値などを取得したい",""
"ja/development_tools/testing_framework/guide/development_guide/06_TestFWGuide/03_Tips.rst","33","para","0","目的別API使用方法 > テストデータファイルから、入力パラメータや戻り値に対する期待値などを取得したい","","テスト対象クラスのメソッドを呼び出す際の引数や、メソッドの戻り値をテストデータファイルに記載しておくことができる。 記載したデータは、List-Map形式（List<Map<String, String>>の形式）で取得できる。"
"ja/development_tools/testing_framework/guide/development_guide/06_TestFWGuide/03_Tips.rst","36","para","0","目的別API使用方法 > テストデータファイルから、入力パラメータや戻り値に対する期待値などを取得したい","","この形式でデータを取得する場合は、データタイプLIST_MAPを使用する。 LIST_MAP=<シート内で一意になるID（任意の文字列）>"
"ja/development_tools/testing_framework/guide/development_guide/06_TestFWGuide/03_Tips.rst","39","para","0","目的別API使用方法 > テストデータファイルから、入力パラメータや戻り値に対する期待値などを取得したい","","データの2行目はMapのKeyと解釈される。 データの3行目以降はMapのValueと解釈される。"
"ja/development_tools/testing_framework/guide/development_guide/06_TestFWGuide/03_Tips.rst","42","para","0","目的別API使用方法 > テストデータファイルから、入力パラメータや戻り値に対する期待値などを取得したい","","以下のメソッドにより、Map形式またはList-Map形式で、テストデータファイルよりデータを取得できる。 第1引数にはシート名、第2引数にはIDを指定する。"
"ja/development_tools/testing_framework/guide/development_guide/06_TestFWGuide/03_Tips.rst","45","para","0","目的別API使用方法 > テストデータファイルから、入力パラメータや戻り値に対する期待値などを取得したい","","* ``TestSupport#getListMap(String sheetName, String id)`` * ``DbAccessTestSupport#getListMap(String sheetName, String id)``"
"ja/development_tools/testing_framework/guide/development_guide/06_TestFWGuide/03_Tips.rst","49","heading","1","","テストソースコード実装例",""
"ja/development_tools/testing_framework/guide/development_guide/06_TestFWGuide/03_Tips.rst","51","code","0","テストソースコード実装例","java","public class EmployeeComponentTest extends DbAccessTestSupport {
@Test
public void testGetName() {"
"ja/development_tools/testing_framework/guide/development_guide/06_TestFWGuide/03_Tips.rst","77","heading","1","","テストデータファイル記述例",""
"ja/development_tools/testing_framework/guide/development_guide/06_TestFWGuide/03_Tips.rst","79","para","0","テストデータファイル記述例","","LIST_MAP=parameters"
"ja/development_tools/testing_framework/guide/development_guide/06_TestFWGuide/03_Tips.rst","81","table","0","テストデータファイル記述例","","empNo | expected"
"ja/development_tools/testing_framework/guide/development_guide/06_TestFWGuide/03_Tips.rst","88","para","0","テストデータファイル記述例","","上記の表で取得可能なオブジェクトは、以下のコードで取得できるListと等価である。"
"ja/development_tools/testing_framework/guide/development_guide/06_TestFWGuide/03_Tips.rst","90","code","0","テストデータファイル記述例","java",""
"ja/development_tools/testing_framework/guide/development_guide/06_TestFWGuide/03_Tips.rst","92","para","0","テストデータファイル記述例","","List<Map<String, String>> list = new ArrayList<Map<String, String>>(); Map<String, String> first = new HashMap<String, String>(); first.put(""empNo"",""00001""); fi"
"ja/development_tools/testing_framework/guide/development_guide/06_TestFWGuide/03_Tips.rst","108","heading","2","テストデータファイル記述例","同じテストメソッドをテストデータを変えて実行したい",""
"ja/development_tools/testing_framework/guide/development_guide/06_TestFWGuide/03_Tips.rst","110","para","0","テストデータファイル記述例 > 同じテストメソッドをテストデータを変えて実行したい","","同じテストメソッドをテストデータを変えて実行したい場合、前述のList-Map取得メソッドを使用して テストをループさせる。これにより、テストデータを追加するだけで、データバリエーションを増やすことができる。"
"ja/development_tools/testing_framework/guide/development_guide/06_TestFWGuide/03_Tips.rst","113","para","0","テストデータファイル記述例 > 同じテストメソッドをテストデータを変えて実行したい","","以下の例では、前述のList-Map形式を使用して複数のテストを１つのメソッドで実行している。"
"ja/development_tools/testing_framework/guide/development_guide/06_TestFWGuide/03_Tips.rst","116","heading","1","","テストソースコード実装例",""
"ja/development_tools/testing_framework/guide/development_guide/06_TestFWGuide/03_Tips.rst","118","code","0","テストソースコード実装例","java","public class EmployeeComponentTest extends DbAccessTestSupport {
@Test
public void testSelectByPk() {"
"ja/development_tools/testing_framework/guide/development_guide/06_TestFWGuide/03_Tips.rst","146","heading","1","","テストデータファイル記述例",""
"ja/development_tools/testing_framework/guide/development_guide/06_TestFWGuide/03_Tips.rst","149","para","0","テストデータファイル記述例","","// ループさせるデータ"
"ja/development_tools/testing_framework/guide/development_guide/06_TestFWGuide/03_Tips.rst","151","para","0","テストデータファイル記述例","","LIST_MAP=parameters"
"ja/development_tools/testing_framework/guide/development_guide/06_TestFWGuide/03_Tips.rst","153","table","0","テストデータファイル記述例","","empNo | expectedDataId"
"ja/development_tools/testing_framework/guide/development_guide/06_TestFWGuide/03_Tips.rst","161","para","0","テストデータファイル記述例","","// データベースの準備データ"
"ja/development_tools/testing_framework/guide/development_guide/06_TestFWGuide/03_Tips.rst","163","para","0","テストデータファイル記述例","","SETUP_TABLE=EMPLOYEE"
"ja/development_tools/testing_framework/guide/development_guide/06_TestFWGuide/03_Tips.rst","165","table","0","テストデータファイル記述例","","NO | NAME"
"ja/development_tools/testing_framework/guide/development_guide/06_TestFWGuide/03_Tips.rst","173","para","0","テストデータファイル記述例","","// 期待するデータその１"
"ja/development_tools/testing_framework/guide/development_guide/06_TestFWGuide/03_Tips.rst","175","para","0","テストデータファイル記述例","","LIST_MAP=expected01"
"ja/development_tools/testing_framework/guide/development_guide/06_TestFWGuide/03_Tips.rst","177","table","0","テストデータファイル記述例","","NO | NAME"
"ja/development_tools/testing_framework/guide/development_guide/06_TestFWGuide/03_Tips.rst","184","para","0","テストデータファイル記述例","","// 期待するデータその２"
"ja/development_tools/testing_framework/guide/development_guide/06_TestFWGuide/03_Tips.rst","186","para","0","テストデータファイル記述例","","LIST_MAP=expected02"
"ja/development_tools/testing_framework/guide/development_guide/06_TestFWGuide/03_Tips.rst","188","table","0","テストデータファイル記述例","","NO | NAME"
"ja/development_tools/testing_framework/guide/development_guide/06_TestFWGuide/03_Tips.rst","196","admonition","0","テストデータファイル記述例","important",""
"ja/development_tools/testing_framework/guide/development_guide/06_TestFWGuide/03_Tips.rst","197","para","0","テストデータファイル記述例","","更新系のテストを行う場合は、ループ内でsetUpDbメソッドを呼び出すこと。 そうでないと、テストの成否がデータの順番に依存してしまうからである。"
"ja/development_tools/testing_framework/guide/development_guide/06_TestFWGuide/03_Tips.rst","204","heading","2","テストデータファイル記述例","一つのシートに複数テストケースのデータを記載したい",""
"ja/development_tools/testing_framework/guide/development_guide/06_TestFWGuide/03_Tips.rst","206","para","0","テストデータファイル記述例 > 一つのシートに複数テストケースのデータを記載したい","","１つのテスト対象メソッドに対して多くのテストケースが存在する場合、 １シート１テストケースという書き方をすると、シート数が増加して保守容易性が落ちることが懸念される。"
"ja/development_tools/testing_framework/guide/development_guide/06_TestFWGuide/03_Tips.rst","209","para","0","テストデータファイル記述例 > 一つのシートに複数テストケースのデータを記載したい","","テーブルデータをグルーピングするための情報（グループID）を付与することで、複数テストケースのデータをひとつのシートに混在させることができる。"
"ja/development_tools/testing_framework/guide/development_guide/06_TestFWGuide/03_Tips.rst","211","para","0","テストデータファイル記述例 > 一つのシートに複数テストケースのデータを記載したい","","サポートされるデータタイプは以下の通り。"
"ja/development_tools/testing_framework/guide/development_guide/06_TestFWGuide/03_Tips.rst","213","para","0","テストデータファイル記述例 > 一つのシートに複数テストケースのデータを記載したい","","* EXPECTED_TABLE * SETUP_TABLE"
"ja/development_tools/testing_framework/guide/development_guide/06_TestFWGuide/03_Tips.rst","217","para","0","テストデータファイル記述例 > 一つのシートに複数テストケースのデータを記載したい","","書式は以下の通り。"
"ja/development_tools/testing_framework/guide/development_guide/06_TestFWGuide/03_Tips.rst","219","para","0","テストデータファイル記述例 > 一つのシートに複数テストケースのデータを記載したい","","データタイプ[グループID]=テーブル名"
"ja/development_tools/testing_framework/guide/development_guide/06_TestFWGuide/03_Tips.rst","222","para","0","テストデータファイル記述例 > 一つのシートに複数テストケースのデータを記載したい","","例えば、2種類のテストケースのデータ(case_001,case_002)を混在させる場合は、以下のように記載する。"
"ja/development_tools/testing_framework/guide/development_guide/06_TestFWGuide/03_Tips.rst","224","para","0","テストデータファイル記述例 > 一つのシートに複数テストケースのデータを記載したい","","テストクラス側では、前述のAPIと同名のオーバーロードメソッドに引数グループIDを渡す。 これにより、指定したグループIDのデータのみを処理対象にできる。"
"ja/development_tools/testing_framework/guide/development_guide/06_TestFWGuide/03_Tips.rst","230","heading","1","","テストソースコード実装例",""
"ja/development_tools/testing_framework/guide/development_guide/06_TestFWGuide/03_Tips.rst","232","code","0","テストソースコード実装例","java","// DBにデータ登録（グループIDが""case_001""のものだけ登録対象になる）
setUpDb(""testUpdate"", ""case_001"");
// 結果確認（グループIDが""case_001""のものだけassert対象になる）"
"ja/development_tools/testing_framework/guide/development_guide/06_TestFWGuide/03_Tips.rst","244","heading","1","","テストデータファイル記述例",""
"ja/development_tools/testing_framework/guide/development_guide/06_TestFWGuide/03_Tips.rst","246","para","0","テストデータファイル記述例","","// ケース001:従業員の所属を変更する。"
"ja/development_tools/testing_framework/guide/development_guide/06_TestFWGuide/03_Tips.rst","248","para","0","テストデータファイル記述例","","SETUP_TABLE[case_001]=EMPLOYEE_TABLE"
"ja/development_tools/testing_framework/guide/development_guide/06_TestFWGuide/03_Tips.rst","250","table","0","テストデータファイル記述例","","ID | EMP_NAME | DEPT_CODE"
"ja/development_tools/testing_framework/guide/development_guide/06_TestFWGuide/03_Tips.rst","259","para","0","テストデータファイル記述例","","EXPECTED_TABLE[case_001]=EMPLOYEE_TABLE"
"ja/development_tools/testing_framework/guide/development_guide/06_TestFWGuide/03_Tips.rst","261","table","0","テストデータファイル記述例","","ID | EMP_NAME | DEPT_CODE"
"ja/development_tools/testing_framework/guide/development_guide/06_TestFWGuide/03_Tips.rst","270","para","0","テストデータファイル記述例","","// ケース002:従業員の氏名を変更する。"
"ja/development_tools/testing_framework/guide/development_guide/06_TestFWGuide/03_Tips.rst","272","para","0","テストデータファイル記述例","","SETUP_TABLE[case_002]=EMPLOYEE_TABLE"
"ja/development_tools/testing_framework/guide/development_guide/06_TestFWGuide/03_Tips.rst","274","table","0","テストデータファイル記述例","","ID | EMP_NAME | DEPT_CODE"
"ja/development_tools/testing_framework/guide/development_guide/06_TestFWGuide/03_Tips.rst","283","para","0","テストデータファイル記述例","","EXPECTED_TABLE[case_002]=EMPLOYEE_TABLE"
"ja/development_tools/testing_framework/guide/development_guide/06_TestFWGuide/03_Tips.rst","285","table","0","テストデータファイル記述例","","ID | EMP_NAME | DEPT_CODE"
"ja/development_tools/testing_framework/guide/development_guide/06_TestFWGuide/03_Tips.rst","294","heading","1","","注意事項",""
"ja/development_tools/testing_framework/guide/development_guide/06_TestFWGuide/03_Tips.rst","296","para","0","注意事項","","複数のグループIDのデータを記述する際は、 :ref:`auto-test-framework_multi-datatype` のようにグループIDごとにまとめて記述すること。 グループIDごとにまとめて記述しないとデータの読み込みが途中で終了しテストが正しく実行されない。"
"ja/development_tools/testing_framework/guide/development_guide/06_TestFWGuide/03_Tips.rst","303","heading","2","注意事項","システム日時を任意の値に固定したい",""
"ja/development_tools/testing_framework/guide/development_guide/06_TestFWGuide/03_Tips.rst","304","para","0","注意事項 > システム日時を任意の値に固定したい","","登録日時や更新日時などのシステム日付を設定する項目の場合、普通にテストを実行すると日によって想定結果が変わるため、自動テストで設定値が正しいことを確認できない。 そこで、本フレームワークではシステム日付に固定値を設定する機能を提供する。この機能を使用することにより、システム日付を設定する項目も自動テストで設定値が正しい"
"ja/development_tools/testing_framework/guide/development_guide/06_TestFWGuide/03_Tips.rst","307","para","0","注意事項 > システム日時を任意の値に固定したい","","Nablarch Application Frameworkでは、SystemTimeProviderインタフェースの実装クラスがシステム日時を提供する。この実装クラスを、固定値を返すテスト用クラスに差し替えることにより、任意のシステム日時を返すことができる。"
"ja/development_tools/testing_framework/guide/development_guide/06_TestFWGuide/03_Tips.rst","311","heading","1","","設定ファイル例",""
"ja/development_tools/testing_framework/guide/development_guide/06_TestFWGuide/03_Tips.rst","313","para","0","設定ファイル例","","コンポーネント設定ファイルにて、SystemTimeProviderインタフェースの実装クラスを指定する箇所に FixedSystemTimeProviderを指定し、そのプロパティに任意の日時を設定する。 例えば、システム日時を2010年9月14日12時34分56秒とする場合は以下のように設定する。"
"ja/development_tools/testing_framework/guide/development_guide/06_TestFWGuide/03_Tips.rst","317","code","0","設定ファイル例","xml",""
"ja/development_tools/testing_framework/guide/development_guide/06_TestFWGuide/03_Tips.rst","319","para","0","設定ファイル例","","<component name=""systemTimeProvider"" class=""nablarch.test.FixedSystemTimeProvider""> <property name=""fixedDate"" value=""20100913123456"" /> </component>"
"ja/development_tools/testing_framework/guide/development_guide/06_TestFWGuide/03_Tips.rst","326","table","0","設定ファイル例","","property名 | 設定内容"
"ja/development_tools/testing_framework/guide/development_guide/06_TestFWGuide/03_Tips.rst","334","code","0","設定ファイル例","java","// システム日時を取得
SystemTimeProvider provider = (SystemTimeProvider) SystemRepository.getObject(""systemTimeProvider"");
Date now = provider.getDate();"
"ja/development_tools/testing_framework/guide/development_guide/06_TestFWGuide/03_Tips.rst","345","heading","2","設定ファイル例","シーケンスオブジェクトを使った採番のテストをしたい",""
"ja/development_tools/testing_framework/guide/development_guide/06_TestFWGuide/03_Tips.rst","346","para","0","設定ファイル例 > シーケンスオブジェクトを使った採番のテストをしたい","","シーケンスオブジェクトを使用して値の採番処理を行った場合、次に採番される値が事前に予測できないため期待値を設定できない。 そこで、本フレームワークではシーケンスオブジェクトを使用した採番処理を設定ファイルの変更のみでテーブル採番に置き換える機能を提供する。 この機能を使用することで、正しく採番処理を行なっていることを確"
"ja/development_tools/testing_framework/guide/development_guide/06_TestFWGuide/03_Tips.rst","350","para","0","設定ファイル例 > シーケンスオブジェクトを使った採番のテストをしたい","","手順は以下のとおり。"
"ja/development_tools/testing_framework/guide/development_guide/06_TestFWGuide/03_Tips.rst","352","para","0","設定ファイル例 > シーケンスオブジェクトを使った採番のテストをしたい","","| ① 準備データをテーブルにセットアップする。 | ② 期待値はテーブルに設定した値を元に設定する。"
"ja/development_tools/testing_framework/guide/development_guide/06_TestFWGuide/03_Tips.rst","355","para","0","設定ファイル例 > シーケンスオブジェクトを使った採番のテストをしたい","","以下に設定例及び使用例を示す。"
"ja/development_tools/testing_framework/guide/development_guide/06_TestFWGuide/03_Tips.rst","358","heading","1","","設定ファイルの例",""
"ja/development_tools/testing_framework/guide/development_guide/06_TestFWGuide/03_Tips.rst","359","para","0","設定ファイルの例","","この例では、下記のように本番用の設定ファイルにシーケンスオブジェクトの採番定義がされているとする。"
"ja/development_tools/testing_framework/guide/development_guide/06_TestFWGuide/03_Tips.rst","361","code","0","設定ファイルの例","xml","<!-- シーケンスオブジェクトを使用した採番設定 -->
<component name=""idGenerator"" class=""nablarch.common.idgenerator.OracleSequenceIdGenerator"">
<property name=""idTable"">"
"ja/development_tools/testing_framework/guide/development_guide/06_TestFWGuide/03_Tips.rst","375","para","0","設定ファイルの例","","この場合、テスト用の設定ファイルでは、上記本番用の設定をテーブル採番用の設定で上書きする。"
"ja/development_tools/testing_framework/guide/development_guide/06_TestFWGuide/03_Tips.rst","377","code","0","設定ファイルの例","xml","<!-- シーケンスオブジェクトの採番設定をテーブルを使用した採番設定に置き換える -->
<component name=""idGenerator"" class=""nablarch.common.idgenerator.FastTableIdGenerator"">
<property name=""tableName"" value=""TEST_SBN_TBL""/>"
"ja/development_tools/testing_framework/guide/development_guide/06_TestFWGuide/03_Tips.rst","387","para","0","設定ファイルの例","",".. tip :: テーブル採番用の設定値の詳細は、\ :java:extdoc:`IdGenerator <nablarch.common.idgenerator.IdGenerator>`\ を参照すること。"
"ja/development_tools/testing_framework/guide/development_guide/06_TestFWGuide/03_Tips.rst","390","heading","1","","テストデータファイル記述例",""
"ja/development_tools/testing_framework/guide/development_guide/06_TestFWGuide/03_Tips.rst","392","para","0","テストデータファイル記述例","","採番対象ID:1101を採番する処理をテストする場合を例に説明する。"
"ja/development_tools/testing_framework/guide/development_guide/06_TestFWGuide/03_Tips.rst","394","para","0","テストデータファイル記述例","","| // 準備データ | // 採番用テーブル | SETUP_TABLE=TEST_SBN_TBL"
"ja/development_tools/testing_framework/guide/development_guide/06_TestFWGuide/03_Tips.rst","398","para","0","テストデータファイル記述例","","=========== ============ ID_COL      NO_COL =========== ============ 1101        100 =========== ============"
"ja/development_tools/testing_framework/guide/development_guide/06_TestFWGuide/03_Tips.rst","404","admonition","0","テストデータファイル記述例","tip",""
"ja/development_tools/testing_framework/guide/development_guide/06_TestFWGuide/03_Tips.rst","405","para","0","テストデータファイル記述例","","採番用テーブルに準備データを設定する。 準備データでは、テスト範囲内で使用する採番対象のレコードのみを設定する。"
"ja/development_tools/testing_framework/guide/development_guide/06_TestFWGuide/03_Tips.rst","408","para","0","テストデータファイル記述例","","| // 期待値 | // 採番用テーブル | EXPECTED_TABLE=TEST_SBN_TBL"
"ja/development_tools/testing_framework/guide/development_guide/06_TestFWGuide/03_Tips.rst","412","para","0","テストデータファイル記述例","","=========== ============ ID_COL      NO_COL =========== ============ 1101        101 =========== ============"
"ja/development_tools/testing_framework/guide/development_guide/06_TestFWGuide/03_Tips.rst","418","para","0","テストデータファイル記述例","","| // 期待値 | // 採番した値が登録されるテーブル(USER_IDに採番された値が登録される。) | EXPECTED_TABLE=USER_INFO"
"ja/development_tools/testing_framework/guide/development_guide/06_TestFWGuide/03_Tips.rst","422","para","0","テストデータファイル記述例","","=========== ============ ============ USER_ID     KANJI_NAME   KANA_NAME =========== ============ ============ 0000000101  漢字名       ｶﾅﾒｲ =========== =========="
"ja/development_tools/testing_framework/guide/development_guide/06_TestFWGuide/03_Tips.rst","428","admonition","0","テストデータファイル記述例","tip",""
"ja/development_tools/testing_framework/guide/development_guide/06_TestFWGuide/03_Tips.rst","429","para","0","テストデータファイル記述例","","本記述例では、テスト内で1度のみ採番処理が行われていることを想定している。 このため、期待値は「準備データの値 + 1」となっている。"
"ja/development_tools/testing_framework/guide/development_guide/06_TestFWGuide/03_Tips.rst","436","heading","2","テストデータファイル記述例","ThreadContextにユーザID、リクエストIDなどを設定したい",""
"ja/development_tools/testing_framework/guide/development_guide/06_TestFWGuide/03_Tips.rst","438","para","0","テストデータファイル記述例 > ThreadContextにユーザID、リクエストIDなどを設定したい","","Nablarch Application Frameworkでは、通常ThreadContextにてユーザIDやリクエストIDがあらかじめ設定されている。データベースアクセスクラスの自動テストを行う場合、フレームワークを経由せず、テストクラスからテスト対象クラスを直接起動するため、ThreadContextには値が設定"
"ja/development_tools/testing_framework/guide/development_guide/06_TestFWGuide/03_Tips.rst","441","para","0","テストデータファイル記述例 > ThreadContextにユーザID、リクエストIDなどを設定したい","","テストデータファイルに設定する値を記述して下記メソッドを呼び出すことで、ThreadContextに値を設定できる。"
"ja/development_tools/testing_framework/guide/development_guide/06_TestFWGuide/03_Tips.rst","443","para","0","テストデータファイル記述例 > ThreadContextにユーザID、リクエストIDなどを設定したい","","* ``TestSupport#setThreadContextValues(String sheetName, String id)`` * ``DbAccessTestSupport#setThreadContextValues(String sheetName, String id)``"
"ja/development_tools/testing_framework/guide/development_guide/06_TestFWGuide/03_Tips.rst","447","admonition","0","テストデータファイル記述例 > ThreadContextにユーザID、リクエストIDなどを設定したい","tip",""
"ja/development_tools/testing_framework/guide/development_guide/06_TestFWGuide/03_Tips.rst","449","para","0","テストデータファイル記述例 > ThreadContextにユーザID、リクエストIDなどを設定したい","","特に自動設定項目を使用してデータベースを登録・更新する際は、ThreadContextにリクエストIDとユーザIDが設定されている必要がある。テスト対象クラス起動前にこれらの値をThreadContextに設定しておくこと。"
"ja/development_tools/testing_framework/guide/development_guide/06_TestFWGuide/03_Tips.rst","454","heading","1","","テストソースコード実装例",""
"ja/development_tools/testing_framework/guide/development_guide/06_TestFWGuide/03_Tips.rst","456","code","0","テストソースコード実装例","java","public class DbAccessTestSample extends DbAccessTestSupport {
// ＜中略＞
@Test"
"ja/development_tools/testing_framework/guide/development_guide/06_TestFWGuide/03_Tips.rst","470","heading","1","","テストデータ記述例",""
"ja/development_tools/testing_framework/guide/development_guide/06_TestFWGuide/03_Tips.rst","472","para","0","テストデータ記述例","","シート[testInsert]に以下のようにデータを記載する。(IDは任意）"
"ja/development_tools/testing_framework/guide/development_guide/06_TestFWGuide/03_Tips.rst","474","para","0","テストデータ記述例","","LIST_MAP=threadContext"
"ja/development_tools/testing_framework/guide/development_guide/06_TestFWGuide/03_Tips.rst","476","table","0","テストデータ記述例","","USER_ID | REQUEST_ID | LANG"
"ja/development_tools/testing_framework/guide/development_guide/06_TestFWGuide/03_Tips.rst","490","heading","2","テストデータ記述例","任意のディレクトリのテストデータファイルを読み込みたい",""
"ja/development_tools/testing_framework/guide/development_guide/06_TestFWGuide/03_Tips.rst","491","para","0","テストデータ記述例 > 任意のディレクトリのテストデータファイルを読み込みたい","","テストソースコードと同じディレクトリに存在するテストデータファイルであれば、 シート名を指定するだけで読み込み可能であるが、別のディレクトリに存在するファイルを 読み込みたい場合は、TestDataParser実装クラスを直接使用することで取得できる。"
"ja/development_tools/testing_framework/guide/development_guide/06_TestFWGuide/03_Tips.rst","495","para","0","テストデータ記述例 > 任意のディレクトリのテストデータファイルを読み込みたい","","""/foo/bar/""に存在するテストデータファイルからデータを読み込む場合の例を以下に示す。"
"ja/development_tools/testing_framework/guide/development_guide/06_TestFWGuide/03_Tips.rst","498","heading","1","","テストソースコード実装例",""
"ja/development_tools/testing_framework/guide/development_guide/06_TestFWGuide/03_Tips.rst","500","code","0","テストソースコード実装例","java","TestDataParser parser = (TestDataParser) SystemRepository.getObject(""testDataParser"");
List<Map<String, String>> list = parser.getListMap(""/foo/bar/Baz.xlsx"", ""sheet001"", ""params"");"
"ja/development_tools/testing_framework/guide/development_guide/06_TestFWGuide/03_Tips.rst","510","heading","2","テストソースコード実装例","テスト実行前後に共通処理を行いたい。",""
"ja/development_tools/testing_framework/guide/development_guide/06_TestFWGuide/03_Tips.rst","512","para","0","テストソースコード実装例 > テスト実行前後に共通処理を行いたい。","","JUnit4で用意されたアノテーション(@Before, @After, @BeforeClass, @AfterClass)を使用することで、 テスト実行前後に共通処理を実行させることができる。"
"ja/development_tools/testing_framework/guide/development_guide/06_TestFWGuide/03_Tips.rst","516","heading","1","","注意事項",""
"ja/development_tools/testing_framework/guide/development_guide/06_TestFWGuide/03_Tips.rst","518","para","0","注意事項","","上記のアノテーションを使用する際は、以下の点に注意すること。"
"ja/development_tools/testing_framework/guide/development_guide/06_TestFWGuide/03_Tips.rst","521","heading","2","注意事項","@BeforeClass, @AfterClass使用時の注意点",""
"ja/development_tools/testing_framework/guide/development_guide/06_TestFWGuide/03_Tips.rst","523","para","0","注意事項 > @BeforeClass, @AfterClass使用時の注意点","","* サブクラスにて、スーパークラスと同名の名前、同じアノテーションを付与のメソッドを作成しないこと。 同名のメソッドに同種のアノテーションを付与した場合、スーパークラスのメソッドは起動されなくなる。"
"ja/development_tools/testing_framework/guide/development_guide/06_TestFWGuide/03_Tips.rst","526","code","0","注意事項 > @BeforeClass, @AfterClass使用時の注意点","java","public class TestSuper {
@BeforeClass
public static void setUpBeforeClass() {"
"ja/development_tools/testing_framework/guide/development_guide/06_TestFWGuide/03_Tips.rst","549","para","0","注意事項 > @BeforeClass, @AfterClass使用時の注意点","","上記のTestSubを実行した場合、「test」と表示される。"
"ja/development_tools/testing_framework/guide/development_guide/06_TestFWGuide/03_Tips.rst","556","heading","2","注意事項","デフォルト以外のトランザクションを使用したい",""
"ja/development_tools/testing_framework/guide/development_guide/06_TestFWGuide/03_Tips.rst","558","para","0","注意事項 > デフォルト以外のトランザクションを使用したい","","データベースアクセスクラスの単体テストを行う場合、テストクラスからデータベースアクセスクラスを起動する。 通常、データベースアクセスクラスではトランザクションを制御しないので、テストクラス側でトランザクションを制御する必要がある。"
"ja/development_tools/testing_framework/guide/development_guide/06_TestFWGuide/03_Tips.rst","561","para","0","注意事項 > デフォルト以外のトランザクションを使用したい","","トランザクション制御は定型処理であるため、テスティングフレームワークにてトランザクションを制御する機構を用意している。プロパティファイルにトランザクション名を記載しておけば、テスティングフレームワークは、テストメソッド実行前にトランザクション開始、テストメソッド終了後にトランザクションを終了する。 この機構を利用するこ"
"ja/development_tools/testing_framework/guide/development_guide/06_TestFWGuide/03_Tips.rst","565","para","0","注意事項 > デフォルト以外のトランザクションを使用したい","","この機能を利用する手順は以下の通り。 * テストクラスにてDbAccessTestSupportを継承する（これにより、スーパークラスの@Before、@Afterメソッドが自動的に呼び出される）。"
"ja/development_tools/testing_framework/guide/development_guide/06_TestFWGuide/03_Tips.rst","573","heading","2","注意事項","本フレームワークのクラスを継承せずに使用したい",""
"ja/development_tools/testing_framework/guide/development_guide/06_TestFWGuide/03_Tips.rst","575","para","0","注意事項 > 本フレームワークのクラスを継承せずに使用したい","","通常、テストクラス作成時は本フレームワークで用意されているスーパークラスを継承すればよいが、 別のクラスを継承しなければならない等の理由で、本フレームワークのスーパークラスを継承できない場合がある。この場合、本フレームワークのスーパークラスをインスタンス化し、処理を委譲することで代替可能である。"
"ja/development_tools/testing_framework/guide/development_guide/06_TestFWGuide/03_Tips.rst","578","para","0","注意事項 > 本フレームワークのクラスを継承せずに使用したい","","委譲を使用する場合、コンストラクタにテストクラス自身のClassインスタンスを渡す必要がある。 また、前処理(@Before)メソッド、後処理(@After)メソッドについては、明示的に呼び出す必要がある。"
"ja/development_tools/testing_framework/guide/development_guide/06_TestFWGuide/03_Tips.rst","582","heading","1","","テストソースコード実装例",""
"ja/development_tools/testing_framework/guide/development_guide/06_TestFWGuide/03_Tips.rst","584","code","0","テストソースコード実装例","java","public class SampleTest extends AnotherSuperClass {
/** DbAccessテストサポート */
private DbAccessTestSupport dbSupport"
"ja/development_tools/testing_framework/guide/development_guide/06_TestFWGuide/03_Tips.rst","621","heading","2","テストソースコード実装例","クラスのプロパティを検証したい",""
"ja/development_tools/testing_framework/guide/development_guide/06_TestFWGuide/03_Tips.rst","622","para","0","テストソースコード実装例 > クラスのプロパティを検証したい","","テスト対象クラスのプロパティの検証を、容易に実装できる。"
"ja/development_tools/testing_framework/guide/development_guide/06_TestFWGuide/03_Tips.rst","624","para","0","テストソースコード実装例 > クラスのプロパティを検証したい","","テストデータの記述方法は、 :ref:`how_to_get_data_from_excel` で記載した方法と同様に記載する。"
"ja/development_tools/testing_framework/guide/development_guide/06_TestFWGuide/03_Tips.rst","626","para","0","テストソースコード実装例 > クラスのプロパティを検証したい","","データの意味は、2行目が プロパティ名、3行目以降が検証時に使用するプロパティの値となる。"
"ja/development_tools/testing_framework/guide/development_guide/06_TestFWGuide/03_Tips.rst","628","para","0","テストソースコード実装例 > クラスのプロパティを検証したい","","以下のメソッドにより、プロパティの持つ値がテストデータファイルに記載したデータとなっていることを検証できる。 第1引数にはエラー時に表示するメッセージ、第2引数にはシート名、第3引数にはID、第4引数に検証対象のクラス、クラスの配列、クラスのリストのいずれかを指定する。"
"ja/development_tools/testing_framework/guide/development_guide/06_TestFWGuide/03_Tips.rst","631","para","0","テストソースコード実装例 > クラスのプロパティを検証したい","","* ``HttpRequestTestSupport#assertObjectPropertyEquals(String message, String sheetName, String id, Object actual)`` * ``HttpRequestTestSupport#assertObjectArray"
"ja/development_tools/testing_framework/guide/development_guide/06_TestFWGuide/03_Tips.rst","637","heading","1","","テストソースコード実装例",""
"ja/development_tools/testing_framework/guide/development_guide/06_TestFWGuide/03_Tips.rst","640","code","0","テストソースコード実装例","java","public class UserUpdateActionRequestTest extends HttpRequestTestSupport {
@Test
public void testRW11AC0301Normal() {"
"ja/development_tools/testing_framework/guide/development_guide/06_TestFWGuide/03_Tips.rst","663","heading","1","","テストデータファイル記述例",""
"ja/development_tools/testing_framework/guide/development_guide/06_TestFWGuide/03_Tips.rst","665","para","0","テストデータファイル記述例","","LIST_MAP=expectedUsers"
"ja/development_tools/testing_framework/guide/development_guide/06_TestFWGuide/03_Tips.rst","667","table","0","テストデータファイル記述例","","kanjiName | kanaName | mailAddress"
"ja/development_tools/testing_framework/guide/development_guide/06_TestFWGuide/03_Tips.rst","678","heading","2","テストデータファイル記述例","テストデータに空白、空文字、改行やnullを記述したい",""
"ja/development_tools/testing_framework/guide/development_guide/06_TestFWGuide/03_Tips.rst","680","para","0","テストデータファイル記述例 > テストデータに空白、空文字、改行やnullを記述したい","",":ref:`special_notation_in_cell` を参照。"
"ja/development_tools/testing_framework/guide/development_guide/06_TestFWGuide/03_Tips.rst","683","para","0","テストデータファイル記述例 > テストデータに空白、空文字、改行やnullを記述したい","","\"
"ja/development_tools/testing_framework/guide/development_guide/06_TestFWGuide/03_Tips.rst","690","heading","2","テストデータファイル記述例","テストデータに空行を記述したい",""
"ja/development_tools/testing_framework/guide/development_guide/06_TestFWGuide/03_Tips.rst","692","para","0","テストデータファイル記述例 > テストデータに空行を記述したい","","可変長ファイルを扱う場合等で、テストデータに空行を含めたい場合がある。 全くの空行は無視されるため、:ref:`special_notation_in_cell` の ダブルクォーテーションを使用して\ ``""""``\ のように空文字列を記述することで、 空行を表すことができる。"
"ja/development_tools/testing_framework/guide/development_guide/06_TestFWGuide/03_Tips.rst","697","para","0","テストデータファイル記述例 > テストデータに空行を記述したい","","以下の例では、2レコード目が空行となる。"
"ja/development_tools/testing_framework/guide/development_guide/06_TestFWGuide/03_Tips.rst","699","para","0","テストデータファイル記述例 > テストデータに空行を記述したい","","**SETUP_VARIABLE=/path/to/file.csv**"
"ja/development_tools/testing_framework/guide/development_guide/06_TestFWGuide/03_Tips.rst","701","para","0","テストデータファイル記述例 > テストデータに空行を記述したい","","＜中略＞"
"ja/development_tools/testing_framework/guide/development_guide/06_TestFWGuide/03_Tips.rst","703","table","0","テストデータファイル記述例 > テストデータに空行を記述したい","","name | address"
"ja/development_tools/testing_framework/guide/development_guide/06_TestFWGuide/03_Tips.rst","713","admonition","0","テストデータファイル記述例 > テストデータに空行を記述したい","tip",""
"ja/development_tools/testing_framework/guide/development_guide/06_TestFWGuide/03_Tips.rst","714","para","0","テストデータファイル記述例 > テストデータに空行を記述したい","","空行を表す場合、全てのセルを\ ``""""``\ で埋める必要はない。 行のうちのいずれか1セルだけでよい。可読性を考慮し、 左端のセルに\ ``""""``\ を記載することを推奨する。"
"ja/development_tools/testing_framework/guide/development_guide/06_TestFWGuide/03_Tips.rst","723","heading","2","テストデータファイル記述例","マスタデータを変更してテストを行いたい",""
"ja/development_tools/testing_framework/guide/development_guide/06_TestFWGuide/03_Tips.rst","725","para","0","テストデータファイル記述例 > マスタデータを変更してテストを行いたい","",":doc:`04_MasterDataRestore` を参照"
"ja/development_tools/testing_framework/guide/development_guide/06_TestFWGuide/03_Tips.rst","732","heading","2","テストデータファイル記述例","テストデータ読み込みディレクトリを変更したい",""
"ja/development_tools/testing_framework/guide/development_guide/06_TestFWGuide/03_Tips.rst","734","para","0","テストデータファイル記述例 > テストデータ読み込みディレクトリを変更したい","","デフォルトの設定では、テストデータは\ ``test/java``\ 配下から読み込まれる。"
"ja/development_tools/testing_framework/guide/development_guide/06_TestFWGuide/03_Tips.rst","736","para","0","テストデータファイル記述例 > テストデータ読み込みディレクトリを変更したい","","プロジェクトのディレクトリ構成に応じて、テストデータディレクトリを変更する必要がある場合、 コンポーネント設定ファイルに以下の設定を追加する\ [#]_\ 。"
"ja/development_tools/testing_framework/guide/development_guide/06_TestFWGuide/03_Tips.rst","739","table","0","テストデータファイル記述例 > テストデータ読み込みディレクトリを変更したい","","キー | 値"
"ja/development_tools/testing_framework/guide/development_guide/06_TestFWGuide/03_Tips.rst","746","para","0","テストデータファイル記述例 > テストデータ読み込みディレクトリを変更したい","","\"
"ja/development_tools/testing_framework/guide/development_guide/06_TestFWGuide/03_Tips.rst","750","para","0","テストデータファイル記述例 > テストデータ読み込みディレクトリを変更したい","","設定例を以下に示す。"
"ja/development_tools/testing_framework/guide/development_guide/06_TestFWGuide/03_Tips.rst","752","code","0","テストデータファイル記述例 > テストデータ読み込みディレクトリを変更したい","bash",""
"ja/development_tools/testing_framework/guide/development_guide/06_TestFWGuide/03_Tips.rst","754","para","0","テストデータファイル記述例 > テストデータ読み込みディレクトリを変更したい","","nablarch.test.resource-root=path/to/test-data-dir"
"ja/development_tools/testing_framework/guide/development_guide/06_TestFWGuide/03_Tips.rst","756","para","0","テストデータファイル記述例 > テストデータ読み込みディレクトリを変更したい","","\"
"ja/development_tools/testing_framework/guide/development_guide/06_TestFWGuide/03_Tips.rst","758","para","0","テストデータファイル記述例 > テストデータ読み込みディレクトリを変更したい","","複数のディレクトリからテストデータを読み込みたい場合は、 セミコロンで区切ることにより複数指定できる。 設定例を以下に示す。"
"ja/development_tools/testing_framework/guide/development_guide/06_TestFWGuide/03_Tips.rst","762","code","0","テストデータファイル記述例 > テストデータ読み込みディレクトリを変更したい","text",""
"ja/development_tools/testing_framework/guide/development_guide/06_TestFWGuide/03_Tips.rst","764","para","0","テストデータファイル記述例 > テストデータ読み込みディレクトリを変更したい","","nablarch.test.resource-root=test/online;test/batch"
"ja/development_tools/testing_framework/guide/development_guide/06_TestFWGuide/03_Tips.rst","766","para","0","テストデータファイル記述例 > テストデータ読み込みディレクトリを変更したい","","\"
"ja/development_tools/testing_framework/guide/development_guide/06_TestFWGuide/03_Tips.rst","769","para","0","テストデータファイル記述例 > テストデータ読み込みディレクトリを変更したい","","一時的に設定を変更する場合は、設定ファイルを変更しなくても、 テスト実行時のVM引数指定を追加することで代替可能である。"
"ja/development_tools/testing_framework/guide/development_guide/06_TestFWGuide/03_Tips.rst","772","para","0","テストデータファイル記述例 > テストデータ読み込みディレクトリを変更したい","","【例】 \ ``-Dnablarch.test.resource-root=path/to/test-data-dir``\"
"ja/development_tools/testing_framework/guide/development_guide/06_TestFWGuide/03_Tips.rst","774","para","0","テストデータファイル記述例 > テストデータ読み込みディレクトリを変更したい","","\"
"ja/development_tools/testing_framework/guide/development_guide/06_TestFWGuide/03_Tips.rst","777","para","0","テストデータファイル記述例 > テストデータ読み込みディレクトリを変更したい","","複数のディレクトリを指定した場合、同名のテストデータが存在した場合、 最初に発見されたテストデータが読み込まれる。"
"ja/development_tools/testing_framework/guide/development_guide/06_TestFWGuide/03_Tips.rst","786","heading","2","テストデータファイル記述例","メッセージング処理でテストデータに対し定型的な変換処理を追加したい",""
"ja/development_tools/testing_framework/guide/development_guide/06_TestFWGuide/03_Tips.rst","788","para","0","テストデータファイル記述例 > メッセージング処理でテストデータに対し定型的な変換処理を追加したい","","テストデータファイルに記述されたデータはデフォルトでは指定されたエンコーディングを使用してバイト列に変換されるのみである。 例えばURLエンコーディングされたデータが他システムから連携される場合、URLエンコーディングされたデータをテストデータファイルに記述する必要があるが、 可読性や保守性、作業効率といった面で現実的"
"ja/development_tools/testing_framework/guide/development_guide/06_TestFWGuide/03_Tips.rst","792","para","0","テストデータファイル記述例 > メッセージング処理でテストデータに対し定型的な変換処理を追加したい","","以下のインタフェースを実装し、システムリポジトリに登録することでURLエンコーディングのような定型的な変換処理を追加できる。"
"ja/development_tools/testing_framework/guide/development_guide/06_TestFWGuide/03_Tips.rst","795","heading","1","","実装するインタフェース",""
"ja/development_tools/testing_framework/guide/development_guide/06_TestFWGuide/03_Tips.rst","797","para","0","実装するインタフェース","","* ``nablarch.test.core.file.TestDataConverter``"
"ja/development_tools/testing_framework/guide/development_guide/06_TestFWGuide/03_Tips.rst","800","heading","1","","システムリポジトリ登録内容",""
"ja/development_tools/testing_framework/guide/development_guide/06_TestFWGuide/03_Tips.rst","802","table","0","システムリポジトリ登録内容","","キー | 値"
"ja/development_tools/testing_framework/guide/development_guide/06_TestFWGuide/03_Tips.rst","810","heading","1","","システムリポジトリ登録例",""
"ja/development_tools/testing_framework/guide/development_guide/06_TestFWGuide/03_Tips.rst","812","code","0","システムリポジトリ登録例","xml",""
"ja/development_tools/testing_framework/guide/development_guide/06_TestFWGuide/03_Tips.rst","814","para","0","システムリポジトリ登録例","","<!-- テストデータコンバータ定義 --> <component name=""TestDataConverter_FormUrlEncoded"" class=""please.change.me.test.core.file.FormUrlEncodedTestDataConverter""/>"
"ja/development_tools/testing_framework/guide/development_guide/06_TestFWGuide/03_Tips.rst","819","heading","1","","テストデータファイル記述例",""
"ja/development_tools/testing_framework/guide/development_guide/06_TestFWGuide/03_Tips.rst","821","figure","0","テストデータファイル記述例","","./_images/data_convert_example.png"
"ja/development_tools/testing_framework/guide/development_guide/06_TestFWGuide/03_Tips.rst","823","para","0","テストデータファイル記述例","","上記で指定したコンバータでセル内の各データにURLエンコーディングを行うように実装した場合、 テストフレームワーク内部では以下のデータを記述した場合と同様に扱われる。"
"ja/development_tools/testing_framework/guide/development_guide/06_TestFWGuide/03_Tips.rst","826","figure","0","テストデータファイル記述例","","./_images/data_convert_internal.png"
"ja/development_tools/testing_framework/guide/development_guide/06_TestFWGuide/03_Tips.rst","831","para","0","テストデータファイル記述例","","<br />"
"ja/development_tools/testing_framework/guide/development_guide/06_TestFWGuide/04_MasterDataRestore.rst","5","heading","1","","マスタデータ復旧機能",""
"ja/development_tools/testing_framework/guide/development_guide/06_TestFWGuide/04_MasterDataRestore.rst","8","para","0","マスタデータ復旧機能","",":depth: 2 :local:"
"ja/development_tools/testing_framework/guide/development_guide/06_TestFWGuide/04_MasterDataRestore.rst","12","heading","1","","概要",""
"ja/development_tools/testing_framework/guide/development_guide/06_TestFWGuide/04_MasterDataRestore.rst","14","para","0","概要","","通常の場合、テスト行う際にマスタデータを書き換えることはない。 しかし、マスタメンテナンス機能等のテストでは、マスタデータを変更しないと 実施できないテストケースが存在する。例えば、存在するはずのデータが存在しなかった場合のような 異常系テストケースでは、マスタデータからレコードを削除する必要がある。"
"ja/development_tools/testing_framework/guide/development_guide/06_TestFWGuide/04_MasterDataRestore.rst","19","para","0","概要","","テスト中にマスタデータを変更した場合、それ以降のテストクラスのテストでは、 マスタデータが意図しない状態になっている為にテストが失敗することがある。"
"ja/development_tools/testing_framework/guide/development_guide/06_TestFWGuide/04_MasterDataRestore.rst","23","para","0","概要","","このような、マスタデータ変更による意図しないテスト失敗を防止するため、 自動テスト中にマスタデータが更新された場合、そのテストメソッドが終了した時点で、 マスタデータを元の状態に復旧する機能を提供する。"
"ja/development_tools/testing_framework/guide/development_guide/06_TestFWGuide/04_MasterDataRestore.rst","29","heading","1","","特徴",""
"ja/development_tools/testing_framework/guide/development_guide/06_TestFWGuide/04_MasterDataRestore.rst","31","para","0","特徴","","* テストの実行順序に依存せずに、常に正しい状態のマスタデータでテストできる。 * マスタデータ復旧は自動で行われるので、各テストクラスで復旧処理、復旧用データを用意する必要ない。 * バックアップ用スキーマからテーブル毎に一括で復旧するので、1件ずつINSERTする場合に比べて高速に復旧できる。"
"ja/development_tools/testing_framework/guide/development_guide/06_TestFWGuide/04_MasterDataRestore.rst","37","heading","1","","必要となるスキーマ",""
"ja/development_tools/testing_framework/guide/development_guide/06_TestFWGuide/04_MasterDataRestore.rst","39","para","0","必要となるスキーマ","","本機能を使用するにあたり、以下の２つのスキーマが必要となる。"
"ja/development_tools/testing_framework/guide/development_guide/06_TestFWGuide/04_MasterDataRestore.rst","42","para","0","必要となるスキーマ","",":header-rows: 1 :class: white-space-normal :widths: 2,6"
"ja/development_tools/testing_framework/guide/development_guide/06_TestFWGuide/04_MasterDataRestore.rst","47","para","0","必要となるスキーマ","","* - スキーマ - 説明"
"ja/development_tools/testing_framework/guide/development_guide/06_TestFWGuide/04_MasterDataRestore.rst","50","para","0","必要となるスキーマ","","* - 自動テスト用スキーマ - 自動テストに使用するスキーマ。"
"ja/development_tools/testing_framework/guide/development_guide/06_TestFWGuide/04_MasterDataRestore.rst","53","para","0","必要となるスキーマ","","* - バックアップ用スキーマ - 復旧に使用するためのマスタデータを保存しておくためのスキーマ。"
"ja/development_tools/testing_framework/guide/development_guide/06_TestFWGuide/04_MasterDataRestore.rst","58","heading","1","","動作イメージ",""
"ja/development_tools/testing_framework/guide/development_guide/06_TestFWGuide/04_MasterDataRestore.rst","60","para","0","動作イメージ","","自動テストフレームワークはコンポーネント設定ファイルより、監視対象テーブル名一覧を取得する。 テスト実行中、自動テストフレームワークはSQLログを監視することにより、\ 監視対象テーブルを変更するSQL文が発行されたかどうかを検出する。"
"ja/development_tools/testing_framework/guide/development_guide/06_TestFWGuide/04_MasterDataRestore.rst","65","figure","0","動作イメージ","","_images/modification_detected.png"
"ja/development_tools/testing_framework/guide/development_guide/06_TestFWGuide/04_MasterDataRestore.rst","67","para","0","動作イメージ","","監視対象テーブルを変更するSQL文が発行された場合、テストメソッド終了後に変更があったテーブルを復旧する。 テーブルを復旧する際、いったんテーブル内のレコードを全件削除する。 その後、バックアップ用スキーマのテーブルからレコードを全件挿入する。"
"ja/development_tools/testing_framework/guide/development_guide/06_TestFWGuide/04_MasterDataRestore.rst","71","figure","0","動作イメージ","","_images/copy_from_backup.png"
"ja/development_tools/testing_framework/guide/development_guide/06_TestFWGuide/04_MasterDataRestore.rst","76","heading","1","","環境構築",""
"ja/development_tools/testing_framework/guide/development_guide/06_TestFWGuide/04_MasterDataRestore.rst","78","para","0","環境構築","","以下の環境構築を実施し、自動テストフレームワークのマスタデータ復旧機能を有効にする。"
"ja/development_tools/testing_framework/guide/development_guide/06_TestFWGuide/04_MasterDataRestore.rst","83","heading","2","環境構築","バックアップ用スキーマの作成、データ投入",""
"ja/development_tools/testing_framework/guide/development_guide/06_TestFWGuide/04_MasterDataRestore.rst","85","para","0","環境構築 > バックアップ用スキーマの作成、データ投入","","マスタデータ復旧用スキーマを作成する。 マスタデータ復旧用スキーマに自動テスト用のスキーマと同じテーブルを作成し復旧用のデータを投入しておく。"
"ja/development_tools/testing_framework/guide/development_guide/06_TestFWGuide/04_MasterDataRestore.rst","88","admonition","0","環境構築 > バックアップ用スキーマの作成、データ投入","tip",""
"ja/development_tools/testing_framework/guide/development_guide/06_TestFWGuide/04_MasterDataRestore.rst","89","para","0","環境構築 > バックアップ用スキーマの作成、データ投入","","マスタデータ復旧用スキーマには全てのテーブルを作成する必要はない。 マスタデータ復旧対象とするテーブルのみ存在すればよい（復旧対象以外のテーブルがあっても問題ない）。"
"ja/development_tools/testing_framework/guide/development_guide/06_TestFWGuide/04_MasterDataRestore.rst","95","heading","2","環境構築","外部キーが設定されたテーブルを使用する場合について",""
"ja/development_tools/testing_framework/guide/development_guide/06_TestFWGuide/04_MasterDataRestore.rst","96","para","0","環境構築 > 外部キーが設定されたテーブルを使用する場合について","","外部キーが設定されたテーブルに対してデータを復旧する場合には、親子関係を意識して復旧処理を行う必要がある。 このため、本機能ではデフォルトの動作としてJDBCの機能を用いて親子関係を取得・構築し、 削除処理は子テーブルから、挿入処理は親テーブルから順に行うよう制御している。"
"ja/development_tools/testing_framework/guide/development_guide/06_TestFWGuide/04_MasterDataRestore.rst","100","para","0","環境構築 > 外部キーが設定されたテーブルを使用する場合について","","しかし、テーブル数が膨大なプロジェクトの場合、JDBCの機能を元に親子関係を構築する処理が原因で、slow test問題が発生する場合がある。 この問題を回避するために、JDBC機能を使用するのではなく、記述順 (:ref:`MasterDataRestore-configuration` を参照)を元にテーブルの削除"
"ja/development_tools/testing_framework/guide/development_guide/06_TestFWGuide/04_MasterDataRestore.rst","103","para","0","環境構築 > 外部キーが設定されたテーブルを使用する場合について","","記述順を元にマスタデータを復旧させたい場合には、環境設定ファイルに以下を追加する。"
"ja/development_tools/testing_framework/guide/development_guide/06_TestFWGuide/04_MasterDataRestore.rst","105","code","0","環境構築 > 外部キーが設定されたテーブルを使用する場合について","jproperties",""
"ja/development_tools/testing_framework/guide/development_guide/06_TestFWGuide/04_MasterDataRestore.rst","107","para","0","環境構築 > 外部キーが設定されたテーブルを使用する場合について","","nablarch.suppress-table-sort=true"
"ja/development_tools/testing_framework/guide/development_guide/06_TestFWGuide/04_MasterDataRestore.rst","110","heading","2","環境構築","コンポーネント設定ファイルに監視対象テーブルを記載",""
"ja/development_tools/testing_framework/guide/development_guide/06_TestFWGuide/04_MasterDataRestore.rst","112","para","0","環境構築 > コンポーネント設定ファイルに監視対象テーブルを記載","","自動テスト用のコンポーネント設定ファイルに、監視対象テーブルを列挙する。"
"ja/development_tools/testing_framework/guide/development_guide/06_TestFWGuide/04_MasterDataRestore.rst","116","heading","3","環境構築 > コンポーネント設定ファイルに監視対象テーブルを記載","設定項目一覧",""
"ja/development_tools/testing_framework/guide/development_guide/06_TestFWGuide/04_MasterDataRestore.rst","119","para","0","環境構築 > コンポーネント設定ファイルに監視対象テーブルを記載 > 設定項目一覧","",":header-rows: 1 :class: white-space-normal :widths: 3,7,2"
"ja/development_tools/testing_framework/guide/development_guide/06_TestFWGuide/04_MasterDataRestore.rst","124","para","0","環境構築 > コンポーネント設定ファイルに監視対象テーブルを記載 > 設定項目一覧","","* - 設定項目名 - 説明 - デフォルト値"
"ja/development_tools/testing_framework/guide/development_guide/06_TestFWGuide/04_MasterDataRestore.rst","128","para","0","環境構築 > コンポーネント設定ファイルに監視対象テーブルを記載 > 設定項目一覧","","* - backupSchema - マスタデータ復旧用スキーマ名を記載する。 - なし"
"ja/development_tools/testing_framework/guide/development_guide/06_TestFWGuide/04_MasterDataRestore.rst","132","para","0","環境構築 > コンポーネント設定ファイルに監視対象テーブルを記載 > 設定項目一覧","","* - tablesTobeWatched - 監視対象とするテーブル名をリスト形式で列挙する。 - なし"
"ja/development_tools/testing_framework/guide/development_guide/06_TestFWGuide/04_MasterDataRestore.rst","136","para","0","環境構築 > コンポーネント設定ファイルに監視対象テーブルを記載 > 設定項目一覧","","* - testEventListeners - テストイベントリスナーの一覧。 ここにマスタデータ復旧クラス(nablarch.test.core.db.MasterDataRestorer)を登録することで、 テストメソッド終了時にマスタデータが行われるようになる。 - なし"
"ja/development_tools/testing_framework/guide/development_guide/06_TestFWGuide/04_MasterDataRestore.rst","145","heading","3","環境構築 > コンポーネント設定ファイルに監視対象テーブルを記載","設定例",""
"ja/development_tools/testing_framework/guide/development_guide/06_TestFWGuide/04_MasterDataRestore.rst","147","code","0","環境構築 > コンポーネント設定ファイルに監視対象テーブルを記載 > 設定例","xml",""
"ja/development_tools/testing_framework/guide/development_guide/06_TestFWGuide/04_MasterDataRestore.rst","149","para","0","環境構築 > コンポーネント設定ファイルに監視対象テーブルを記載 > 設定例","","<!-- マスタデータ復旧クラス --> <component name=""masterDataRestorer"" class=""nablarch.test.core.db.MasterDataRestorer""> <!-- バックアップスキーマ --> <property name=""backupSchema"" va"
"ja/development_tools/testing_framework/guide/development_guide/06_TestFWGuide/04_MasterDataRestore.rst","169","heading","2","環境構築","ログ出力設定",""
"ja/development_tools/testing_framework/guide/development_guide/06_TestFWGuide/04_MasterDataRestore.rst","171","para","0","環境構築 > ログ出力設定","","本機能ではSQLログを監視することにより、マスタデータへの変更を検出する。\ よって、そのためのログ出力が必要である。"
"ja/development_tools/testing_framework/guide/development_guide/06_TestFWGuide/04_MasterDataRestore.rst","176","heading","3","環境構築 > ログ出力設定","app-log.properties",""
"ja/development_tools/testing_framework/guide/development_guide/06_TestFWGuide/04_MasterDataRestore.rst","178","para","0","環境構築 > ログ出力設定 > app-log.properties","","`sqlLogFormatter`\ のクラス名に、本機能の提供クラスを指定する。"
"ja/development_tools/testing_framework/guide/development_guide/06_TestFWGuide/04_MasterDataRestore.rst","180","code","0","環境構築 > ログ出力設定 > app-log.properties","none",""
"ja/development_tools/testing_framework/guide/development_guide/06_TestFWGuide/04_MasterDataRestore.rst","182","para","0","環境構築 > ログ出力設定 > app-log.properties","","sqlLogFormatter.className=nablarch.test.core.db.MasterDataRestorer$SqlLogWatchingFormatter"
"ja/development_tools/testing_framework/guide/development_guide/06_TestFWGuide/04_MasterDataRestore.rst","186","heading","3","環境構築 > ログ出力設定","log.properties",""
"ja/development_tools/testing_framework/guide/development_guide/06_TestFWGuide/04_MasterDataRestore.rst","188","para","0","環境構築 > ログ出力設定 > log.properties","","log.propertiesにSQLログをデバッグレベル以上で出力する設定をする。 以下の例では、SQLログを標準出力に表示させないよう専用のロガー（何もしないロガー）を 設定している"
"ja/development_tools/testing_framework/guide/development_guide/06_TestFWGuide/04_MasterDataRestore.rst","192","code","0","環境構築 > ログ出力設定 > log.properties","none",""
"ja/development_tools/testing_framework/guide/development_guide/06_TestFWGuide/04_MasterDataRestore.rst","194","para","0","環境構築 > ログ出力設定 > log.properties","","# ロガーファクトリ実装クラス loggerFactory.className=nablarch.core.log.basic.BasicLoggerFactory"
"ja/development_tools/testing_framework/guide/development_guide/06_TestFWGuide/04_MasterDataRestore.rst","197","para","0","環境構築 > ログ出力設定 > log.properties","","# ログライター名 writerNames=stdout,nop"
"ja/development_tools/testing_framework/guide/development_guide/06_TestFWGuide/04_MasterDataRestore.rst","200","para","0","環境構築 > ログ出力設定 > log.properties","","#デバッグ用の標準出力 writer.stdout.className=nablarch.core.log.basic.StandardOutputLogWriter writer.nop.className=nablarch.test.core.log.NopLogWriter   # 【説明】何もしないロガー"
"ja/development_tools/testing_framework/guide/development_guide/06_TestFWGuide/04_MasterDataRestore.rst","204","para","0","環境構築 > ログ出力設定 > log.properties","","# 利用可能なロガー名順序 availableLoggersNamesOrder=sql,root"
"ja/development_tools/testing_framework/guide/development_guide/06_TestFWGuide/04_MasterDataRestore.rst","207","para","0","環境構築 > ログ出力設定 > log.properties","","#全てのロガー取得を対象に、DEBUGレベル以上を標準出力に出力する。 loggers.root.nameRegex=.* loggers.root.level=DEBUG loggers.root.writerNames=stdout"
"ja/development_tools/testing_framework/guide/development_guide/06_TestFWGuide/04_MasterDataRestore.rst","212","para","0","環境構築 > ログ出力設定 > log.properties","","#ロガー名に""SQL""を指定したロガー取得を対象に、DEBUGレベル以上を出力する。 loggers.sql.nameRegex=SQL loggers.sql.level=DEBUG      # 【説明】DEBUGレベル以上に設定すること loggers.sql.writerNames=nop"
"ja/development_tools/testing_framework/guide/development_guide/06_TestFWGuide/JUnit5_Extension.rst","5","heading","1","","JUnit 5用拡張機能",""
"ja/development_tools/testing_framework/guide/development_guide/06_TestFWGuide/JUnit5_Extension.rst","8","para","0","JUnit 5用拡張機能","",":depth: 3 :local:"
"ja/development_tools/testing_framework/guide/development_guide/06_TestFWGuide/JUnit5_Extension.rst","13","heading","2","JUnit 5用拡張機能","概要",""
"ja/development_tools/testing_framework/guide/development_guide/06_TestFWGuide/JUnit5_Extension.rst","15","para","0","JUnit 5用拡張機能 > 概要","","ここでは、JUnit 5で書かれたテストの中で自動テストフレームワークを使用するための拡張機能について説明する。 本拡張機能を使用することで、パラメータ化テストなどのJUnit 5が提供する便利な機能と自動テストフレームワークを組み合わせて使用できるようになる。"
"ja/development_tools/testing_framework/guide/development_guide/06_TestFWGuide/JUnit5_Extension.rst","18","admonition","0","JUnit 5用拡張機能 > 概要","tip",""
"ja/development_tools/testing_framework/guide/development_guide/06_TestFWGuide/JUnit5_Extension.rst","19","para","0","JUnit 5用拡張機能 > 概要","","本拡張機能を導入しても、JUnit 4で書かれた既存の自動テストフレームワークのテストを修正する必要はない。 JUnit 4で書かれたテストは、JUnit Vintageを使うことで引き続きJUnit 5上で実行できる（JUnit Vintageを使って自動テストフレームワークを動作させる方法については :ref:`r"
"ja/development_tools/testing_framework/guide/development_guide/06_TestFWGuide/JUnit5_Extension.rst","25","heading","2","JUnit 5用拡張機能","前提条件",""
"ja/development_tools/testing_framework/guide/development_guide/06_TestFWGuide/JUnit5_Extension.rst","27","para","0","JUnit 5用拡張機能 > 前提条件","","JUnit 5を使用するには、以下の条件を満たしている必要がある。"
"ja/development_tools/testing_framework/guide/development_guide/06_TestFWGuide/JUnit5_Extension.rst","29","para","0","JUnit 5用拡張機能 > 前提条件","","* maven-surefire-plugin の 2.22.0 以上"
"ja/development_tools/testing_framework/guide/development_guide/06_TestFWGuide/JUnit5_Extension.rst","31","para","0","JUnit 5用拡張機能 > 前提条件","","また本ページは、JUnit 5の導入方法やテストケースの作成方法などの基本的な知識を有していることを前提としているため、それらの手順については記載していない。 JUnit 5 自体についての情報は、 `公式のユーザガイド（外部サイト、英語） <https://junit.org/junit5/docs/5.11.0/u"
"ja/development_tools/testing_framework/guide/development_guide/06_TestFWGuide/JUnit5_Extension.rst","36","heading","2","JUnit 5用拡張機能","モジュール一覧",""
"ja/development_tools/testing_framework/guide/development_guide/06_TestFWGuide/JUnit5_Extension.rst","38","code","0","JUnit 5用拡張機能 > モジュール一覧","xml",""
"ja/development_tools/testing_framework/guide/development_guide/06_TestFWGuide/JUnit5_Extension.rst","40","para","0","JUnit 5用拡張機能 > モジュール一覧","","<dependency> <groupId>com.nablarch.framework</groupId> <artifactId>nablarch-testing-junit5</artifactId> <scope>test</scope> </dependency>"
"ja/development_tools/testing_framework/guide/development_guide/06_TestFWGuide/JUnit5_Extension.rst","50","heading","2","JUnit 5用拡張機能","基本的な使い方",""
"ja/development_tools/testing_framework/guide/development_guide/06_TestFWGuide/JUnit5_Extension.rst","52","para","0","JUnit 5用拡張機能 > 基本的な使い方","","自動テストフレームワークは、 :java:extdoc:`TestSupport <nablarch.test.TestSupport>` などのテストに必要な機能を実装したクラスを提供している。 従来のJUnit 4では、これらの自動テストフレームワークが提供するクラスをテストクラスが継承することで、提供するクラスが"
"ja/development_tools/testing_framework/guide/development_guide/06_TestFWGuide/JUnit5_Extension.rst","55","para","0","JUnit 5用拡張機能 > 基本的な使い方","","本拡張機能は、自動テストフレームワークが提供するクラスのインスタンスを拡張機能側で生成し、テストクラスにインジェクションする仕組みを提供する。 この仕組みには、JUnit 5の `Extension (外部サイト、英語) <https://junit.org/junit5/docs/5.11.0/user-guide/"
"ja/development_tools/testing_framework/guide/development_guide/06_TestFWGuide/JUnit5_Extension.rst","58","para","0","JUnit 5用拡張機能 > 基本的な使い方","","本拡張機能では、自動テストフレームワークが提供するクラスごとに **Extension クラス** と **合成アノテーション** を用意している。 例えば、 :java:extdoc:`TestSupport <nablarch.test.TestSupport>` には :java:extdoc:`TestSupp"
"ja/development_tools/testing_framework/guide/development_guide/06_TestFWGuide/JUnit5_Extension.rst","61","admonition","0","JUnit 5用拡張機能 > 基本的な使い方","tip",""
"ja/development_tools/testing_framework/guide/development_guide/06_TestFWGuide/JUnit5_Extension.rst","62","para","0","JUnit 5用拡張機能 > 基本的な使い方","","合成アノテーションはJUnit 5が提供する機能で、複数のアノテーションの設定を別の１つのアノテーションにまとめることができる。 詳しくは `公式ガイドの「2.1.1. Meta-Annotations and Composed Annotations」(外部サイト、英語) <https://junit.org/jun"
"ja/development_tools/testing_framework/guide/development_guide/06_TestFWGuide/JUnit5_Extension.rst","66","para","0","JUnit 5用拡張機能 > 基本的な使い方","","これらのクラスを使って以下のように実装することで、 :java:extdoc:`TestSupport <nablarch.test.TestSupport>` をテストで使用できるようになる。"
"ja/development_tools/testing_framework/guide/development_guide/06_TestFWGuide/JUnit5_Extension.rst","68","code","0","JUnit 5用拡張機能 > 基本的な使い方","java",""
"ja/development_tools/testing_framework/guide/development_guide/06_TestFWGuide/JUnit5_Extension.rst","70","para","0","JUnit 5用拡張機能 > 基本的な使い方","","// 1. 対応する合成アノテーションをテストクラスに設定する @NablarchTest class YourTest { // 2. 使用するクラスをテストクラスのフィールドとして宣言する TestSupport support;"
"ja/development_tools/testing_framework/guide/development_guide/06_TestFWGuide/JUnit5_Extension.rst","76","para","0","JUnit 5用拡張機能 > 基本的な使い方","","@Test void test() { ... // 3. テスト内で使用する Map<String, String> map = support.getMap(sheetName, id); ... } }"
"ja/development_tools/testing_framework/guide/development_guide/06_TestFWGuide/JUnit5_Extension.rst","85","para","0","JUnit 5用拡張機能 > 基本的な使い方","",":java:extdoc:`TestSupport <nablarch.test.TestSupport>` をテストクラスで使用する場合は、まず対応する合成アノテーション(:java:extdoc:`NablarchTest <nablarch.test.junit5.extension.NablarchTest>`"
"ja/development_tools/testing_framework/guide/development_guide/06_TestFWGuide/JUnit5_Extension.rst","88","para","0","JUnit 5用拡張機能 > 基本的な使い方","","次に、 :java:extdoc:`TestSupport <nablarch.test.TestSupport>` 型のインスタンスフィールドをテストクラスに宣言する。 このとき、インスタンスフィールドの可視性は何でも構わない。"
"ja/development_tools/testing_framework/guide/development_guide/06_TestFWGuide/JUnit5_Extension.rst","91","para","0","JUnit 5用拡張機能 > 基本的な使い方","","拡張機能は、テスト実行前に対応するクラス（ここでは :java:extdoc:`TestSupport <nablarch.test.TestSupport>`）のインスタンスを生成する。 そして、テストクラスに代入可能なフィールドを見つけると、自動的にインスタンスをインジェクションする。"
"ja/development_tools/testing_framework/guide/development_guide/06_TestFWGuide/JUnit5_Extension.rst","94","admonition","0","JUnit 5用拡張機能 > 基本的な使い方","warning",""
"ja/development_tools/testing_framework/guide/development_guide/06_TestFWGuide/JUnit5_Extension.rst","96","para","0","JUnit 5用拡張機能 > 基本的な使い方","","インジェクション対象となるフィールドがnullでない場合、拡張機能はエラー終了するので値は設定しないこと。"
"ja/development_tools/testing_framework/guide/development_guide/06_TestFWGuide/JUnit5_Extension.rst","100","heading","2","JUnit 5用拡張機能","Extension クラスと合成アノテーションの一覧",""
"ja/development_tools/testing_framework/guide/development_guide/06_TestFWGuide/JUnit5_Extension.rst","102","para","0","JUnit 5用拡張機能 > Extension クラスと合成アノテーションの一覧","","本拡張機能では、以下のExtensionクラスと合成アノテーションを提供している。"
"ja/development_tools/testing_framework/guide/development_guide/06_TestFWGuide/JUnit5_Extension.rst","106","para","0","JUnit 5用拡張機能 > Extension クラスと合成アノテーションの一覧","",":header-rows: 1"
"ja/development_tools/testing_framework/guide/development_guide/06_TestFWGuide/JUnit5_Extension.rst","108","para","0","JUnit 5用拡張機能 > Extension クラスと合成アノテーションの一覧","","* - 自動テストフレームワークが提供するクラス - Extension クラス - 合成アノテーション * - :java:extdoc:`TestSupport <nablarch.test.TestSupport>` - :java:extdoc:`TestSupportExtension <nablarch.t"
"ja/development_tools/testing_framework/guide/development_guide/06_TestFWGuide/JUnit5_Extension.rst","146","heading","1","","BasicHttpRequestTest の使い方の補足",""
"ja/development_tools/testing_framework/guide/development_guide/06_TestFWGuide/JUnit5_Extension.rst","148","para","0","BasicHttpRequestTest の使い方の補足","",":java:extdoc:`BasicHttpRequestTestTemplate <nablarch.test.core.http.BasicHttpRequestTestTemplate>` 以外は、 :ref:`ntf_junit5_extension_standard_usages` で説明した方法で使用でき"
"ja/development_tools/testing_framework/guide/development_guide/06_TestFWGuide/JUnit5_Extension.rst","150","para","0","BasicHttpRequestTest の使い方の補足","",":java:extdoc:`BasicHttpRequestTestTemplate <nablarch.test.core.http.BasicHttpRequestTestTemplate>` のみ、合成アノテーションである :java:extdoc:`BasicHttpRequestTest <nablarch."
"ja/development_tools/testing_framework/guide/development_guide/06_TestFWGuide/JUnit5_Extension.rst","152","code","0","BasicHttpRequestTest の使い方の補足","java",""
"ja/development_tools/testing_framework/guide/development_guide/06_TestFWGuide/JUnit5_Extension.rst","154","para","0","BasicHttpRequestTest の使い方の補足","","// 1. BasicHttpRequestTest の baseUri を指定する @BasicHttpRequestTest(baseUri = ""/test/"") class YourTestClass { // 2. BasicHttpRequestTestTemplate のインジェクション方法は、他と変わら"
"ja/development_tools/testing_framework/guide/development_guide/06_TestFWGuide/JUnit5_Extension.rst","160","para","0","BasicHttpRequestTest の使い方の補足","","@Test void test() { support.execute(); } }"
"ja/development_tools/testing_framework/guide/development_guide/06_TestFWGuide/JUnit5_Extension.rst","166","para","0","BasicHttpRequestTest の使い方の補足","",":java:extdoc:`BasicHttpRequestTest <nablarch.test.junit5.extension.http.BasicHttpRequestTest>` アノテーションには ``baseUri`` を指定する必要がある。 この値は、 :java:extdoc:`AbstractHtt"
"ja/development_tools/testing_framework/guide/development_guide/06_TestFWGuide/JUnit5_Extension.rst","171","heading","2","BasicHttpRequestTest の使い方の補足","独自の拡張を加える",""
"ja/development_tools/testing_framework/guide/development_guide/06_TestFWGuide/JUnit5_Extension.rst","173","para","0","BasicHttpRequestTest の使い方の補足 > 独自の拡張を加える","","自動テストフレームワークが提供するクラスを継承し、独自の拡張を加える場合の対応方法について説明する。"
"ja/development_tools/testing_framework/guide/development_guide/06_TestFWGuide/JUnit5_Extension.rst","175","admonition","0","BasicHttpRequestTest の使い方の補足 > 独自の拡張を加える","tip",""
"ja/development_tools/testing_framework/guide/development_guide/06_TestFWGuide/JUnit5_Extension.rst","176","para","0","BasicHttpRequestTest の使い方の補足 > 独自の拡張を加える","","ここで説明する手順は、JUnit 4で書かれた既存の独自拡張クラスを本拡張機能用に使用する場合にも適用できる。"
"ja/development_tools/testing_framework/guide/development_guide/06_TestFWGuide/JUnit5_Extension.rst","178","para","0","BasicHttpRequestTest の使い方の補足 > 独自の拡張を加える","","独自拡張クラスを作成する場合は、大きく次のようにして対応する。"
"ja/development_tools/testing_framework/guide/development_guide/06_TestFWGuide/JUnit5_Extension.rst","180","para","0","BasicHttpRequestTest の使い方の補足 > 独自の拡張を加える","","#. 自動テストフレームワークが提供するクラスを継承し、独自拡張クラスを作成する #. 継承元のクラスに対応するExtensionクラスを継承した独自拡張用のExtensionを作成し、独自拡張クラスのインスタンスを生成するように実装する #. ``ExtendWith`` アノテーションを使って独自Extension"
"ja/development_tools/testing_framework/guide/development_guide/06_TestFWGuide/JUnit5_Extension.rst","185","heading","1","","独自拡張クラスを作成する",""
"ja/development_tools/testing_framework/guide/development_guide/06_TestFWGuide/JUnit5_Extension.rst","187","para","0","独自拡張クラスを作成する","","ここでは、 :java:extdoc:`TestSupport <nablarch.test.TestSupport>` を拡張したクラスを作成する場合を例にして説明する。"
"ja/development_tools/testing_framework/guide/development_guide/06_TestFWGuide/JUnit5_Extension.rst","189","para","0","独自拡張クラスを作成する","","まず、 :java:extdoc:`TestSupport <nablarch.test.TestSupport>` を継承した独自拡張クラスを作成する。"
"ja/development_tools/testing_framework/guide/development_guide/06_TestFWGuide/JUnit5_Extension.rst","191","code","0","独自拡張クラスを作成する","java",""
"ja/development_tools/testing_framework/guide/development_guide/06_TestFWGuide/JUnit5_Extension.rst","193","para","0","独自拡張クラスを作成する","","public class CustomTestSupport extends TestSupport { // テストクラスの Class インスタンスを TestSupport のコンストラクタに渡せるように実装する public CustomTestSupport(Class<?> testClass) { sup"
"ja/development_tools/testing_framework/guide/development_guide/06_TestFWGuide/JUnit5_Extension.rst","199","para","0","独自拡張クラスを作成する","","// 独自の拡張メソッドを実装する }"
"ja/development_tools/testing_framework/guide/development_guide/06_TestFWGuide/JUnit5_Extension.rst","202","para","0","独自拡張クラスを作成する","","基本的に、自動テストフレームワークが提供するクラスは、インスタンス生成時にテストクラスの ``Class`` オブジェクトを渡す必要がある。 したがって、独自拡張クラスにはテストクラスの ``Class`` オブジェクトを受け取れるようにコンストラクタを定義する必要がある。"
"ja/development_tools/testing_framework/guide/development_guide/06_TestFWGuide/JUnit5_Extension.rst","205","admonition","0","独自拡張クラスを作成する","tip",""
"ja/development_tools/testing_framework/guide/development_guide/06_TestFWGuide/JUnit5_Extension.rst","206","para","0","独自拡張クラスを作成する","",":java:extdoc:`SimpleRestTestSupport <nablarch.test.core.http.SimpleRestTestSupport>` は、テストクラスの ``Class`` オブジェクトをコンストラクタで渡さなくても使用できる。"
"ja/development_tools/testing_framework/guide/development_guide/06_TestFWGuide/JUnit5_Extension.rst","209","heading","1","","独自拡張用のExtensionを作成する",""
"ja/development_tools/testing_framework/guide/development_guide/06_TestFWGuide/JUnit5_Extension.rst","211","para","0","独自拡張用のExtensionを作成する","","次に、拡張元のクラスに対応するExtensionクラスを継承し、独自拡張用のExtensionを作成する。 例では :java:extdoc:`TestSupport <nablarch.test.TestSupport>` を継承しているので、対応するExtensionクラスは :java:extdoc:`TestS"
"ja/development_tools/testing_framework/guide/development_guide/06_TestFWGuide/JUnit5_Extension.rst","214","admonition","0","独自拡張用のExtensionを作成する","tip",""
"ja/development_tools/testing_framework/guide/development_guide/06_TestFWGuide/JUnit5_Extension.rst","215","para","0","独自拡張用のExtensionを作成する","",":java:extdoc:`AbstractHttpRequestTestTemplate <nablarch.test.core.http.AbstractHttpRequestTestTemplate>` を直接継承した独自拡張クラスを使用する場合、対応するExtensionとしては :java:extdoc:`B"
"ja/development_tools/testing_framework/guide/development_guide/06_TestFWGuide/JUnit5_Extension.rst","217","code","0","独自拡張用のExtensionを作成する","java",""
"ja/development_tools/testing_framework/guide/development_guide/06_TestFWGuide/JUnit5_Extension.rst","219","para","0","独自拡張用のExtensionを作成する","","public class CustomTestSupportExtension extends TestSupportExtension {"
"ja/development_tools/testing_framework/guide/development_guide/06_TestFWGuide/JUnit5_Extension.rst","221","para","0","独自拡張用のExtensionを作成する","","// createSupport() をオーバーライドし、独自拡張クラスのインスタンスを返すように実装する @Override protected TestEventDispatcher createSupport(Object testInstance, ExtensionContext context) { ret"
"ja/development_tools/testing_framework/guide/development_guide/06_TestFWGuide/JUnit5_Extension.rst","228","para","0","独自拡張用のExtensionを作成する","","独自拡張用のExtensionでは、 ``createSupport()`` メソッドをオーバーライドする。 そして、先ほど作成した独自拡張クラスのインスタンスを返却するように実装する。"
"ja/development_tools/testing_framework/guide/development_guide/06_TestFWGuide/JUnit5_Extension.rst","231","para","0","独自拡張用のExtensionを作成する","","なお、 ``createSupport()`` メソッドで生成した独自拡張クラスのインスタンスは、親クラスの :java:extdoc:`TestEventDispatcherExtension <nablarch.test.junit5.extension.event.TestEventDispatcherExten"
"ja/development_tools/testing_framework/guide/development_guide/06_TestFWGuide/JUnit5_Extension.rst","236","heading","1","","ExtendWithでテストクラスに適用する",""
"ja/development_tools/testing_framework/guide/development_guide/06_TestFWGuide/JUnit5_Extension.rst","238","para","0","ExtendWithでテストクラスに適用する","","作成した独自拡張用のExtensionは、 ``ExtendWith`` アノテーションを使ってテストクラスに適用できる。 以下に実装例を示す。"
"ja/development_tools/testing_framework/guide/development_guide/06_TestFWGuide/JUnit5_Extension.rst","241","code","0","ExtendWithでテストクラスに適用する","java",""
"ja/development_tools/testing_framework/guide/development_guide/06_TestFWGuide/JUnit5_Extension.rst","243","para","0","ExtendWithでテストクラスに適用する","",".. import org.junit.jupiter.api.extension.ExtendWith;"
"ja/development_tools/testing_framework/guide/development_guide/06_TestFWGuide/JUnit5_Extension.rst","246","para","0","ExtendWithでテストクラスに適用する","","// 1. ExtendWith で独自拡張用のExtensionをテストクラスに適用する @ExtendWith(CustomTestSupportExtension.class) class YourTest { // 2. 独自拡張クラスをインスタンス変数で宣言する CustomTestSupport suppo"
"ja/development_tools/testing_framework/guide/development_guide/06_TestFWGuide/JUnit5_Extension.rst","252","para","0","ExtendWithでテストクラスに適用する","","@Test void test() { // 3. テスト内で独自拡張クラスを使用する support.customMethod(); } }"
"ja/development_tools/testing_framework/guide/development_guide/06_TestFWGuide/JUnit5_Extension.rst","260","heading","1","","BasicHttpRequestTestTemplateを拡張する場合はアノテーションも作成する",""
"ja/development_tools/testing_framework/guide/development_guide/06_TestFWGuide/JUnit5_Extension.rst","262","para","0","BasicHttpRequestTestTemplateを拡張する場合はアノテーションも作成する","",":java:extdoc:`BasicHttpRequestTestTemplate <nablarch.test.core.http.BasicHttpRequestTestTemplate>` または :java:extdoc:`AbstractHttpRequestTestTemplate <nablarch.t"
"ja/development_tools/testing_framework/guide/development_guide/06_TestFWGuide/JUnit5_Extension.rst","265","para","0","BasicHttpRequestTestTemplateを拡張する場合はアノテーションも作成する","","以下に、 :java:extdoc:`BasicHttpRequestTestTemplate <nablarch.test.core.http.BasicHttpRequestTestTemplate>` での実装例を示す。"
"ja/development_tools/testing_framework/guide/development_guide/06_TestFWGuide/JUnit5_Extension.rst","267","code","0","BasicHttpRequestTestTemplateを拡張する場合はアノテーションも作成する","java",""
"ja/development_tools/testing_framework/guide/development_guide/06_TestFWGuide/JUnit5_Extension.rst","269","para","0","BasicHttpRequestTestTemplateを拡張する場合はアノテーションも作成する","","public class CustomHttpRequestTestSupport extends BasicHttpRequestTestTemplate { private final String baseUri;"
"ja/development_tools/testing_framework/guide/development_guide/06_TestFWGuide/JUnit5_Extension.rst","272","para","0","BasicHttpRequestTestTemplateを拡張する場合はアノテーションも作成する","","// baseUri を外部から連携できるように実装しておく public CustomHttpRequestTestSupport(Class<?> testClass, String baseUri) { super(testClass); this.baseUri = baseUri; }"
"ja/development_tools/testing_framework/guide/development_guide/06_TestFWGuide/JUnit5_Extension.rst","278","para","0","BasicHttpRequestTestTemplateを拡張する場合はアノテーションも作成する","","@Override protected String getBaseUri() { return baseUri; } }"
"ja/development_tools/testing_framework/guide/development_guide/06_TestFWGuide/JUnit5_Extension.rst","284","para","0","BasicHttpRequestTestTemplateを拡張する場合はアノテーションも作成する","","まず、 :java:extdoc:`BasicHttpRequestTestTemplate <nablarch.test.core.http.BasicHttpRequestTestTemplate>` を継承して独自拡張クラスを作成する。 このとき、コンストラクタではテストクラスと ``baseUri`` を渡せる"
"ja/development_tools/testing_framework/guide/development_guide/06_TestFWGuide/JUnit5_Extension.rst","287","para","0","BasicHttpRequestTestTemplateを拡張する場合はアノテーションも作成する","","次に、独自拡張クラス用の合成アノテーションを作成する。"
"ja/development_tools/testing_framework/guide/development_guide/06_TestFWGuide/JUnit5_Extension.rst","289","code","0","BasicHttpRequestTestTemplateを拡張する場合はアノテーションも作成する","java",""
"ja/development_tools/testing_framework/guide/development_guide/06_TestFWGuide/JUnit5_Extension.rst","291","para","0","BasicHttpRequestTestTemplateを拡張する場合はアノテーションも作成する","","import org.junit.jupiter.api.extension.ExtendWith;"
"ja/development_tools/testing_framework/guide/development_guide/06_TestFWGuide/JUnit5_Extension.rst","293","para","0","BasicHttpRequestTestTemplateを拡張する場合はアノテーションも作成する","","import java.lang.annotation.ElementType; import java.lang.annotation.Retention; import java.lang.annotation.RetentionPolicy; import java.lang.annotation.Target;"
"ja/development_tools/testing_framework/guide/development_guide/06_TestFWGuide/JUnit5_Extension.rst","298","para","0","BasicHttpRequestTestTemplateを拡張する場合はアノテーションも作成する","","@Retention(RetentionPolicy.RUNTIME) @Target(ElementType.TYPE) // この後作成する独自拡張用のExtensionを指定する @ExtendWith(CustomHttpRequestTestExtension.class) public @interface"
"ja/development_tools/testing_framework/guide/development_guide/06_TestFWGuide/JUnit5_Extension.rst","307","para","0","BasicHttpRequestTestTemplateを拡張する場合はアノテーションも作成する","","合成アノテーションでは、 ``baseUri`` を渡せるように宣言する。 ``ExtendWith`` で指定する独自拡張用のExtensionは、以下のようにして実装する。"
"ja/development_tools/testing_framework/guide/development_guide/06_TestFWGuide/JUnit5_Extension.rst","310","code","0","BasicHttpRequestTestTemplateを拡張する場合はアノテーションも作成する","java",""
"ja/development_tools/testing_framework/guide/development_guide/06_TestFWGuide/JUnit5_Extension.rst","312","para","0","BasicHttpRequestTestTemplateを拡張する場合はアノテーションも作成する","","public class CustomHttpRequestTestExtension extends BasicHttpRequestTestExtension {"
"ja/development_tools/testing_framework/guide/development_guide/06_TestFWGuide/JUnit5_Extension.rst","314","para","0","BasicHttpRequestTestTemplateを拡張する場合はアノテーションも作成する","","@Override protected TestEventDispatcher createSupport(Object testInstance, ExtensionContext context) { // テストクラスからアノテーションの情報を取得する CustomHttpRequestTest annotati"
"ja/development_tools/testing_framework/guide/development_guide/06_TestFWGuide/JUnit5_Extension.rst","323","para","0","BasicHttpRequestTestTemplateを拡張する場合はアノテーションも作成する","","``findAnnotation(Object, Class)`` を使用すると、テストクラスに設定されたアノテーションの情報を取得できる。 これを利用することで、独自拡張クラスに ``baseUri`` の値を連携できる。"
"ja/development_tools/testing_framework/guide/development_guide/06_TestFWGuide/JUnit5_Extension.rst","326","para","0","BasicHttpRequestTestTemplateを拡張する場合はアノテーションも作成する","","最後に、独自の合成アノテーションを使って次のように実装することで、 :java:extdoc:`BasicHttpRequestTestTemplate <nablarch.test.core.http.BasicHttpRequestTestTemplate>` を継承した独自拡張クラスを使用できるようになる。"
"ja/development_tools/testing_framework/guide/development_guide/06_TestFWGuide/JUnit5_Extension.rst","328","code","0","BasicHttpRequestTestTemplateを拡張する場合はアノテーションも作成する","java",""
"ja/development_tools/testing_framework/guide/development_guide/06_TestFWGuide/JUnit5_Extension.rst","330","para","0","BasicHttpRequestTestTemplateを拡張する場合はアノテーションも作成する","","// 独自の合成アノテーションをテストクラスに設定する(baseUri も設定する) @CustomHttpRequestTest(baseUri = ""/custom/"") class YourTest { // 独自拡張クラスをフィールドで宣言する CustomHttpRequestTestSupport supp"
"ja/development_tools/testing_framework/guide/development_guide/06_TestFWGuide/JUnit5_Extension.rst","336","para","0","BasicHttpRequestTestTemplateを拡張する場合はアノテーションも作成する","","@Test void test() { // 独自拡張クラスをテストで使用する support.customMethod(); } }"
"ja/development_tools/testing_framework/guide/development_guide/06_TestFWGuide/JUnit5_Extension.rst","344","heading","1","","事前処理・事後処理を実装する",""
"ja/development_tools/testing_framework/guide/development_guide/06_TestFWGuide/JUnit5_Extension.rst","346","para","0","事前処理・事後処理を実装する","","独自拡張用のExtensionでは、以下のメソッドをオーバーライドすることによってテストの事前処理・事後処理を実装できる。"
"ja/development_tools/testing_framework/guide/development_guide/06_TestFWGuide/JUnit5_Extension.rst","348","para","0","事前処理・事後処理を実装する","","* beforeAll * beforeEach * afterAll * afterEach"
"ja/development_tools/testing_framework/guide/development_guide/06_TestFWGuide/JUnit5_Extension.rst","353","para","0","事前処理・事後処理を実装する","","``beforeAll`` と ``afterAll`` では、テストクラス全体での事前・事後処理を実装できる。 そして、 ``beforeEach`` と ``afterEach`` では、テストメソッドごとの事前・事後処理を実装できる。"
"ja/development_tools/testing_framework/guide/development_guide/06_TestFWGuide/JUnit5_Extension.rst","356","para","0","事前処理・事後処理を実装する","","それぞれのメソッドをオーバーライドするときは、必ず以下のようにして親クラスの同メソッドを実行する必要がある。 そうしない場合、親クラスで定義された事前・事後処理が呼ばれなくなる。"
"ja/development_tools/testing_framework/guide/development_guide/06_TestFWGuide/JUnit5_Extension.rst","359","code","0","事前処理・事後処理を実装する","java",""
"ja/development_tools/testing_framework/guide/development_guide/06_TestFWGuide/JUnit5_Extension.rst","361","para","0","事前処理・事後処理を実装する","","@Override public void beforeAll(ExtensionContext context) { // 必ず最初に親のメソッドを実行する super.beforeAll(context);"
"ja/development_tools/testing_framework/guide/development_guide/06_TestFWGuide/JUnit5_Extension.rst","366","para","0","事前処理・事後処理を実装する","","// 独自の事前処理を実装する ... }"
"ja/development_tools/testing_framework/guide/development_guide/06_TestFWGuide/JUnit5_Extension.rst","371","heading","1","","JUnit 4のTestRuleを再現する",""
"ja/development_tools/testing_framework/guide/development_guide/06_TestFWGuide/JUnit5_Extension.rst","373","para","0","JUnit 4のTestRuleを再現する","","既存プロジェクトなどで作成した独自拡張クラスがあり、その中でJUnit 4の ``TestRule`` を使用している場合に、本拡張機能に移植する方法を説明する。"
"ja/development_tools/testing_framework/guide/development_guide/06_TestFWGuide/JUnit5_Extension.rst","375","para","0","JUnit 4のTestRuleを再現する","","例えば、以下のような独自拡張クラスが存在したとする。"
"ja/development_tools/testing_framework/guide/development_guide/06_TestFWGuide/JUnit5_Extension.rst","377","code","0","JUnit 4のTestRuleを再現する","java",""
"ja/development_tools/testing_framework/guide/development_guide/06_TestFWGuide/JUnit5_Extension.rst","379","para","0","JUnit 4のTestRuleを再現する","","import org.junit.Rule; import org.junit.rules.Timeout; import java.util.concurrent.TimeUnit;"
"ja/development_tools/testing_framework/guide/development_guide/06_TestFWGuide/JUnit5_Extension.rst","383","para","0","JUnit 4のTestRuleを再現する","","public class CustomTestSupport extends TestSupport { // JUnit 4のTestRuleを使用している @Rule public Timeout timeout = new Timeout(1000, TimeUnit.MILLISECONDS);"
"ja/development_tools/testing_framework/guide/development_guide/06_TestFWGuide/JUnit5_Extension.rst","388","para","0","JUnit 4のTestRuleを再現する","","public CustomTestSupport(Class<?> testClass) { super(testClass); } }"
"ja/development_tools/testing_framework/guide/development_guide/06_TestFWGuide/JUnit5_Extension.rst","393","para","0","JUnit 4のTestRuleを再現する","","これを本拡張機能に移植する場合は、独自拡張用のExtensionクラスを次のようにして実装する。"
"ja/development_tools/testing_framework/guide/development_guide/06_TestFWGuide/JUnit5_Extension.rst","395","code","0","JUnit 4のTestRuleを再現する","java",""
"ja/development_tools/testing_framework/guide/development_guide/06_TestFWGuide/JUnit5_Extension.rst","397","para","0","JUnit 4のTestRuleを再現する","","public class CustomTestSupportExtension extends TestSupportExtension {"
"ja/development_tools/testing_framework/guide/development_guide/06_TestFWGuide/JUnit5_Extension.rst","399","para","0","JUnit 4のTestRuleを再現する","","@Override protected TestEventDispatcher createSupport(Object testInstance, ExtensionContext context) { return new CustomTestSupport(testInstance.getClass()); }"
"ja/development_tools/testing_framework/guide/development_guide/06_TestFWGuide/JUnit5_Extension.rst","404","para","0","JUnit 4のTestRuleを再現する","","// 1. resolveTestRules メソッドをオーバーライドする @Override protected List<TestRule> resolveTestRules() { // 2. 親クラスの resolveTestRules() の結果をベースにしてリストを生成する List<TestRule> r"
"ja/development_tools/testing_framework/guide/development_guide/06_TestFWGuide/JUnit5_Extension.rst","416","para","0","JUnit 4のTestRuleを再現する","","独自拡張用のExtensionでは、 ``resolveTestRules()`` というメソッドをオーバーライドできる。 このメソッドで、再現させたいJUnit 4の ``TestRule`` をリストにして返却するように実装する。 これにより、JUnit 5のテスト上でもJUnit 4の ``TestRule`` "
"ja/development_tools/testing_framework/guide/development_guide/06_TestFWGuide/JUnit5_Extension.rst","420","para","0","JUnit 4のTestRuleを再現する","","なお、 ``resolveTestRules()`` をオーバーライドするときは、必ず親クラスの ``resolveTestRules()`` が返すリストをベースにすること。 そうしない場合、親クラスで登録している ``TestRule`` が再現されなくなる。"
"ja/development_tools/testing_framework/guide/development_guide/06_TestFWGuide/JUnit5_Extension.rst","426","heading","2","JUnit 4のTestRuleを再現する","RegisterExtensionで使用する",""
"ja/development_tools/testing_framework/guide/development_guide/06_TestFWGuide/JUnit5_Extension.rst","428","para","0","JUnit 4のTestRuleを再現する > RegisterExtensionで使用する","","JUnit 5では、Extensionのインスタンスを手続き的に生成してテストクラスに適用するためにRegisterExtensionという仕組みが用意されている。"
"ja/development_tools/testing_framework/guide/development_guide/06_TestFWGuide/JUnit5_Extension.rst","430","admonition","0","JUnit 4のTestRuleを再現する > RegisterExtensionで使用する","tip",""
"ja/development_tools/testing_framework/guide/development_guide/06_TestFWGuide/JUnit5_Extension.rst","431","para","0","JUnit 4のTestRuleを再現する > RegisterExtensionで使用する","","RegisterExtensionの説明については、 `公式ガイドの「5.2.2. Programmatic Extension Registration」(外部サイト、英語) <https://junit.org/junit5/docs/5.11.0/user-guide/#extensions-registrati"
"ja/development_tools/testing_framework/guide/development_guide/06_TestFWGuide/JUnit5_Extension.rst","433","para","0","JUnit 4のTestRuleを再現する > RegisterExtensionで使用する","","本拡張機能が提供するExtensionは、RegisterExtensionを使っても利用できる。 ただし、その場合は必ずstaticフィールドで使用すること。 インスタンスフィールドで使用した場合、 ``beforeAll`` や ``afterAll`` などの処理が実行されないため、Extensionが正常に動作"
"ja/development_tools/testing_framework/guide/development_guide/06_TestFWGuide/JUnit5_Extension.rst","437","para","0","JUnit 4のTestRuleを再現する > RegisterExtensionで使用する","","以下に、実装例を示す。"
"ja/development_tools/testing_framework/guide/development_guide/06_TestFWGuide/JUnit5_Extension.rst","439","code","0","JUnit 4のTestRuleを再現する > RegisterExtensionで使用する","java",""
"ja/development_tools/testing_framework/guide/development_guide/06_TestFWGuide/JUnit5_Extension.rst","441","para","0","JUnit 4のTestRuleを再現する > RegisterExtensionで使用する","","class YourTest { // 1. static フィールドで RegisterExtension を使用する @RegisterExtension static TestSupportExtension extension = new TestSupportExtension();"
"ja/development_tools/testing_framework/guide/development_guide/06_TestFWGuide/JUnit5_Extension.rst","446","para","0","JUnit 4のTestRuleを再現する > RegisterExtensionで使用する","","// 2. 自動テストフレームワークが提供するクラスのインスタンスフィールドを宣言する TestSupport support;"
"ja/development_tools/testing_framework/guide/development_guide/06_TestFWGuide/JUnit5_Extension.rst","449","para","0","JUnit 4のTestRuleを再現する > RegisterExtensionで使用する","","@Test void test() { // 3. support をテストで使用する ... } }"
"ja/development_tools/testing_framework/guide/development_guide/06_TestFWGuide/RequestUnitTest_batch.rst","5","heading","1","","リクエスト単体テスト（バッチ処理）",""
"ja/development_tools/testing_framework/guide/development_guide/06_TestFWGuide/RequestUnitTest_batch.rst","9","heading","1","","概要",""
"ja/development_tools/testing_framework/guide/development_guide/06_TestFWGuide/RequestUnitTest_batch.rst","11","para","0","概要","","リクエスト単体テスト（バッチ処理)では、実際にバッチをコマンドラインから起動したときの動作を擬似的に再現し、テストを行う。"
"ja/development_tools/testing_framework/guide/development_guide/06_TestFWGuide/RequestUnitTest_batch.rst","17","heading","2","概要","全体像",""
"ja/development_tools/testing_framework/guide/development_guide/06_TestFWGuide/RequestUnitTest_batch.rst","19","figure","0","概要 > 全体像","","./_images/batch_request_test_class.png"
"ja/development_tools/testing_framework/guide/development_guide/06_TestFWGuide/RequestUnitTest_batch.rst","25","heading","1","","主なクラス, リソース",""
"ja/development_tools/testing_framework/guide/development_guide/06_TestFWGuide/RequestUnitTest_batch.rst","27","table","0","主なクラス, リソース","","名称 | 役割 | 作成単位"
"ja/development_tools/testing_framework/guide/development_guide/06_TestFWGuide/RequestUnitTest_batch.rst","56","heading","1","","構造",""
"ja/development_tools/testing_framework/guide/development_guide/06_TestFWGuide/RequestUnitTest_batch.rst","60","heading","2","構造","StandaloneTestSupportTemplate",""
"ja/development_tools/testing_framework/guide/development_guide/06_TestFWGuide/RequestUnitTest_batch.rst","61","para","0","構造 > StandaloneTestSupportTemplate","","バッチやメッセージング処理などコンテナ外で動作する処理のテスト実行環境を提供する。 テストデータを読み取り、全テストショット(\ `TestShot`_ \ )を実行する。"
"ja/development_tools/testing_framework/guide/development_guide/06_TestFWGuide/RequestUnitTest_batch.rst","65","heading","2","構造","TestShot",""
"ja/development_tools/testing_framework/guide/development_guide/06_TestFWGuide/RequestUnitTest_batch.rst","67","para","0","構造 > TestShot","","1テストショットの情報保持とテストショットを実行する。\ テストショットは以下の要素で成り立っている。"
"ja/development_tools/testing_framework/guide/development_guide/06_TestFWGuide/RequestUnitTest_batch.rst","70","para","0","構造 > TestShot","","* 入力データの準備 * メインクラス起動 * 出力結果の確認"
"ja/development_tools/testing_framework/guide/development_guide/06_TestFWGuide/RequestUnitTest_batch.rst","74","para","0","構造 > TestShot","","バッチやメッセージング処理などコンテナ外で動作する処理のテストにおいて 共通の準備処理、結果確認機能を提供する。"
"ja/development_tools/testing_framework/guide/development_guide/06_TestFWGuide/RequestUnitTest_batch.rst","77","para","0","構造 > TestShot","","+----------------------------+--------------------------+ | 準備処理                   | 結果確認                 | +============================+======================"
"ja/development_tools/testing_framework/guide/development_guide/06_TestFWGuide/RequestUnitTest_batch.rst","87","para","0","構造 > TestShot","","入力データ準備や結果確認ロジックはバッチや各種メッセージング処理ごとに異なるので\ 方式に応じたカスタマイズが可能となっている。"
"ja/development_tools/testing_framework/guide/development_guide/06_TestFWGuide/RequestUnitTest_batch.rst","92","heading","2","構造","BatchRequestTestSupport",""
"ja/development_tools/testing_framework/guide/development_guide/06_TestFWGuide/RequestUnitTest_batch.rst","94","para","0","構造 > BatchRequestTestSupport","","バッチ処理テスト用のスーパクラス。\ アプリケーションプログラマは本クラスを継承してテストクラスを作成する。"
"ja/development_tools/testing_framework/guide/development_guide/06_TestFWGuide/RequestUnitTest_batch.rst","97","para","0","構造 > BatchRequestTestSupport","","本クラスは、\ `TestShot`_ \が提供する準備処理、結果確認に以下の機能を追加する。"
"ja/development_tools/testing_framework/guide/development_guide/06_TestFWGuide/RequestUnitTest_batch.rst","99","para","0","構造 > BatchRequestTestSupport","","+----------------------------+--------------------------+ | 準備処理                   | 結果確認                 | +============================+======================"
"ja/development_tools/testing_framework/guide/development_guide/06_TestFWGuide/RequestUnitTest_batch.rst","105","para","0","構造 > BatchRequestTestSupport","","本クラスを使用することで、リクエスト単体テストのテストソース、テストデータを定型化でき、\ テストソース記述量を大きく削減できる。"
"ja/development_tools/testing_framework/guide/development_guide/06_TestFWGuide/RequestUnitTest_batch.rst","108","para","0","構造 > BatchRequestTestSupport","","具体的な使用方法は、\ :doc:`../05_UnitTestGuide/02_RequestUnitTest/batch`\ を参照。"
"ja/development_tools/testing_framework/guide/development_guide/06_TestFWGuide/RequestUnitTest_batch.rst","112","heading","2","構造","MainForRequestTesting",""
"ja/development_tools/testing_framework/guide/development_guide/06_TestFWGuide/RequestUnitTest_batch.rst","114","para","0","構造 > MainForRequestTesting","","リクエスト単体テスト用のメインクラス。\ 本番用メインクラスとの主な差異は以下の通り。"
"ja/development_tools/testing_framework/guide/development_guide/06_TestFWGuide/RequestUnitTest_batch.rst","117","para","0","構造 > MainForRequestTesting","","* テスト用のコンポーネント設定ファイルからシステムリポジトリを初期化する。 * 常駐化機能を無効化する。"
"ja/development_tools/testing_framework/guide/development_guide/06_TestFWGuide/RequestUnitTest_batch.rst","122","heading","2","構造","FileSupport",""
"ja/development_tools/testing_framework/guide/development_guide/06_TestFWGuide/RequestUnitTest_batch.rst","124","para","0","構造 > FileSupport","","ファイルに関する操作を提供するクラス。 主に以下の機能を提供する。"
"ja/development_tools/testing_framework/guide/development_guide/06_TestFWGuide/RequestUnitTest_batch.rst","127","para","0","構造 > FileSupport","","* テストデータから入力ファイルを作成する * テストデータの期待値と実際に出力されたファイルと内容を比較する。"
"ja/development_tools/testing_framework/guide/development_guide/06_TestFWGuide/RequestUnitTest_batch.rst","130","para","0","構造 > FileSupport","","ファイルに関する操作は、バッチ処理以外でも必要となるため（例えば、ファイルダウンロード等）、\ 独立したクラスとして提供している。"
"ja/development_tools/testing_framework/guide/development_guide/06_TestFWGuide/RequestUnitTest_batch.rst","135","heading","1","","テストデータ",""
"ja/development_tools/testing_framework/guide/development_guide/06_TestFWGuide/RequestUnitTest_batch.rst","137","para","0","テストデータ","","バッチ処理固有のテストデータについて説明する。"
"ja/development_tools/testing_framework/guide/development_guide/06_TestFWGuide/RequestUnitTest_batch.rst","140","para","0","テストデータ","",".. _`about_fixed_length_file`:"
"ja/development_tools/testing_framework/guide/development_guide/06_TestFWGuide/RequestUnitTest_batch.rst","143","heading","2","テストデータ","固定長ファイル",""
"ja/development_tools/testing_framework/guide/development_guide/06_TestFWGuide/RequestUnitTest_batch.rst","145","para","0","テストデータ > 固定長ファイル","","基本的な記述方法は、\ :ref:`batch_request_test`\ を参照。"
"ja/development_tools/testing_framework/guide/development_guide/06_TestFWGuide/RequestUnitTest_batch.rst","151","heading","3","テストデータ > 固定長ファイル","パディング",""
"ja/development_tools/testing_framework/guide/development_guide/06_TestFWGuide/RequestUnitTest_batch.rst","153","para","0","テストデータ > 固定長ファイル > パディング","","指定したフィールド長に対して、データのバイト長が短い場合、 そのフィールドのデータ型に応じたパディングが行われる。 パディングのアルゴリズムはNablarch Application Framework本体と同様である。"
"ja/development_tools/testing_framework/guide/development_guide/06_TestFWGuide/RequestUnitTest_batch.rst","159","heading","3","テストデータ > 固定長ファイル","バイナリデータの記述方法",""
"ja/development_tools/testing_framework/guide/development_guide/06_TestFWGuide/RequestUnitTest_batch.rst","161","para","0","テストデータ > 固定長ファイル > バイナリデータの記述方法","","バイナリデータを表現するには、16進数形式でテストデータを記述する。 例えば、\ ``0x4AD``\ と記述した場合、\ ``0000 0100 1010 1101``\  (\ ``0x04AD``\ )という2バイトのバイト配列に解釈される。"
"ja/development_tools/testing_framework/guide/development_guide/06_TestFWGuide/RequestUnitTest_batch.rst","164","admonition","0","テストデータ > 固定長ファイル > バイナリデータの記述方法","tip",""
"ja/development_tools/testing_framework/guide/development_guide/06_TestFWGuide/RequestUnitTest_batch.rst","165","para","0","テストデータ > 固定長ファイル > バイナリデータの記述方法","","テストデータに、プレフィックス0xが付与されていない場合、そのデータを文字列とみなし、 その文字列をディレクティブの文字コードでエンコードしてバイト配列に変換する。"
"ja/development_tools/testing_framework/guide/development_guide/06_TestFWGuide/RequestUnitTest_batch.rst","168","para","0","テストデータ > 固定長ファイル > バイナリデータの記述方法","","例えば、文字コードがWindows-31Jのファイルのテストデータにて、\ データ型がバイナリのフィールドに\ ``4AD``\ と記載した場合、\ ``0011 0100 0100 0001 0100 0100``\  (\ ``0x344144``\ )\ という3バイトのバイト配列に変換される。"
"ja/development_tools/testing_framework/guide/development_guide/06_TestFWGuide/RequestUnitTest_batch.rst","174","heading","2","テストデータ","可変長ファイル",""
"ja/development_tools/testing_framework/guide/development_guide/06_TestFWGuide/RequestUnitTest_batch.rst","176","para","0","テストデータ > 可変長ファイル","","基本的な記述方法は、\ :ref:`batch_request_test`\ を参照。"
"ja/development_tools/testing_framework/guide/development_guide/06_TestFWGuide/RequestUnitTest_batch.rst","182","heading","1","","各種設定値",""
"ja/development_tools/testing_framework/guide/development_guide/06_TestFWGuide/RequestUnitTest_batch.rst","185","heading","2","各種設定値","常駐バッチのテスト用ハンドラ構成",""
"ja/development_tools/testing_framework/guide/development_guide/06_TestFWGuide/RequestUnitTest_batch.rst","186","para","0","各種設定値 > 常駐バッチのテスト用ハンドラ構成","","常駐バッチのテストを実施する際には、プロダクション用ハンドラ構成をテスト用に変更する必要がある。 この変更をせずにテストを実施した場合、テスト対象の常駐バッチアプリケーションの処理が終わらないため、テストが正常に実施できなくなる。"
"ja/development_tools/testing_framework/guide/development_guide/06_TestFWGuide/RequestUnitTest_batch.rst","189","para","0","各種設定値 > 常駐バッチのテスト用ハンドラ構成","","**【変更が必要なハンドラ】**"
"ja/development_tools/testing_framework/guide/development_guide/06_TestFWGuide/RequestUnitTest_batch.rst","191","table","0","各種設定値 > 常駐バッチのテスト用ハンドラ構成","","変更対象のハンドラ | 変更後のハンドラ | 変更理由"
"ja/development_tools/testing_framework/guide/development_guide/06_TestFWGuide/RequestUnitTest_batch.rst","197","para","0","各種設定値 > 常駐バッチのテスト用ハンドラ構成","","OneShotLoopHandlerにハンドラを差し替えることで、 テスト実行前にセットアップした要求データを全件処理後に バッチ実行が終了しテストコードに制御が戻るようになる。 ========================= ========================= =================="
"ja/development_tools/testing_framework/guide/development_guide/06_TestFWGuide/RequestUnitTest_batch.rst","202","para","0","各種設定値 > 常駐バッチのテスト用ハンドラ構成","","以下にコンポーネント設定ファイルの設定例を示す。"
"ja/development_tools/testing_framework/guide/development_guide/06_TestFWGuide/RequestUnitTest_batch.rst","204","para","0","各種設定値 > 常駐バッチのテスト用ハンドラ構成","","* プロダクション用設定"
"ja/development_tools/testing_framework/guide/development_guide/06_TestFWGuide/RequestUnitTest_batch.rst","206","code","0","各種設定値 > 常駐バッチのテスト用ハンドラ構成","xml","<!-- リクエストスレッドループ -->
<component name=""requestThreadLoopHandler"" class=""nablarch.fw.handler.RequestThreadLoopHandler"">
<!-- プロパティへの値設定は省略 -->"
"ja/development_tools/testing_framework/guide/development_guide/06_TestFWGuide/RequestUnitTest_batch.rst","213","para","0","各種設定値 > 常駐バッチのテスト用ハンドラ構成","","* テスト用設定"
"ja/development_tools/testing_framework/guide/development_guide/06_TestFWGuide/RequestUnitTest_batch.rst","215","para","0","各種設定値 > 常駐バッチのテスト用ハンドラ構成","","プロダクション用設定と同名でコンポーネントを設定し、テスト用のハンドラを使用するように上書きする。"
"ja/development_tools/testing_framework/guide/development_guide/06_TestFWGuide/RequestUnitTest_batch.rst","217","code","0","各種設定値 > 常駐バッチのテスト用ハンドラ構成","xml","<!-- リクエストスレッドループハンドラをテスト用のハンドラに置き換える設定 -->
<component name=""requestThreadLoopHandler"" class=""nablarch.test.OneShotLoopHandler"" />"
"ja/development_tools/testing_framework/guide/development_guide/06_TestFWGuide/RequestUnitTest_batch.rst","224","heading","2","各種設定値","ディレクティブのデフォルト値",""
"ja/development_tools/testing_framework/guide/development_guide/06_TestFWGuide/RequestUnitTest_batch.rst","226","para","0","各種設定値 > ディレクティブのデフォルト値","","ファイルのディレクティブがシステム内である程度統一されている場合、 個々のテストデータに同じディレクティブを記載することは冗長である。"
"ja/development_tools/testing_framework/guide/development_guide/06_TestFWGuide/RequestUnitTest_batch.rst","229","para","0","各種設定値 > ディレクティブのデフォルト値","","このような場合には、デフォルトのディレクティブを コンポーネント設定ファイルに記載することで、 個々のテストデータではディレクティブの記述を省略できる。"
"ja/development_tools/testing_framework/guide/development_guide/06_TestFWGuide/RequestUnitTest_batch.rst","233","para","0","各種設定値 > ディレクティブのデフォルト値","","コンポーネント設定ファイルにmap形式で記載する。ネーミングルールは以下のとおり。"
"ja/development_tools/testing_framework/guide/development_guide/06_TestFWGuide/RequestUnitTest_batch.rst","235","table","0","各種設定値 > ディレクティブのデフォルト値","","対象となるファイル種別 | name属性"
"ja/development_tools/testing_framework/guide/development_guide/06_TestFWGuide/RequestUnitTest_batch.rst","244","para","0","各種設定値 > ディレクティブのデフォルト値","","設定例を以下に例を示す。"
"ja/development_tools/testing_framework/guide/development_guide/06_TestFWGuide/RequestUnitTest_batch.rst","246","code","0","各種設定値 > ディレクティブのデフォルト値","xml",""
"ja/development_tools/testing_framework/guide/development_guide/06_TestFWGuide/RequestUnitTest_batch.rst","248","para","0","各種設定値 > ディレクティブのデフォルト値","","<!-- ディレクティブ（共通） --> <map name=""defaultDirectives""> <entry key=""text-encoding"" value=""Windows-31J"" /> </map>"
"ja/development_tools/testing_framework/guide/development_guide/06_TestFWGuide/RequestUnitTest_batch.rst","253","para","0","各種設定値 > ディレクティブのデフォルト値","","<!-- ディレクティブ（固定長） --> <map name=""variableLengthDirectives""> <entry key=""record-separator"" value=""NONE""/> </map>"
"ja/development_tools/testing_framework/guide/development_guide/06_TestFWGuide/RequestUnitTest_batch.rst","258","para","0","各種設定値 > ディレクティブのデフォルト値","","<!-- ディレクティブ（可変長） --> <map name=""variableLengthDirectives""> <entry key=""quoting-delimiter"" value="""" /> <entry key=""record-separator"" value=""CRLF""/> </map>"
"ja/development_tools/testing_framework/guide/development_guide/06_TestFWGuide/RequestUnitTest_http_send_sync.rst","3","heading","1","","リクエスト単体テスト（HTTP同期応答メッセージ送信処理）",""
"ja/development_tools/testing_framework/guide/development_guide/06_TestFWGuide/RequestUnitTest_http_send_sync.rst","5","para","0","リクエスト単体テスト（HTTP同期応答メッセージ送信処理）","","リクエスト単体テストのテスト方法は、\ :doc:`RequestUnitTest_send_sync`\ を参照すること。"
"ja/development_tools/testing_framework/guide/development_guide/06_TestFWGuide/RequestUnitTest_http_send_sync.rst","7","para","0","リクエスト単体テスト（HTTP同期応答メッセージ送信処理）","","本項では、\ :doc:`RequestUnitTest_send_sync`\ と異なる箇所を解説する。"
"ja/development_tools/testing_framework/guide/development_guide/06_TestFWGuide/RequestUnitTest_http_send_sync.rst","9","para","0","リクエスト単体テスト（HTTP同期応答メッセージ送信処理）","","ただし、以下のように読み替えること。"
"ja/development_tools/testing_framework/guide/development_guide/06_TestFWGuide/RequestUnitTest_http_send_sync.rst","11","table","0","リクエスト単体テスト（HTTP同期応答メッセージ送信処理）","","同期応答メッセージ送信 | HTTP同期応答メッセージ送信"
"ja/development_tools/testing_framework/guide/development_guide/06_TestFWGuide/RequestUnitTest_http_send_sync.rst","19","admonition","0","リクエスト単体テスト（HTTP同期応答メッセージ送信処理）","tip",""
"ja/development_tools/testing_framework/guide/development_guide/06_TestFWGuide/RequestUnitTest_http_send_sync.rst","20","para","0","リクエスト単体テスト（HTTP同期応答メッセージ送信処理）","","リクエスト単体テストそのものの概要については、 :ref:`message_httpSendSyncMessage_test` を参照。"
"ja/development_tools/testing_framework/guide/development_guide/06_TestFWGuide/RequestUnitTest_real.rst","3","heading","1","","リクエスト単体テスト（メッセージ受信処理）",""
"ja/development_tools/testing_framework/guide/development_guide/06_TestFWGuide/RequestUnitTest_real.rst","7","heading","1","","概要",""
"ja/development_tools/testing_framework/guide/development_guide/06_TestFWGuide/RequestUnitTest_real.rst","9","para","0","概要","","リクエスト単体テスト（メッセージ受信処理)では、 要求電文1件を受信したときの動作を擬似的に再現し、テストを行う。"
"ja/development_tools/testing_framework/guide/development_guide/06_TestFWGuide/RequestUnitTest_real.rst","16","heading","2","概要","全体像",""
"ja/development_tools/testing_framework/guide/development_guide/06_TestFWGuide/RequestUnitTest_real.rst","18","figure","0","概要 > 全体像","","./_images/real_request_test_class.png"
"ja/development_tools/testing_framework/guide/development_guide/06_TestFWGuide/RequestUnitTest_real.rst","24","heading","1","","主なクラス, リソース",""
"ja/development_tools/testing_framework/guide/development_guide/06_TestFWGuide/RequestUnitTest_real.rst","26","table","0","主なクラス, リソース","","名称 | 役割 | 作成単位"
"ja/development_tools/testing_framework/guide/development_guide/06_TestFWGuide/RequestUnitTest_real.rst","64","heading","1","","構造",""
"ja/development_tools/testing_framework/guide/development_guide/06_TestFWGuide/RequestUnitTest_real.rst","68","heading","2","構造","StandaloneTestSupportTemplate",""
"ja/development_tools/testing_framework/guide/development_guide/06_TestFWGuide/RequestUnitTest_real.rst","69","para","0","構造 > StandaloneTestSupportTemplate","","バッチやメッセージング処理などコンテナ外で動作する処理のテスト実行環境を提供する。 テストデータを読み取り、全テストショット(\ `TestShot`_ \ )を実行する。"
"ja/development_tools/testing_framework/guide/development_guide/06_TestFWGuide/RequestUnitTest_real.rst","73","heading","2","構造","TestShot",""
"ja/development_tools/testing_framework/guide/development_guide/06_TestFWGuide/RequestUnitTest_real.rst","75","para","0","構造 > TestShot","","1テストショットの情報保持とテストショットを実行する。\ テストショットは以下の要素で成り立っている。"
"ja/development_tools/testing_framework/guide/development_guide/06_TestFWGuide/RequestUnitTest_real.rst","78","para","0","構造 > TestShot","","* 入力データの準備 * メインクラス起動 * 出力結果の確認"
"ja/development_tools/testing_framework/guide/development_guide/06_TestFWGuide/RequestUnitTest_real.rst","82","para","0","構造 > TestShot","","バッチやメッセージング処理などコンテナ外で動作する処理のテストにおいて 共通の準備処理、結果確認機能を提供する。"
"ja/development_tools/testing_framework/guide/development_guide/06_TestFWGuide/RequestUnitTest_real.rst","85","para","0","構造 > TestShot","","+----------------------------+--------------------------+ | 準備処理                   | 結果確認                 | +============================+======================"
"ja/development_tools/testing_framework/guide/development_guide/06_TestFWGuide/RequestUnitTest_real.rst","96","para","0","構造 > TestShot","","入力データ準備や結果確認ロジックはバッチや各種メッセージング処理ごとに異なるので\ 方式に応じたカスタマイズが可能となっている。"
"ja/development_tools/testing_framework/guide/development_guide/06_TestFWGuide/RequestUnitTest_real.rst","101","heading","2","構造","MessagingRequestTestSupport",""
"ja/development_tools/testing_framework/guide/development_guide/06_TestFWGuide/RequestUnitTest_real.rst","103","para","0","構造 > MessagingRequestTestSupport","","同期応答メッセージ受信処理テスト用のスーパクラス。\ アプリケーションプログラマは本クラスを継承してテストクラスを作成する。"
"ja/development_tools/testing_framework/guide/development_guide/06_TestFWGuide/RequestUnitTest_real.rst","106","para","0","構造 > MessagingRequestTestSupport","","本クラスは、\ `TestShot`_ \が提供する準備処理、結果確認に以下の機能を追加する。"
"ja/development_tools/testing_framework/guide/development_guide/06_TestFWGuide/RequestUnitTest_real.rst","108","para","0","構造 > MessagingRequestTestSupport","","+----------------------------+--------------------------+ | 準備処理                   | 結果確認                 | +============================+======================"
"ja/development_tools/testing_framework/guide/development_guide/06_TestFWGuide/RequestUnitTest_real.rst","115","para","0","構造 > MessagingRequestTestSupport","","本クラスを使用することで、リクエスト単体テストのテストソース、テストデータを定型化でき、\ テストソース記述量を大きく削減できる。"
"ja/development_tools/testing_framework/guide/development_guide/06_TestFWGuide/RequestUnitTest_real.rst","118","para","0","構造 > MessagingRequestTestSupport","","具体的な使用方法は、\ :doc:`../05_UnitTestGuide/02_RequestUnitTest/real`\ を参照。"
"ja/development_tools/testing_framework/guide/development_guide/06_TestFWGuide/RequestUnitTest_real.rst","120","admonition","0","構造 > MessagingRequestTestSupport","tip",""
"ja/development_tools/testing_framework/guide/development_guide/06_TestFWGuide/RequestUnitTest_real.rst","121","para","0","構造 > MessagingRequestTestSupport","","本クラスは、入力データをキューにPUTする用途で、main側のコンポーネント設定ファイルを読み込む。 その際、\ ``nablarch.fw.messaging.FwHeaderDefinition``\ 実装クラスは、 \ ``fwHeaderDefinition``\ という名前で登録されていなければならない。 こ"
"ja/development_tools/testing_framework/guide/development_guide/06_TestFWGuide/RequestUnitTest_real.rst","128","heading","2","構造","MessagingReceiveTestSupport",""
"ja/development_tools/testing_framework/guide/development_guide/06_TestFWGuide/RequestUnitTest_real.rst","130","para","0","構造 > MessagingReceiveTestSupport","","応答不要メッセージ処理テスト用のスーパクラス。\ アプリケーションプログラマは本クラスを継承してテストクラスを作成する。"
"ja/development_tools/testing_framework/guide/development_guide/06_TestFWGuide/RequestUnitTest_real.rst","133","para","0","構造 > MessagingReceiveTestSupport","","本クラスは、\ `TestShot`_ \が提供する準備処理、結果確認に以下の機能を追加する。"
"ja/development_tools/testing_framework/guide/development_guide/06_TestFWGuide/RequestUnitTest_real.rst","135","para","0","構造 > MessagingReceiveTestSupport","","+----------------------------+ | 準備処理                   | +============================+ |要求電文の作成              | +----------------------------+"
"ja/development_tools/testing_framework/guide/development_guide/06_TestFWGuide/RequestUnitTest_real.rst","141","para","0","構造 > MessagingReceiveTestSupport","","本クラスを使用することで、リクエスト単体テストのテストソース、テストデータを定型化でき、\ テストソース記述量を大きく削減できる。"
"ja/development_tools/testing_framework/guide/development_guide/06_TestFWGuide/RequestUnitTest_real.rst","144","para","0","構造 > MessagingReceiveTestSupport","","具体的な使用方法は、\ :doc:`../05_UnitTestGuide/02_RequestUnitTest/delayed_receive`\ を参照。"
"ja/development_tools/testing_framework/guide/development_guide/06_TestFWGuide/RequestUnitTest_real.rst","147","heading","2","構造","MainForRequestTesting",""
"ja/development_tools/testing_framework/guide/development_guide/06_TestFWGuide/RequestUnitTest_real.rst","149","para","0","構造 > MainForRequestTesting","","リクエスト単体テスト用のメインクラス。\ 本番用メインクラスとの主な差異は以下の通り。"
"ja/development_tools/testing_framework/guide/development_guide/06_TestFWGuide/RequestUnitTest_real.rst","152","para","0","構造 > MainForRequestTesting","","* テスト用のコンポーネント設定ファイルからシステムリポジトリを初期化する。 * 常駐化機能を無効化する。"
"ja/development_tools/testing_framework/guide/development_guide/06_TestFWGuide/RequestUnitTest_real.rst","157","heading","2","構造","MQSupport",""
"ja/development_tools/testing_framework/guide/development_guide/06_TestFWGuide/RequestUnitTest_real.rst","159","para","0","構造 > MQSupport","","メッセージに関する操作を提供するクラス。 主に以下の機能を提供する。"
"ja/development_tools/testing_framework/guide/development_guide/06_TestFWGuide/RequestUnitTest_real.rst","162","para","0","構造 > MQSupport","","* テストデータから要求電文を作成し、受信キューにPUTする。 * 応答電文を送信キューからGETし、テストデータの期待値と内容を比較する。"
"ja/development_tools/testing_framework/guide/development_guide/06_TestFWGuide/RequestUnitTest_real.rst","167","heading","2","構造","TestDataConvertor",""
"ja/development_tools/testing_framework/guide/development_guide/06_TestFWGuide/RequestUnitTest_real.rst","169","para","0","構造 > TestDataConvertor","","Excelから読み込んだテストデータを編集するためのインタフェース。 必要に応じてXMLやJSONなどのデータ種別ごとにアーキテクトが実装する。"
"ja/development_tools/testing_framework/guide/development_guide/06_TestFWGuide/RequestUnitTest_real.rst","172","para","0","構造 > TestDataConvertor","","実装クラスでは以下の機能を実装する。"
"ja/development_tools/testing_framework/guide/development_guide/06_TestFWGuide/RequestUnitTest_real.rst","174","para","0","構造 > TestDataConvertor","","* Excelから読み込んだデータに対して任意で編集する。 * 編集したデータを読み込むためのレイアウト定義データを動的に生成する。"
"ja/development_tools/testing_framework/guide/development_guide/06_TestFWGuide/RequestUnitTest_real.rst","177","para","0","構造 > TestDataConvertor","","本インタフェースを実装することで、例えばExcelに日本語で記述されたデータをURLエンコーディングする等の処理を追加可能である。"
"ja/development_tools/testing_framework/guide/development_guide/06_TestFWGuide/RequestUnitTest_real.rst","179","para","0","構造 > TestDataConvertor","","実装クラスは ""TestDataConverter_<データ種別>"" というキー名でテスト用のコンポーネント設定ファイルに登録する必要がある。"
"ja/development_tools/testing_framework/guide/development_guide/06_TestFWGuide/RequestUnitTest_real.rst","183","heading","1","","テストデータ",""
"ja/development_tools/testing_framework/guide/development_guide/06_TestFWGuide/RequestUnitTest_real.rst","185","para","0","テストデータ","","メッセージング処理固有のテストデータについて説明する。"
"ja/development_tools/testing_framework/guide/development_guide/06_TestFWGuide/RequestUnitTest_real.rst","189","heading","2","テストデータ","メッセージ",""
"ja/development_tools/testing_framework/guide/development_guide/06_TestFWGuide/RequestUnitTest_real.rst","191","para","0","テストデータ > メッセージ","","基本的な記述方法は、\ :doc:`../05_UnitTestGuide/02_RequestUnitTest/real` を参照。"
"ja/development_tools/testing_framework/guide/development_guide/06_TestFWGuide/RequestUnitTest_real.rst","195","admonition","0","テストデータ > メッセージ","tip",""
"ja/development_tools/testing_framework/guide/development_guide/06_TestFWGuide/RequestUnitTest_real.rst","196","para","0","テストデータ > メッセージ","","パディングおよびバイナリデータの扱いは、\ :ref:`about_fixed_length_file`\ と同様である。"
"ja/development_tools/testing_framework/guide/development_guide/06_TestFWGuide/RequestUnitTest_rest.rst","5","heading","1","","リクエスト単体テスト（RESTfulウェブサービス）",""
"ja/development_tools/testing_framework/guide/development_guide/06_TestFWGuide/RequestUnitTest_rest.rst","9","heading","2","リクエスト単体テスト（RESTfulウェブサービス）","概要",""
"ja/development_tools/testing_framework/guide/development_guide/06_TestFWGuide/RequestUnitTest_rest.rst","11","para","0","リクエスト単体テスト（RESTfulウェブサービス） > 概要","","リクエスト単体テスト(REST)では、 :ref:`リクエスト単体テスト(ウェブアプリケーション) <request-util-test-online>` 同様、内蔵サーバを使用してテストを行う。 RESTfulウェブサービス用実行基盤のみ、必要なモジュールが他の実行基盤より多くなるため、 :ref:`モジュール一覧 "
"ja/development_tools/testing_framework/guide/development_guide/06_TestFWGuide/RequestUnitTest_rest.rst","16","heading","1","","全体像",""
"ja/development_tools/testing_framework/guide/development_guide/06_TestFWGuide/RequestUnitTest_rest.rst","18","figure","0","全体像","","_images/rest_request_unit_test_structure.png"
"ja/development_tools/testing_framework/guide/development_guide/06_TestFWGuide/RequestUnitTest_rest.rst","21","heading","1","","主なクラス, リソース",""
"ja/development_tools/testing_framework/guide/development_guide/06_TestFWGuide/RequestUnitTest_rest.rst","23","table","0","主なクラス, リソース","","名称 | 役割 | 作成単位"
"ja/development_tools/testing_framework/guide/development_guide/06_TestFWGuide/RequestUnitTest_rest.rst","48","heading","1","","モジュール一覧",""
"ja/development_tools/testing_framework/guide/development_guide/06_TestFWGuide/RequestUnitTest_rest.rst","49","code","0","モジュール一覧","xml","<!--  テスティングフレームワーク本体  -->
<dependency>
<groupId>com.nablarch.framework</groupId>"
"ja/development_tools/testing_framework/guide/development_guide/06_TestFWGuide/RequestUnitTest_rest.rst","71","admonition","0","モジュール一覧","important","``nablarch-testing-rest`` は ``nablarch-testing`` (:ref:`テスティングフレームワーク <unitTestG"
"ja/development_tools/testing_framework/guide/development_guide/06_TestFWGuide/RequestUnitTest_rest.rst","76","heading","1","","設定",""
"ja/development_tools/testing_framework/guide/development_guide/06_TestFWGuide/RequestUnitTest_rest.rst","78","para","0","設定","","アーキタイプからブランクプロジェクトを作成した場合、 ``src/test/resources/unit-test.xml`` に テスティングフレームワークの設定がされている。RESTfulウェブサービス向けテスティングフレームワークの 設定を追加するためデフォルト設定で提供している以下の設定ファイルを読み込む。"
"ja/development_tools/testing_framework/guide/development_guide/06_TestFWGuide/RequestUnitTest_rest.rst","82","code","0","設定","xml","<import file=""nablarch/test/rest-request-test.xml""/>"
"ja/development_tools/testing_framework/guide/development_guide/06_TestFWGuide/RequestUnitTest_rest.rst","86","para","0","設定","","リクエスト単体テストの設定は :ref:`rest-test-configuration` を参照。"
"ja/development_tools/testing_framework/guide/development_guide/06_TestFWGuide/RequestUnitTest_rest.rst","88","admonition","0","設定","tip",""
"ja/development_tools/testing_framework/guide/development_guide/06_TestFWGuide/RequestUnitTest_rest.rst","89","para","0","設定","","Nablarch5u18以降のアーキタイプから :doc:`RESTfulウェブサービス <../../../../../application_framework/application_framework/blank_project/setup_blankProject/setup_WebService>` の ブ"
"ja/development_tools/testing_framework/guide/development_guide/06_TestFWGuide/RequestUnitTest_rest.rst","96","heading","2","設定","構造",""
"ja/development_tools/testing_framework/guide/development_guide/06_TestFWGuide/RequestUnitTest_rest.rst","101","heading","1","","SimpleRestTestSupport",""
"ja/development_tools/testing_framework/guide/development_guide/06_TestFWGuide/RequestUnitTest_rest.rst","103","para","0","SimpleRestTestSupport","","リクエスト単体テスト用に用意されたスーパークラス。リクエスト単体テスト用のメソッドを用意している。 データベース関連機能が不要な場合は後述の ``RestTestSupport`` ではなくこちらのクラスを使用する。 :ref:`事前準備補助機能<rest_test_helper>` 、 :ref:`実行<rest_t"
"ja/development_tools/testing_framework/guide/development_guide/06_TestFWGuide/RequestUnitTest_rest.rst","107","admonition","0","SimpleRestTestSupport","tip",""
"ja/development_tools/testing_framework/guide/development_guide/06_TestFWGuide/RequestUnitTest_rest.rst","109","para","0","SimpleRestTestSupport","","RestTestSupportを使用する場合、``dbInfo`` または ``testDataParser`` のコンポーネントを準備する必要がある。 データベースへの依存が不要な場合は、``SimpleRestTestSupport`` を使用することでコンポーネント定義を簡略化できる。"
"ja/development_tools/testing_framework/guide/development_guide/06_TestFWGuide/RequestUnitTest_rest.rst","113","heading","1","","RestTestSupport",""
"ja/development_tools/testing_framework/guide/development_guide/06_TestFWGuide/RequestUnitTest_rest.rst","115","para","0","RestTestSupport","","リクエスト単体テスト用に用意されたスーパークラス。リクエスト単体テスト用のメソッドを用意している。 ``SimpleRestTestSupport`` を継承し、データベース関連機能を持つ。"
"ja/development_tools/testing_framework/guide/development_guide/06_TestFWGuide/RequestUnitTest_rest.rst","120","heading","1","","データベース関連機能",""
"ja/development_tools/testing_framework/guide/development_guide/06_TestFWGuide/RequestUnitTest_rest.rst","122","para","0","データベース関連機能","","データベースに関する機能は、 ``RestTestSupport`` クラスから ``DbAccessTestSupport`` クラスに処理を委譲することで実現している。 ``DbAccessTestSupport`` クラスの詳細は、\ :doc:`02_DbAccessTest`\ を参照。"
"ja/development_tools/testing_framework/guide/development_guide/06_TestFWGuide/RequestUnitTest_rest.rst","125","para","0","データベース関連機能","","ただし、 ``DbAccessTestSupport`` のうち以下のメソッドは、\ リクエスト単体テスト(REST)では不要であり、アプリケーションプログラマに誤解を与えないよう、\ 意図的に委譲していない。"
"ja/development_tools/testing_framework/guide/development_guide/06_TestFWGuide/RequestUnitTest_rest.rst","129","para","0","データベース関連機能","","* ``public void beginTransactions()`` * ``public void commitTransactions()`` * ``public void endTransactions()`` * ``public void setThreadContextValues(String s"
"ja/development_tools/testing_framework/guide/development_guide/06_TestFWGuide/RequestUnitTest_rest.rst","136","admonition","0","データベース関連機能","important",""
"ja/development_tools/testing_framework/guide/development_guide/06_TestFWGuide/RequestUnitTest_rest.rst","138","para","0","データベース関連機能","","利用者の利便性を考慮し、データベース関連機能を委譲している。\ しかしRESTfulウェブサービスの単体テストにおいては、委譲された ``assertTableEquals`` などを使って データベースのテーブル内容を確認するテストより、サービスとして公開されたAPIに問い合わせることで データベースに依存することな"
"ja/development_tools/testing_framework/guide/development_guide/06_TestFWGuide/RequestUnitTest_rest.rst","147","heading","1","","事前準備補助機能",""
"ja/development_tools/testing_framework/guide/development_guide/06_TestFWGuide/RequestUnitTest_rest.rst","149","para","0","事前準備補助機能","","内蔵サーバへのリクエスト送信には、 ``HttpRequest`` のインスタンスが必要となる。\ ``RestTestSupport`` クラスでは、 ``HttpRequest`` をリクエスト単体テスト用に拡張した\ ``RestMockHttpRequest`` のオブジェクトを簡単に作成できるよう\ 5つのメ"
"ja/development_tools/testing_framework/guide/development_guide/06_TestFWGuide/RequestUnitTest_rest.rst","154","code","0","事前準備補助機能","java",""
"ja/development_tools/testing_framework/guide/development_guide/06_TestFWGuide/RequestUnitTest_rest.rst","156","para","0","事前準備補助機能","","RestMockHttpRequest get(String uri) RestMockHttpRequest post(String uri) RestMockHttpRequest put(String uri) RestMockHttpRequest patch(String uri) RestMockHttpR"
"ja/development_tools/testing_framework/guide/development_guide/06_TestFWGuide/RequestUnitTest_rest.rst","163","para","0","事前準備補助機能","","引数には、以下の値を引き渡す。"
"ja/development_tools/testing_framework/guide/development_guide/06_TestFWGuide/RequestUnitTest_rest.rst","165","para","0","事前準備補助機能","","* テスト対象となるリクエストURI"
"ja/development_tools/testing_framework/guide/development_guide/06_TestFWGuide/RequestUnitTest_rest.rst","167","para","0","事前準備補助機能","","これらのメソッドでは、受け取ったリクエストURIを元に ``RestMockHttpRequest`` インスタンスを生成し、\ メソッド名に応じたHTTPメソッドを設定した上で返却する。\ リクエストパラメータなどURI以外のデータを設定したい場合は、\ 本メソッド呼び出しにより取得したインスタンスに対してデータを設"
"ja/development_tools/testing_framework/guide/development_guide/06_TestFWGuide/RequestUnitTest_rest.rst","172","para","0","事前準備補助機能","","また上記以外のHTTPメソッドで ``RestMockHttpRequest`` のオブジェクトを作成したい場合は以下のメソッドを使用する。"
"ja/development_tools/testing_framework/guide/development_guide/06_TestFWGuide/RequestUnitTest_rest.rst","174","code","0","事前準備補助機能","java",""
"ja/development_tools/testing_framework/guide/development_guide/06_TestFWGuide/RequestUnitTest_rest.rst","176","para","0","事前準備補助機能","","RestMockHttpRequest newRequest(String httpMethod, String uri)"
"ja/development_tools/testing_framework/guide/development_guide/06_TestFWGuide/RequestUnitTest_rest.rst","178","para","0","事前準備補助機能","","第1引数にはHTTPメソッドを、第2引数にはテスト対象となるリクエストURIを引き渡す。"
"ja/development_tools/testing_framework/guide/development_guide/06_TestFWGuide/RequestUnitTest_rest.rst","180","admonition","0","事前準備補助機能","tip",""
"ja/development_tools/testing_framework/guide/development_guide/06_TestFWGuide/RequestUnitTest_rest.rst","182","para","0","事前準備補助機能","","``RestMockHttpRequest`` は流れるようなインターフェイスでパラメータなどを設定できるよう メソッドをオーバーライドして自身のインスタンスを返すようにしてある。 使用できるメソッドの詳細は :java:extdoc:`Javadoc <nablarch.fw.web.RestMockHttpRequ"
"ja/development_tools/testing_framework/guide/development_guide/06_TestFWGuide/RequestUnitTest_rest.rst","186","para","0","事前準備補助機能","","リクエストを構築する例"
"ja/development_tools/testing_framework/guide/development_guide/06_TestFWGuide/RequestUnitTest_rest.rst","188","code","0","事前準備補助機能","java","RestMockHttpRequest request = post(""/projects"")
.setHeader(""Authorization"",""Bearer token"")
.setCookie(cookie);"
"ja/development_tools/testing_framework/guide/development_guide/06_TestFWGuide/RequestUnitTest_rest.rst","197","heading","1","","実行",""
"ja/development_tools/testing_framework/guide/development_guide/06_TestFWGuide/RequestUnitTest_rest.rst","199","para","0","実行","","``RestTestSupport``  にある下記のメソッドを呼び出すことで、\ 内蔵サーバが起動されリクエストが送信される。"
"ja/development_tools/testing_framework/guide/development_guide/06_TestFWGuide/RequestUnitTest_rest.rst","202","code","0","実行","java",""
"ja/development_tools/testing_framework/guide/development_guide/06_TestFWGuide/RequestUnitTest_rest.rst","204","para","0","実行","","HttpResponse sendRequest(HttpRequest request)"
"ja/development_tools/testing_framework/guide/development_guide/06_TestFWGuide/RequestUnitTest_rest.rst","209","heading","1","","結果確認",""
"ja/development_tools/testing_framework/guide/development_guide/06_TestFWGuide/RequestUnitTest_rest.rst","213","heading","2","結果確認","ステータスコード",""
"ja/development_tools/testing_framework/guide/development_guide/06_TestFWGuide/RequestUnitTest_rest.rst","215","para","0","結果確認 > ステータスコード","","``RestTestSupport`` にある下記のメソッドを呼び出すことで、\ レスポンスのHTTPステータスコードが想定通りであることを確認する。"
"ja/development_tools/testing_framework/guide/development_guide/06_TestFWGuide/RequestUnitTest_rest.rst","218","code","0","結果確認 > ステータスコード","java",""
"ja/development_tools/testing_framework/guide/development_guide/06_TestFWGuide/RequestUnitTest_rest.rst","221","para","0","結果確認 > ステータスコード","","void assertStatusCode(String message, HttpResponse.Status expected, HttpResponse response);"
"ja/development_tools/testing_framework/guide/development_guide/06_TestFWGuide/RequestUnitTest_rest.rst","224","para","0","結果確認 > ステータスコード","","引数には、以下の値を引き渡す。"
"ja/development_tools/testing_framework/guide/development_guide/06_TestFWGuide/RequestUnitTest_rest.rst","226","para","0","結果確認 > ステータスコード","","* アサート失敗時のメッセージ * 期待するステータス( ``HttpResponse.Status`` のEnum) * 内蔵サーバから返却された ``HttpResponse`` インスタンス"
"ja/development_tools/testing_framework/guide/development_guide/06_TestFWGuide/RequestUnitTest_rest.rst","231","para","0","結果確認 > ステータスコード","","期待するステータスコードとレスポンスのステータスコードが一致しなかった場合\ アサート失敗となる。"
"ja/development_tools/testing_framework/guide/development_guide/06_TestFWGuide/RequestUnitTest_rest.rst","236","heading","2","結果確認","レスポンスボディ",""
"ja/development_tools/testing_framework/guide/development_guide/06_TestFWGuide/RequestUnitTest_rest.rst","238","para","0","結果確認 > レスポンスボディ","","レスポンスボディの検証についてはフレームワークでは仕組みを用意していない。 各プロジェクトの要件に合わせて `JSONAssert(外部サイト、英語) <https://jsonassert.skyscreamer.org/>`_ や `json-path-assert(外部サイト、英語) <https://githu"
"ja/development_tools/testing_framework/guide/development_guide/06_TestFWGuide/RequestUnitTest_rest.rst","243","admonition","0","結果確認 > レスポンスボディ","tip",""
"ja/development_tools/testing_framework/guide/development_guide/06_TestFWGuide/RequestUnitTest_rest.rst","245","para","0","結果確認 > レスポンスボディ","","\ :doc:`RESTfulウェブサービスのブランクプロジェクト <../../../../../application_framework/application_framework/blank_project/setup_blankProject/setup_WebService>`\ を作成した場合 上記の `"
"ja/development_tools/testing_framework/guide/development_guide/06_TestFWGuide/RequestUnitTest_rest.rst","252","para","0","結果確認 > レスポンスボディ","","**レスポンスボディ検証の補助機能**"
"ja/development_tools/testing_framework/guide/development_guide/06_TestFWGuide/RequestUnitTest_rest.rst","254","para","0","結果確認 > レスポンスボディ","","レスポンスボディの検証をする際に、期待されるボディをJSONファイルやXMLファイルとして用意したい場合がある。 JSONAssertのように外部ライブラリが期待値として ``String`` しか引数に受け付けない場合に対応するため ``RestTestSupport`` にはファイルを読み込み ``String``"
"ja/development_tools/testing_framework/guide/development_guide/06_TestFWGuide/RequestUnitTest_rest.rst","258","code","0","結果確認 > レスポンスボディ","java",""
"ja/development_tools/testing_framework/guide/development_guide/06_TestFWGuide/RequestUnitTest_rest.rst","260","para","0","結果確認 > レスポンスボディ","","String readTextResource(String fileName)"
"ja/development_tools/testing_framework/guide/development_guide/06_TestFWGuide/RequestUnitTest_rest.rst","262","para","0","結果確認 > レスポンスボディ","","このメソッドでは、以下のようにテストクラスと同じ名前のディレクトリにあるリソースから 引数で指定したファイル名でファイルを読み込み ``String`` に変換する。"
"ja/development_tools/testing_framework/guide/development_guide/06_TestFWGuide/RequestUnitTest_rest.rst","265","table","0","結果確認 > レスポンスボディ","","ファイルの種類 | 配置ディレクトリ | ファイル名"
"ja/development_tools/testing_framework/guide/development_guide/06_TestFWGuide/RequestUnitTest_rest.rst","277","heading","2","結果確認","各種設定値",""
"ja/development_tools/testing_framework/guide/development_guide/06_TestFWGuide/RequestUnitTest_rest.rst","279","para","0","結果確認 > 各種設定値","","環境設定に依存する設定値については、コンポーネント設定ファイルで変更できる。\ 設定可能な項目を以下に示す。"
"ja/development_tools/testing_framework/guide/development_guide/06_TestFWGuide/RequestUnitTest_rest.rst","283","heading","1","","コンポーネント設定ファイル設定項目一覧",""
"ja/development_tools/testing_framework/guide/development_guide/06_TestFWGuide/RequestUnitTest_rest.rst","285","table","0","コンポーネント設定ファイル設定項目一覧","","設定項目名 | 説明 | デフォルト値"
"ja/development_tools/testing_framework/guide/development_guide/06_TestFWGuide/RequestUnitTest_rest.rst","294","para","0","コンポーネント設定ファイル設定項目一覧","","PJ共通のwebモジュールが存在する場合、このプロパティにカンマ区切りでディレクトリを設定する。 複数指定された場合、先頭から順にリソースが読み込まれる。"
"ja/development_tools/testing_framework/guide/development_guide/06_TestFWGuide/RequestUnitTest_rest.rst","297","para","0","コンポーネント設定ファイル設定項目一覧","","以下に例を示す。"
"ja/development_tools/testing_framework/guide/development_guide/06_TestFWGuide/RequestUnitTest_rest.rst","299","code","0","コンポーネント設定ファイル設定項目一覧","xml","<component name=""restTestConfiguration"" class=""nablarch.test.core.http.RestTestConfiguration"">
<property name=""webBaseDir"" value=""/path/to/web-a/,/path/to/web-common""/>"
"ja/development_tools/testing_framework/guide/development_guide/06_TestFWGuide/RequestUnitTest_rest.rst","304","para","0","コンポーネント設定ファイル設定項目一覧","","この場合、web-a、web-commonの順にリソースが探索される。"
"ja/development_tools/testing_framework/guide/development_guide/06_TestFWGuide/RequestUnitTest_rest.rst","307","para","0","コンポーネント設定ファイル設定項目一覧","","ウェブアプリケーション実行基盤とウェブサービス実行基盤をひとつのWarで実行する場合など :ref:`Webフロントコントローラー <web_front_controller>` をデフォルトの""webFrontController""以外の名前で コンポーネント登録する場合がある。 そのような場合は、このプロパティにウ"
"ja/development_tools/testing_framework/guide/development_guide/06_TestFWGuide/RequestUnitTest_rest.rst","313","para","0","コンポーネント設定ファイル設定項目一覧","","以下に例を示す。"
"ja/development_tools/testing_framework/guide/development_guide/06_TestFWGuide/RequestUnitTest_rest.rst","315","para","0","コンポーネント設定ファイル設定項目一覧","","ウェブアプリケーション実行基盤用のWebフロントコントローラー( ``webFrontController`` )と ウェブサービス実行基盤用のWebフロントコントローラー( ``jaxrsController`` )が登録されているコンポーネント定義。"
"ja/development_tools/testing_framework/guide/development_guide/06_TestFWGuide/RequestUnitTest_rest.rst","318","code","0","コンポーネント設定ファイル設定項目一覧","xml","<!-- ハンドラキュー構成 -->
<component name=""webFrontController"" class=""nablarch.fw.web.servlet.WebFrontController"">
<property name=""handlerQueue"">"
"ja/development_tools/testing_framework/guide/development_guide/06_TestFWGuide/RequestUnitTest_rest.rst","351","para","0","コンポーネント設定ファイル設定項目一覧","","デフォルト設定でRESTfulウェブサービス実行基盤向けテスティングフレームワークを使用すると ""webFrontController""が使用されるため、ウェブアプリケーション向けのWebフロントコントローラーが実行される。 以下のように設定を上書きすることでウェブサービス向けのWebフロントコントローラーを使用できる"
"ja/development_tools/testing_framework/guide/development_guide/06_TestFWGuide/RequestUnitTest_rest.rst","355","code","0","コンポーネント設定ファイル設定項目一覧","xml","<import file=""nablarch/test/rest-request-test.xml""/>
<!--  デフォルトのコンポーネント定義をimport後に上書きする。-->
<component name=""restTestConfiguration"" class=""nablarch.test.core.http.RestTestConfiguration"">"
"ja/development_tools/testing_framework/guide/development_guide/06_TestFWGuide/RequestUnitTest_send_sync.rst","3","heading","1","","リクエスト単体テスト（同期応答メッセージ送信処理）",""
"ja/development_tools/testing_framework/guide/development_guide/06_TestFWGuide/RequestUnitTest_send_sync.rst","7","heading","1","","概要",""
"ja/development_tools/testing_framework/guide/development_guide/06_TestFWGuide/RequestUnitTest_send_sync.rst","9","para","0","概要","","リクエスト単体テスト（同期応答メッセージ送信処理)では、 要求電文1件をキューに送信し、結果を同期的に受信する際の動作を擬似的に再現し、テストを行う。"
"ja/development_tools/testing_framework/guide/development_guide/06_TestFWGuide/RequestUnitTest_send_sync.rst","13","admonition","0","概要","tip",""
"ja/development_tools/testing_framework/guide/development_guide/06_TestFWGuide/RequestUnitTest_send_sync.rst","14","para","0","概要","","リクエスト単体テストそのものの概要については、 :ref:`message_sendSyncMessage_test` を参照。"
"ja/development_tools/testing_framework/guide/development_guide/06_TestFWGuide/RequestUnitTest_send_sync.rst","20","heading","2","概要","全体像",""
"ja/development_tools/testing_framework/guide/development_guide/06_TestFWGuide/RequestUnitTest_send_sync.rst","22","para","0","概要 > 全体像","","バッチ処理の中で同期応答メッセージ送信処理を行う場合について、以下に全体像を示す。"
"ja/development_tools/testing_framework/guide/development_guide/06_TestFWGuide/RequestUnitTest_send_sync.rst","24","figure","0","概要 > 全体像","","./_images/send_sync.png"
"ja/development_tools/testing_framework/guide/development_guide/06_TestFWGuide/RequestUnitTest_send_sync.rst","29","admonition","0","概要 > 全体像","tip",""
"ja/development_tools/testing_framework/guide/development_guide/06_TestFWGuide/RequestUnitTest_send_sync.rst","30","para","0","概要 > 全体像","","同期応答メッセージ送信処理のリクエスト単体テストを行う場合、テストケースの親クラスは以下の２クラスのうちのいずれかを継承しておく必要がある。"
"ja/development_tools/testing_framework/guide/development_guide/06_TestFWGuide/RequestUnitTest_send_sync.rst","32","para","0","概要 > 全体像","","* StandaloneTestSupportTemplate * AbstractHttpRequestTestTemplate"
"ja/development_tools/testing_framework/guide/development_guide/06_TestFWGuide/RequestUnitTest_send_sync.rst","38","heading","1","","主なクラス, リソース",""
"ja/development_tools/testing_framework/guide/development_guide/06_TestFWGuide/RequestUnitTest_send_sync.rst","40","table","0","主なクラス, リソース","","名称 | 役割 | 作成単位"
"ja/development_tools/testing_framework/guide/development_guide/06_TestFWGuide/RequestUnitTest_send_sync.rst","69","heading","1","","構造",""
"ja/development_tools/testing_framework/guide/development_guide/06_TestFWGuide/RequestUnitTest_send_sync.rst","73","heading","2","構造","StandaloneTestSupportTemplate",""
"ja/development_tools/testing_framework/guide/development_guide/06_TestFWGuide/RequestUnitTest_send_sync.rst","75","para","0","構造 > StandaloneTestSupportTemplate","","Action実行後に、MockMessagingContextを用いて、要求電文のアサートを行う機能。"
"ja/development_tools/testing_framework/guide/development_guide/06_TestFWGuide/RequestUnitTest_send_sync.rst","77","para","0","構造 > StandaloneTestSupportTemplate","","同期応答メッセージ送信処理のリクエスト単体テストを行う場合は、処理の形態に合わせて 本クラスもしくはAbstractHttpRequestTestTemplateを実装したテストケースを使用する必要がある。"
"ja/development_tools/testing_framework/guide/development_guide/06_TestFWGuide/RequestUnitTest_send_sync.rst","83","heading","2","構造","AbstractHttpRequestTestTemplate",""
"ja/development_tools/testing_framework/guide/development_guide/06_TestFWGuide/RequestUnitTest_send_sync.rst","85","para","0","構造 > AbstractHttpRequestTestTemplate","","Action実行後に、MockMessagingContextを用いて、要求電文のアサートを行う機能。"
"ja/development_tools/testing_framework/guide/development_guide/06_TestFWGuide/RequestUnitTest_send_sync.rst","87","para","0","構造 > AbstractHttpRequestTestTemplate","","同期応答メッセージ送信処理のリクエスト単体テストを行う場合は、処理の形態に合わせて 本クラスもしくはStandaloneTestSupportTemplateを実装したテストケースを使用する必要がある。"
"ja/development_tools/testing_framework/guide/development_guide/06_TestFWGuide/RequestUnitTest_send_sync.rst","92","heading","2","構造","RequestTestingMessagingProvider",""
"ja/development_tools/testing_framework/guide/development_guide/06_TestFWGuide/RequestUnitTest_send_sync.rst","94","para","0","構造 > RequestTestingMessagingProvider","","要求電文のアサートおよび、応答電文の生成・返却する機能を提供するクラス。"
"ja/development_tools/testing_framework/guide/development_guide/06_TestFWGuide/RequestUnitTest_send_sync.rst","96","para","0","構造 > RequestTestingMessagingProvider","","また、Excelに記載された要求電文の期待値と、応答電文の読み込みも実行する。"
"ja/development_tools/testing_framework/guide/development_guide/06_TestFWGuide/RequestUnitTest_send_sync.rst","98","para","0","構造 > RequestTestingMessagingProvider","","本クラスは、以下の準備処理、結果確認機能を提供する。"
"ja/development_tools/testing_framework/guide/development_guide/06_TestFWGuide/RequestUnitTest_send_sync.rst","100","para","0","構造 > RequestTestingMessagingProvider","","+----------------------------+--------------------------+ | 準備処理                   | 結果確認                 | +============================+======================"
"ja/development_tools/testing_framework/guide/development_guide/06_TestFWGuide/RequestUnitTest_send_sync.rst","106","admonition","0","構造 > RequestTestingMessagingProvider","tip",""
"ja/development_tools/testing_framework/guide/development_guide/06_TestFWGuide/RequestUnitTest_send_sync.rst","107","para","0","構造 > RequestTestingMessagingProvider","","要求電文のアサートは、要求電文が送信されるたびに行うのではなく、Action実行後に一括で行う。"
"ja/development_tools/testing_framework/guide/development_guide/06_TestFWGuide/RequestUnitTest_send_sync.rst","112","heading","2","構造","MessageSender",""
"ja/development_tools/testing_framework/guide/development_guide/06_TestFWGuide/RequestUnitTest_send_sync.rst","114","para","0","構造 > MessageSender","","同期応答メッセージ送信処理で使用するコンポーネント。"
"ja/development_tools/testing_framework/guide/development_guide/06_TestFWGuide/RequestUnitTest_send_sync.rst","116","para","0","構造 > MessageSender","","主に以下の機能を提供する。"
"ja/development_tools/testing_framework/guide/development_guide/06_TestFWGuide/RequestUnitTest_send_sync.rst","118","para","0","構造 > MessageSender","","* Actionなどの呼び出し元から渡されたパラメータから、要求電文を生成する。 * 要求電文を元にMockMessagingContextを実行する。 * MockMessagingContextから返却された応答電文をパースする。 * パース結果のオブジェクトを呼び出し元に返却する。"
"ja/development_tools/testing_framework/guide/development_guide/06_TestFWGuide/RequestUnitTest_send_sync.rst","126","heading","2","構造","TestDataConvertor",""
"ja/development_tools/testing_framework/guide/development_guide/06_TestFWGuide/RequestUnitTest_send_sync.rst","128","para","0","構造 > TestDataConvertor","","Excelから読み込んだテストデータを編集するためのインタフェース。 必要に応じてXMLやJSONなどのデータ種別ごとにアーキテクトが実装する。"
"ja/development_tools/testing_framework/guide/development_guide/06_TestFWGuide/RequestUnitTest_send_sync.rst","131","para","0","構造 > TestDataConvertor","","実装クラスでは以下の機能を実装する。"
"ja/development_tools/testing_framework/guide/development_guide/06_TestFWGuide/RequestUnitTest_send_sync.rst","133","para","0","構造 > TestDataConvertor","","* Excelから読み込んだデータを任意の値に編集する。 * 編集したデータを読み込むためのレイアウト定義データを動的に生成する。"
"ja/development_tools/testing_framework/guide/development_guide/06_TestFWGuide/RequestUnitTest_send_sync.rst","136","para","0","構造 > TestDataConvertor","","本インタフェースを実装することで、例えばExcelに日本語で記述されたデータをURLエンコーディングする等の処理を追加可能である。"
"ja/development_tools/testing_framework/guide/development_guide/06_TestFWGuide/RequestUnitTest_send_sync.rst","138","para","0","構造 > TestDataConvertor","","実装クラスは ""TestDataConverter_<データ種別>"" というキー名でテスト用のコンポーネント設定ファイルに登録する必要がある。"
"ja/development_tools/testing_framework/guide/development_guide/06_TestFWGuide/RequestUnitTest_send_sync.rst","142","heading","1","","テストデータ",""
"ja/development_tools/testing_framework/guide/development_guide/06_TestFWGuide/RequestUnitTest_send_sync.rst","144","para","0","テストデータ","","同期応答メッセージ送信処理固有のテストデータについて説明する。"
"ja/development_tools/testing_framework/guide/development_guide/06_TestFWGuide/RequestUnitTest_send_sync.rst","148","heading","2","テストデータ","同期応答メッセージ送信処理",""
"ja/development_tools/testing_framework/guide/development_guide/06_TestFWGuide/RequestUnitTest_send_sync.rst","150","para","0","テストデータ > 同期応答メッセージ送信処理","","基本的な記述方法は、\ \ :ref:`send_sync_request_write_test_data`\ を参照。"
"ja/development_tools/testing_framework/guide/development_guide/06_TestFWGuide/RequestUnitTest_send_sync.rst","154","admonition","0","テストデータ > 同期応答メッセージ送信処理","tip",""
"ja/development_tools/testing_framework/guide/development_guide/06_TestFWGuide/RequestUnitTest_send_sync.rst","155","para","0","テストデータ > 同期応答メッセージ送信処理","","パディングおよびバイナリデータの扱いは、\ :ref:`about_fixed_length_file`\ と同様である。"
"ja/development_tools/testing_framework/guide/development_guide/06_TestFWGuide/index.rst","5","heading","1","","Nablarchテスティングフレームワークとは",""
"ja/development_tools/testing_framework/guide/development_guide/06_TestFWGuide/index.rst","7","toctree","0","Nablarchテスティングフレームワークとは","toctree","01_Abstract"
"ja/development_tools/testing_framework/guide/development_guide/06_TestFWGuide/index.rst","13","heading","1","","テストクラスの設定",""
"ja/development_tools/testing_framework/guide/development_guide/06_TestFWGuide/index.rst","16","heading","2","テストクラスの設定","データベースを使用するクラスのテスト",""
"ja/development_tools/testing_framework/guide/development_guide/06_TestFWGuide/index.rst","18","toctree","0","テストクラスの設定 > データベースを使用するクラスのテスト","toctree","02_DbAccessTest"
"ja/development_tools/testing_framework/guide/development_guide/06_TestFWGuide/index.rst","24","heading","2","テストクラスの設定","リクエスト単体テスト用クラス",""
"ja/development_tools/testing_framework/guide/development_guide/06_TestFWGuide/index.rst","26","toctree","0","テストクラスの設定 > リクエスト単体テスト用クラス","toctree","02_RequestUnitTest;RequestUnitTest_rest;RequestUnitTest_batch"
"ja/development_tools/testing_framework/guide/development_guide/06_TestFWGuide/index.rst","34","heading","2","テストクラスの設定","リクエスト単体テスト用クラス（メッセージング）",""
"ja/development_tools/testing_framework/guide/development_guide/06_TestFWGuide/index.rst","36","toctree","0","テストクラスの設定 > リクエスト単体テスト用クラス（メッセージング）","toctree","RequestUnitTest_real;RequestUnitTest_send_sync;RequestUnitTest_http_send_sync"
"ja/development_tools/testing_framework/guide/development_guide/06_TestFWGuide/index.rst","44","heading","1","","テストデータの形式",""
"ja/development_tools/testing_framework/guide/development_guide/06_TestFWGuide/index.rst","46","toctree","0","テストデータの形式","toctree","testdata_format"
"ja/development_tools/testing_framework/guide/development_guide/06_TestFWGuide/index.rst","52","heading","1","","JUnit 5用拡張機能",""
"ja/development_tools/testing_framework/guide/development_guide/06_TestFWGuide/index.rst","54","toctree","0","JUnit 5用拡張機能","toctree","JUnit5_Extension"
"ja/development_tools/testing_framework/guide/development_guide/06_TestFWGuide/index.rst","60","heading","1","","マスタデータ復旧機能",""
"ja/development_tools/testing_framework/guide/development_guide/06_TestFWGuide/index.rst","62","toctree","0","マスタデータ復旧機能","toctree","04_MasterDataRestore"
"ja/development_tools/testing_framework/guide/development_guide/06_TestFWGuide/index.rst","68","heading","1","","テストツール",""
"ja/development_tools/testing_framework/guide/development_guide/06_TestFWGuide/index.rst","70","toctree","0","テストツール","toctree","../08_TestTools/index"
"ja/development_tools/testing_framework/guide/development_guide/06_TestFWGuide/testdata_format.rst","5","heading","1","","テストデータの形式",""
"ja/development_tools/testing_framework/guide/development_guide/06_TestFWGuide/testdata_format.rst","7","para","0","テストデータの形式","","テストデータは Excel または YAML ファイルで記述できる。ここでは両形式の概要・違い・使い分けの指針について説明する。"
"ja/development_tools/testing_framework/guide/development_guide/06_TestFWGuide/testdata_format.rst","9","para","0","テストデータの形式","","テストデータの構造（データブロックの種別・識別子など）は :ref:`ntf_testdata_overview` を参照。"
"ja/development_tools/testing_framework/guide/development_guide/06_TestFWGuide/testdata_format.rst","13","heading","2","テストデータの形式","Excel 形式",""
"ja/development_tools/testing_framework/guide/development_guide/06_TestFWGuide/testdata_format.rst","16","heading","1","","概要",""
"ja/development_tools/testing_framework/guide/development_guide/06_TestFWGuide/testdata_format.rst","18","para","0","概要","","テストデータを ``.xls`` ファイル（Excel ブック）に記述する。テストクラスと同名の1ブックを用意し、テスト用途ごとにシートを分けて記述する。"
"ja/development_tools/testing_framework/guide/development_guide/06_TestFWGuide/testdata_format.rst","20","code","0","概要","text","src/test/java/com/example/
FooTest.xls
├── case01  ← シート"
"ja/development_tools/testing_framework/guide/development_guide/06_TestFWGuide/testdata_format.rst","27","para","0","概要","","各シートのセルを**文字列書式**で記述する。数値・日付書式の動作は保証されない。"
"ja/development_tools/testing_framework/guide/development_guide/06_TestFWGuide/testdata_format.rst","30","heading","2","概要","記述例",""
"ja/development_tools/testing_framework/guide/development_guide/06_TestFWGuide/testdata_format.rst","32","code","0","概要 > 記述例","text","LIST_MAP=testShots
| no | description        | expectedStatusCode |
| 1  | 正常に処理されます | 0                  |"
"ja/development_tools/testing_framework/guide/development_guide/06_TestFWGuide/testdata_format.rst","44","heading","2","概要","YAML 形式",""
"ja/development_tools/testing_framework/guide/development_guide/06_TestFWGuide/testdata_format.rst","47","heading","1","","概要",""
"ja/development_tools/testing_framework/guide/development_guide/06_TestFWGuide/testdata_format.rst","49","para","0","概要","","テストデータを YAML ファイルに記述する。テストクラスと同名のディレクトリを用意し、各ファイルが Excel の1シートに相当する。"
"ja/development_tools/testing_framework/guide/development_guide/06_TestFWGuide/testdata_format.rst","51","code","0","概要","text","src/test/java/com/example/
FooTest/
├── case01.yaml  ← ファイル"
"ja/development_tools/testing_framework/guide/development_guide/06_TestFWGuide/testdata_format.rst","58","para","0","概要","","YAML ファイルは **YAML 1.2** に準拠する。YAML 1.1 との主な違いとして、 ``yes`` / ``no`` / ``on`` / ``off`` は真偽値ではなく文字列として扱われる。値は必ず**ダブルクォートで囲む**。"
"ja/development_tools/testing_framework/guide/development_guide/06_TestFWGuide/testdata_format.rst","61","heading","2","概要","記述例",""
"ja/development_tools/testing_framework/guide/development_guide/06_TestFWGuide/testdata_format.rst","63","code","0","概要 > 記述例","yaml","list_maps:
- id: testShots
rows:"
"ja/development_tools/testing_framework/guide/development_guide/06_TestFWGuide/testdata_format.rst","80","heading","2","概要","Excel と YAML の比較",""
"ja/development_tools/testing_framework/guide/development_guide/06_TestFWGuide/testdata_format.rst","82","para","0","概要 > Excel と YAML の比較","","以下に両形式の主な違いを示す。"
"ja/development_tools/testing_framework/guide/development_guide/06_TestFWGuide/testdata_format.rst","85","para","0","概要 > Excel と YAML の比較","",":header-rows: 1 :widths: 20 40 40"
"ja/development_tools/testing_framework/guide/development_guide/06_TestFWGuide/testdata_format.rst","88","para","0","概要 > Excel と YAML の比較","","* - 項目 - Excel - YAML * - ファイル構成 - テストクラスと同名の ``.xls`` ブック（複数シートで管理） - テストクラスと同名のディレクトリ（複数 ``.yaml`` ファイルで管理） * - 読み込み単位 - 1シート - 1ファイル * - データブロック種別の指定方法 - シート"
"ja/development_tools/testing_framework/guide/development_guide/06_TestFWGuide/testdata_format.rst","115","heading","2","概要","使い分けの指針",""
"ja/development_tools/testing_framework/guide/development_guide/06_TestFWGuide/testdata_format.rst","117","para","0","概要 > 使い分けの指針","","以下に使い分けの指針を示す。"
"ja/development_tools/testing_framework/guide/development_guide/06_TestFWGuide/testdata_format.rst","119","para","0","概要 > 使い分けの指針","","新規プロジェクトでは YAML 形式を推奨する。テキスト形式であるためバージョン管理との親和性が高く、差分レビューが容易である。"
"ja/development_tools/testing_framework/guide/development_guide/06_TestFWGuide/testdata_format.rst","121","para","0","概要 > 使い分けの指針","","既存の Excel 形式のテストデータが存在するプロジェクトでは、そのまま Excel を継続使用できる。YAML への移行は任意である。"
"ja/development_tools/testing_framework/guide/development_guide/06_TestFWGuide/testdata_format.rst","123","para","0","概要 > 使い分けの指針","","どちらの形式を使用する場合も、テストデータの記述仕様（データブロックの種別・構造・値の書き方）は共通である。詳細は :ref:`ntf_testdata_overview` 以降の各ページを参照。"
"ja/development_tools/testing_framework/guide/development_guide/06_TestFWGuide/testdata_format.rst","127","heading","2","概要","プロジェクト内での統一方針",""
"ja/development_tools/testing_framework/guide/development_guide/06_TestFWGuide/testdata_format.rst","129","para","0","概要 > プロジェクト内での統一方針","","ここでは、プロジェクト内での形式統一方針について説明する。"
"ja/development_tools/testing_framework/guide/development_guide/06_TestFWGuide/testdata_format.rst","131","para","0","概要 > プロジェクト内での統一方針","","1つのプロジェクト内で Excel と YAML を混在させることは技術的には可能だが、保守性の観点からいずれか一方に統一することを推奨する。混在させる場合は、テストクラスごとにどちらか一方を使用し、同一テストクラスで両形式を同時に使用することはできない。"
"ja/development_tools/testing_framework/guide/development_guide/06_TestFWGuide/testdata/examples.rst","5","heading","1","","テストデータの記述例",""
"ja/development_tools/testing_framework/guide/development_guide/06_TestFWGuide/testdata/examples.rst","7","para","0","テストデータの記述例","","テストデータは Excel または YAML ファイルで記述できる。"
"ja/development_tools/testing_framework/guide/development_guide/06_TestFWGuide/testdata/examples.rst","9","para","0","テストデータの記述例","","ここでは用途別の記述例を Excel と YAML の対比形式で示す。仕様の詳細は :ref:`ntf_testdata` 以降の各節を参照。"
"ja/development_tools/testing_framework/guide/development_guide/06_TestFWGuide/testdata/examples.rst","12","para","0","テストデータの記述例","",":local: :depth: 2"
"ja/development_tools/testing_framework/guide/development_guide/06_TestFWGuide/testdata/examples.rst","17","heading","2","テストデータの記述例","テストデータ全体像の例",""
"ja/development_tools/testing_framework/guide/development_guide/06_TestFWGuide/testdata/examples.rst","19","para","0","テストデータの記述例 > テストデータ全体像の例","","バッチ処理のリクエスト単体テストの例を以下に示す。1ファイルにテストケース・セットアップ・検証が共存する。"
"ja/development_tools/testing_framework/guide/development_guide/06_TestFWGuide/testdata/examples.rst","22","heading","3","テストデータの記述例 > テストデータ全体像の例","Excelの場合",""
"ja/development_tools/testing_framework/guide/development_guide/06_TestFWGuide/testdata/examples.rst","24","para","0","テストデータの記述例 > テストデータ全体像の例 > Excelの場合","","各データブロックはシート先頭のラベルで種別が決まる。"
"ja/development_tools/testing_framework/guide/development_guide/06_TestFWGuide/testdata/examples.rst","26","code","0","テストデータの記述例 > テストデータ全体像の例 > Excelの場合","text","LIST_MAP=testShots
| no | description        | expectedStatusCode | setUpTable | expectedTable | setUpFile | expectedFile | diConfig                                   | requestPath      | userId | expectedLog |
| 1  | 正しく更新されます | 0                  | default    | default       |           |              | nablarch/test/core/batch/BatchSample.xml   | DBtoDBBatchSample | test  | expectedLog |"
"ja/development_tools/testing_framework/guide/development_guide/06_TestFWGuide/testdata/examples.rst","47","para","0","テストデータの記述例 > テストデータ全体像の例 > Excelの場合","","- 種別はブロック先頭のラベルで決まる。``LIST_MAP=testShots`` がテストケース定義、``SETUP_TABLE`` がセットアップ、``EXPECTED_TABLE`` が検証、``LIST_MAP=expectedLog`` が期待ログである。"
"ja/development_tools/testing_framework/guide/development_guide/06_TestFWGuide/testdata/examples.rst","50","heading","3","テストデータの記述例 > テストデータ全体像の例","YAMLの場合",""
"ja/development_tools/testing_framework/guide/development_guide/06_TestFWGuide/testdata/examples.rst","52","para","0","テストデータの記述例 > テストデータ全体像の例 > YAMLの場合","","種別はトップレベルキーで決まる。"
"ja/development_tools/testing_framework/guide/development_guide/06_TestFWGuide/testdata/examples.rst","54","code","0","テストデータの記述例 > テストデータ全体像の例 > YAMLの場合","yaml","list_maps:
- id: testShots
rows:"
"ja/development_tools/testing_framework/guide/development_guide/06_TestFWGuide/testdata/examples.rst","99","para","0","テストデータの記述例 > テストデータ全体像の例 > YAMLの場合","","- 種別はトップレベルキーで決まる。``list_maps:`` の ``id: testShots`` がテストケース定義、``setup_tables:`` がセットアップ、``expected_tables:`` が検証である。 - 同一ファイル内に ``list_maps:`` の複数エントリを並べることができ"
"ja/development_tools/testing_framework/guide/development_guide/06_TestFWGuide/testdata/examples.rst","104","heading","2","テストデータの記述例","グループIDを使った記述例",""
"ja/development_tools/testing_framework/guide/development_guide/06_TestFWGuide/testdata/examples.rst","106","para","0","テストデータの記述例 > グループIDを使った記述例","","テストケースごとに異なるセットアップ・検証データを使い分ける例を以下に示す。"
"ja/development_tools/testing_framework/guide/development_guide/06_TestFWGuide/testdata/examples.rst","109","heading","3","テストデータの記述例 > グループIDを使った記述例","Excelの場合",""
"ja/development_tools/testing_framework/guide/development_guide/06_TestFWGuide/testdata/examples.rst","111","para","0","テストデータの記述例 > グループIDを使った記述例 > Excelの場合","","グループIDはセクションラベルの ``[...]`` で表す。"
"ja/development_tools/testing_framework/guide/development_guide/06_TestFWGuide/testdata/examples.rst","113","code","0","テストデータの記述例 > グループIDを使った記述例 > Excelの場合","text","LIST_MAP=testShots
| no | description | expectedStatusCode | setUpTable | expectedTable |
| 1  | 正常注文    | 0                  | case01     | case01        |"
"ja/development_tools/testing_framework/guide/development_guide/06_TestFWGuide/testdata/examples.rst","139","heading","3","テストデータの記述例 > グループIDを使った記述例","YAMLの場合",""
"ja/development_tools/testing_framework/guide/development_guide/06_TestFWGuide/testdata/examples.rst","141","para","0","テストデータの記述例 > グループIDを使った記述例 > YAMLの場合","","グループIDは各セクションの ``group_id`` キーで表す。"
"ja/development_tools/testing_framework/guide/development_guide/06_TestFWGuide/testdata/examples.rst","143","code","0","テストデータの記述例 > グループIDを使った記述例 > YAMLの場合","yaml","list_maps:
- id: testShots
rows:"
"ja/development_tools/testing_framework/guide/development_guide/06_TestFWGuide/testdata/examples.rst","204","heading","2","テストデータの記述例","testShots の記述例",""
"ja/development_tools/testing_framework/guide/development_guide/06_TestFWGuide/testdata/examples.rst","206","para","0","テストデータの記述例 > testShots の記述例","","処理方式別の ``testShots`` 記述例を以下に示す。"
"ja/development_tools/testing_framework/guide/development_guide/06_TestFWGuide/testdata/examples.rst","211","heading","3","テストデータの記述例 > testShots の記述例","ウェブアプリケーション（HttpRequestTestSupport）",""
"ja/development_tools/testing_framework/guide/development_guide/06_TestFWGuide/testdata/examples.rst","213","para","0","テストデータの記述例 > testShots の記述例 > ウェブアプリケーション（HttpRequestTestSupport）","","処理方式固有のカラム構成を以下に示す。"
"ja/development_tools/testing_framework/guide/development_guide/06_TestFWGuide/testdata/examples.rst","216","heading","4","テストデータの記述例 > testShots の記述例 > ウェブアプリケーション（HttpRequestTestSupport）","Excelの場合",""
"ja/development_tools/testing_framework/guide/development_guide/06_TestFWGuide/testdata/examples.rst","218","para","0","テストデータの記述例 > testShots の記述例 > ウェブアプリケーション（HttpRequestTestSupport） > Excelの場合","","処理方式固有のカラム構成を以下に示す。"
"ja/development_tools/testing_framework/guide/development_guide/06_TestFWGuide/testdata/examples.rst","220","code","0","テストデータの記述例 > testShots の記述例 > ウェブアプリケーション（HttpRequestTestSupport） > Excelの場合","text","LIST_MAP=testShots
| no | description  | isValidToken | expectedStatusCode | forwardUri | context    |
| 1  | 正常ケース   | 0            | 200                | /success   | context001 |"
"ja/development_tools/testing_framework/guide/development_guide/06_TestFWGuide/testdata/examples.rst","232","heading","4","テストデータの記述例 > testShots の記述例 > ウェブアプリケーション（HttpRequestTestSupport）","YAMLの場合",""
"ja/development_tools/testing_framework/guide/development_guide/06_TestFWGuide/testdata/examples.rst","234","para","0","テストデータの記述例 > testShots の記述例 > ウェブアプリケーション（HttpRequestTestSupport） > YAMLの場合","","処理方式固有のカラム構成を以下に示す。"
"ja/development_tools/testing_framework/guide/development_guide/06_TestFWGuide/testdata/examples.rst","236","code","0","テストデータの記述例 > testShots の記述例 > ウェブアプリケーション（HttpRequestTestSupport） > YAMLの場合","yaml","list_maps:
- id: testShots
rows:"
"ja/development_tools/testing_framework/guide/development_guide/06_TestFWGuide/testdata/examples.rst","260","heading","3","テストデータの記述例 > testShots の記述例","バッチ処理（BatchRequestTestSupport）",""
"ja/development_tools/testing_framework/guide/development_guide/06_TestFWGuide/testdata/examples.rst","262","para","0","テストデータの記述例 > testShots の記述例 > バッチ処理（BatchRequestTestSupport）","","処理方式固有のカラム構成を以下に示す。"
"ja/development_tools/testing_framework/guide/development_guide/06_TestFWGuide/testdata/examples.rst","265","heading","4","テストデータの記述例 > testShots の記述例 > バッチ処理（BatchRequestTestSupport）","Excelの場合",""
"ja/development_tools/testing_framework/guide/development_guide/06_TestFWGuide/testdata/examples.rst","267","para","0","テストデータの記述例 > testShots の記述例 > バッチ処理（BatchRequestTestSupport） > Excelの場合","","処理方式固有のカラム構成を以下に示す。"
"ja/development_tools/testing_framework/guide/development_guide/06_TestFWGuide/testdata/examples.rst","269","code","0","テストデータの記述例 > testShots の記述例 > バッチ処理（BatchRequestTestSupport） > Excelの場合","text","LIST_MAP=testShots
| no | description        | expectedStatusCode | diConfig                                   | requestPath        | userId | setUpFile |
| 1  | 正しく更新されます | 0                  | nablarch/test/core/batch/BatchSample.xml   | DBtoDBBatchSample  | test   |           |"
"ja/development_tools/testing_framework/guide/development_guide/06_TestFWGuide/testdata/examples.rst","277","heading","4","テストデータの記述例 > testShots の記述例 > バッチ処理（BatchRequestTestSupport）","YAMLの場合",""
"ja/development_tools/testing_framework/guide/development_guide/06_TestFWGuide/testdata/examples.rst","279","para","0","テストデータの記述例 > testShots の記述例 > バッチ処理（BatchRequestTestSupport） > YAMLの場合","","処理方式固有のカラム構成を以下に示す。"
"ja/development_tools/testing_framework/guide/development_guide/06_TestFWGuide/testdata/examples.rst","281","code","0","テストデータの記述例 > testShots の記述例 > バッチ処理（BatchRequestTestSupport） > YAMLの場合","yaml","list_maps:
- id: testShots
rows:"
"ja/development_tools/testing_framework/guide/development_guide/06_TestFWGuide/testdata/examples.rst","302","heading","3","テストデータの記述例 > testShots の記述例","メッセージング（MessagingRequestTestSupport）",""
"ja/development_tools/testing_framework/guide/development_guide/06_TestFWGuide/testdata/examples.rst","304","para","0","テストデータの記述例 > testShots の記述例 > メッセージング（MessagingRequestTestSupport）","","処理方式固有のカラム構成を以下に示す。"
"ja/development_tools/testing_framework/guide/development_guide/06_TestFWGuide/testdata/examples.rst","307","heading","4","テストデータの記述例 > testShots の記述例 > メッセージング（MessagingRequestTestSupport）","Excelの場合",""
"ja/development_tools/testing_framework/guide/development_guide/06_TestFWGuide/testdata/examples.rst","309","para","0","テストデータの記述例 > testShots の記述例 > メッセージング（MessagingRequestTestSupport） > Excelの場合","","処理方式固有のカラム構成を以下に示す。"
"ja/development_tools/testing_framework/guide/development_guide/06_TestFWGuide/testdata/examples.rst","311","code","0","テストデータの記述例 > testShots の記述例 > メッセージング（MessagingRequestTestSupport） > Excelの場合","text","LIST_MAP=testShots
| no | description      | expectedStatusCode | diConfig                              | requestPath | userId     | expectedMessage | responseMessage |
| 1  | 電文送受信テスト | 0                  | batch-test-component-configuration.xml | BM21AA0106 | batch_user | case1           | res_case1       |"
"ja/development_tools/testing_framework/guide/development_guide/06_TestFWGuide/testdata/examples.rst","318","heading","4","テストデータの記述例 > testShots の記述例 > メッセージング（MessagingRequestTestSupport）","YAMLの場合",""
"ja/development_tools/testing_framework/guide/development_guide/06_TestFWGuide/testdata/examples.rst","320","para","0","テストデータの記述例 > testShots の記述例 > メッセージング（MessagingRequestTestSupport） > YAMLの場合","","処理方式固有のカラム構成を以下に示す。"
"ja/development_tools/testing_framework/guide/development_guide/06_TestFWGuide/testdata/examples.rst","322","code","0","テストデータの記述例 > testShots の記述例 > メッセージング（MessagingRequestTestSupport） > YAMLの場合","yaml","list_maps:
- id: testShots
rows:"
"ja/development_tools/testing_framework/guide/development_guide/06_TestFWGuide/testdata/examples.rst","337","heading","3","テストデータの記述例 > testShots の記述例","エンティティバリデーション（EntityTestSupport）",""
"ja/development_tools/testing_framework/guide/development_guide/06_TestFWGuide/testdata/examples.rst","339","para","0","テストデータの記述例 > testShots の記述例 > エンティティバリデーション（EntityTestSupport）","","処理方式固有のカラム構成を以下に示す。"
"ja/development_tools/testing_framework/guide/development_guide/06_TestFWGuide/testdata/examples.rst","342","heading","4","テストデータの記述例 > testShots の記述例 > エンティティバリデーション（EntityTestSupport）","Excelの場合",""
"ja/development_tools/testing_framework/guide/development_guide/06_TestFWGuide/testdata/examples.rst","344","para","0","テストデータの記述例 > testShots の記述例 > エンティティバリデーション（EntityTestSupport） > Excelの場合","","処理方式固有のカラム構成を以下に示す。"
"ja/development_tools/testing_framework/guide/development_guide/06_TestFWGuide/testdata/examples.rst","346","code","0","テストデータの記述例 > testShots の記述例 > エンティティバリデーション（EntityTestSupport） > Excelの場合","text","LIST_MAP=testShots
| title     | expectedMessageId1 | propertyName1 |
| 必須チェック | errors.required  | userName      |"
"ja/development_tools/testing_framework/guide/development_guide/06_TestFWGuide/testdata/examples.rst","353","heading","4","テストデータの記述例 > testShots の記述例 > エンティティバリデーション（EntityTestSupport）","YAMLの場合",""
"ja/development_tools/testing_framework/guide/development_guide/06_TestFWGuide/testdata/examples.rst","355","para","0","テストデータの記述例 > testShots の記述例 > エンティティバリデーション（EntityTestSupport） > YAMLの場合","","処理方式固有のカラム構成を以下に示す。"
"ja/development_tools/testing_framework/guide/development_guide/06_TestFWGuide/testdata/examples.rst","357","code","0","テストデータの記述例 > testShots の記述例 > エンティティバリデーション（EntityTestSupport） > YAMLの場合","yaml","list_maps:
- id: testShots
rows:"
"ja/development_tools/testing_framework/guide/development_guide/06_TestFWGuide/testdata/examples.rst","370","heading","2","テストデータの記述例","テーブルデータの記述例",""
"ja/development_tools/testing_framework/guide/development_guide/06_TestFWGuide/testdata/examples.rst","372","para","0","テストデータの記述例 > テーブルデータの記述例","","以下に SETUP_TABLE・EXPECTED_TABLE・LIST_MAP の記述例を示す。"
"ja/development_tools/testing_framework/guide/development_guide/06_TestFWGuide/testdata/examples.rst","375","heading","3","テストデータの記述例 > テーブルデータの記述例","SETUP_TABLE（初期データ投入）",""
"ja/development_tools/testing_framework/guide/development_guide/06_TestFWGuide/testdata/examples.rst","378","heading","4","テストデータの記述例 > テーブルデータの記述例 > SETUP_TABLE（初期データ投入）","Excelの場合",""
"ja/development_tools/testing_framework/guide/development_guide/06_TestFWGuide/testdata/examples.rst","380","code","0","テストデータの記述例 > テーブルデータの記述例 > SETUP_TABLE（初期データ投入） > Excelの場合","text","SETUP_TABLE=MEMBER
| MEMBER_ID  | NAME     | RANK | SCORE | RATE | PROFILE          | PHOTO                         |
| 0000000101 | 山田太郎 | 1    | 85000 | 1.5  | ゴールド会員です | ${binaryFile:testdata.txt}    |"
"ja/development_tools/testing_framework/guide/development_guide/06_TestFWGuide/testdata/examples.rst","388","heading","4","テストデータの記述例 > テーブルデータの記述例 > SETUP_TABLE（初期データ投入）","YAMLの場合",""
"ja/development_tools/testing_framework/guide/development_guide/06_TestFWGuide/testdata/examples.rst","390","code","0","テストデータの記述例 > テーブルデータの記述例 > SETUP_TABLE（初期データ投入） > YAMLの場合","yaml","setup_tables:
- table: MEMBER
rows:"
"ja/development_tools/testing_framework/guide/development_guide/06_TestFWGuide/testdata/examples.rst","410","para","0","テストデータの記述例 > テーブルデータの記述例 > SETUP_TABLE（初期データ投入） > YAMLの場合","","- NULL 値は Excel では ``Null``（大文字小文字不問）、YAML ではアンクォートの ``null`` で記述する（ ``""null""`` とクォートしても同じく Java null になる）。"
"ja/development_tools/testing_framework/guide/development_guide/06_TestFWGuide/testdata/examples.rst","413","heading","3","テストデータの記述例 > テーブルデータの記述例","EXPECTED_TABLE と EXPECTED_COMPLETE_TABLE",""
"ja/development_tools/testing_framework/guide/development_guide/06_TestFWGuide/testdata/examples.rst","416","heading","4","テストデータの記述例 > テーブルデータの記述例 > EXPECTED_TABLE と EXPECTED_COMPLETE_TABLE","Excelの場合",""
"ja/development_tools/testing_framework/guide/development_guide/06_TestFWGuide/testdata/examples.rst","418","code","0","テストデータの記述例 > テーブルデータの記述例 > EXPECTED_TABLE と EXPECTED_COMPLETE_TABLE > Excelの場合","text","EXPECTED_TABLE=MEMBER
| MEMBER_ID  | NAME     | RANK | SCORE | UPDATED_DATE          |
| 0000000101 | 山田太郎 | 1    | 87500 | 2024-04-01 09:00:00.0 |"
"ja/development_tools/testing_framework/guide/development_guide/06_TestFWGuide/testdata/examples.rst","431","heading","4","テストデータの記述例 > テーブルデータの記述例 > EXPECTED_TABLE と EXPECTED_COMPLETE_TABLE","YAMLの場合",""
"ja/development_tools/testing_framework/guide/development_guide/06_TestFWGuide/testdata/examples.rst","433","code","0","テストデータの記述例 > テーブルデータの記述例 > EXPECTED_TABLE と EXPECTED_COMPLETE_TABLE > YAMLの場合","yaml","expected_tables:
- table: MEMBER
rows:"
"ja/development_tools/testing_framework/guide/development_guide/06_TestFWGuide/testdata/examples.rst","460","para","0","テストデータの記述例 > テーブルデータの記述例 > EXPECTED_TABLE と EXPECTED_COMPLETE_TABLE > YAMLの場合","","- ``EXPECTED_TABLE`` / ``expected_tables:`` は省略カラムを比較対象外にする。``EXPECTED_COMPLETE_TABLE`` / ``expected_complete_tables:`` は ``BasicDefaultValues`` のデフォルト値を補完してから比"
"ja/development_tools/testing_framework/guide/development_guide/06_TestFWGuide/testdata/examples.rst","463","heading","3","テストデータの記述例 > テーブルデータの記述例","LIST_MAP（汎用データ）",""
"ja/development_tools/testing_framework/guide/development_guide/06_TestFWGuide/testdata/examples.rst","466","heading","4","テストデータの記述例 > テーブルデータの記述例 > LIST_MAP（汎用データ）","Excelの場合",""
"ja/development_tools/testing_framework/guide/development_guide/06_TestFWGuide/testdata/examples.rst","468","code","0","テストデータの記述例 > テーブルデータの記述例 > LIST_MAP（汎用データ） > Excelの場合","text","LIST_MAP=searchParams
| [no] | memberId   | orderStatus | fromDate   | toDate     | [desc]     |
| 1    | 0000000101 | 1           | 2024-04-01 | 2024-04-30 | 4月注文検索 |"
"ja/development_tools/testing_framework/guide/development_guide/06_TestFWGuide/testdata/examples.rst","481","heading","4","テストデータの記述例 > テーブルデータの記述例 > LIST_MAP（汎用データ）","YAMLの場合",""
"ja/development_tools/testing_framework/guide/development_guide/06_TestFWGuide/testdata/examples.rst","483","code","0","テストデータの記述例 > テーブルデータの記述例 > LIST_MAP（汎用データ） > YAMLの場合","yaml","list_maps:
- id: searchParams
rows:"
"ja/development_tools/testing_framework/guide/development_guide/06_TestFWGuide/testdata/examples.rst","507","para","0","テストデータの記述例 > テーブルデータの記述例 > LIST_MAP（汎用データ） > YAMLの場合","","- ``[no]`` ・ ``[desc]`` のように角括弧で囲んだカラムはマーカーカラムで、DB 操作から除外される。YAML ではダブルクォートで囲む（``""[no]""``）。"
"ja/development_tools/testing_framework/guide/development_guide/06_TestFWGuide/testdata/examples.rst","513","heading","2","テストデータの記述例","ファイルデータの記述例",""
"ja/development_tools/testing_framework/guide/development_guide/06_TestFWGuide/testdata/examples.rst","515","para","0","テストデータの記述例 > ファイルデータの記述例","","以下に固定長・可変長ファイルデータの記述例を示す。"
"ja/development_tools/testing_framework/guide/development_guide/06_TestFWGuide/testdata/examples.rst","518","heading","3","テストデータの記述例 > ファイルデータの記述例","固定長ファイル（SETUP_FIXED / EXPECTED_FIXED）",""
"ja/development_tools/testing_framework/guide/development_guide/06_TestFWGuide/testdata/examples.rst","521","heading","4","テストデータの記述例 > ファイルデータの記述例 > 固定長ファイル（SETUP_FIXED / EXPECTED_FIXED）","Excelの場合",""
"ja/development_tools/testing_framework/guide/development_guide/06_TestFWGuide/testdata/examples.rst","523","code","0","テストデータの記述例 > ファイルデータの記述例 > 固定長ファイル（SETUP_FIXED / EXPECTED_FIXED） > Excelの場合","text","SETUP_FIXED=work/input.txt
| データ | ID    | COUNTER | MESSAGE   |
|        | 半角  | 数値    | 半角      |"
"ja/development_tools/testing_framework/guide/development_guide/06_TestFWGuide/testdata/examples.rst","540","heading","4","テストデータの記述例 > ファイルデータの記述例 > 固定長ファイル（SETUP_FIXED / EXPECTED_FIXED）","YAMLの場合",""
"ja/development_tools/testing_framework/guide/development_guide/06_TestFWGuide/testdata/examples.rst","542","code","0","テストデータの記述例 > ファイルデータの記述例 > 固定長ファイル（SETUP_FIXED / EXPECTED_FIXED） > YAMLの場合","yaml","setup_files:
- path: work/input.txt
type: fixed"
"ja/development_tools/testing_framework/guide/development_guide/06_TestFWGuide/testdata/examples.rst","571","heading","3","テストデータの記述例 > ファイルデータの記述例","エンコーディング指定付き固定長ファイル",""
"ja/development_tools/testing_framework/guide/development_guide/06_TestFWGuide/testdata/examples.rst","574","heading","4","テストデータの記述例 > ファイルデータの記述例 > エンコーディング指定付き固定長ファイル","Excelの場合",""
"ja/development_tools/testing_framework/guide/development_guide/06_TestFWGuide/testdata/examples.rst","576","code","0","テストデータの記述例 > ファイルデータの記述例 > エンコーディング指定付き固定長ファイル > Excelの場合","text","SETUP_FIXED=input/data.dat
| text-encoding | MS932 |         |         |
| DATA | USER_ID | USER_NAME | AMOUNT |"
"ja/development_tools/testing_framework/guide/development_guide/06_TestFWGuide/testdata/examples.rst","586","para","0","テストデータの記述例 > ファイルデータの記述例 > エンコーディング指定付き固定長ファイル > Excelの場合","","- ディレクティブ行はレコード定義より前に記述する（「キー | 値」の2セル構成）。"
"ja/development_tools/testing_framework/guide/development_guide/06_TestFWGuide/testdata/examples.rst","589","heading","4","テストデータの記述例 > ファイルデータの記述例 > エンコーディング指定付き固定長ファイル","YAMLの場合",""
"ja/development_tools/testing_framework/guide/development_guide/06_TestFWGuide/testdata/examples.rst","591","code","0","テストデータの記述例 > ファイルデータの記述例 > エンコーディング指定付き固定長ファイル > YAMLの場合","yaml","setup_files:
- path: input/data.dat
type: fixed"
"ja/development_tools/testing_framework/guide/development_guide/06_TestFWGuide/testdata/examples.rst","608","para","0","テストデータの記述例 > ファイルデータの記述例 > エンコーディング指定付き固定長ファイル > YAMLの場合","","- ディレクティブは ``directives:`` オブジェクトの ``key: value`` 形式で記述する。"
"ja/development_tools/testing_framework/guide/development_guide/06_TestFWGuide/testdata/examples.rst","611","heading","3","テストデータの記述例 > ファイルデータの記述例","可変長ファイル（SETUP_VARIABLE）",""
"ja/development_tools/testing_framework/guide/development_guide/06_TestFWGuide/testdata/examples.rst","614","heading","4","テストデータの記述例 > ファイルデータの記述例 > 可変長ファイル（SETUP_VARIABLE）","Excelの場合",""
"ja/development_tools/testing_framework/guide/development_guide/06_TestFWGuide/testdata/examples.rst","616","code","0","テストデータの記述例 > ファイルデータの記述例 > 可変長ファイル（SETUP_VARIABLE） > Excelの場合","text","SETUP_VARIABLE=input/data.csv
| field-separator | , |   |
| DATA | USER_ID | USER_NAME | AMOUNT |"
"ja/development_tools/testing_framework/guide/development_guide/06_TestFWGuide/testdata/examples.rst","626","heading","4","テストデータの記述例 > ファイルデータの記述例 > 可変長ファイル（SETUP_VARIABLE）","YAMLの場合",""
"ja/development_tools/testing_framework/guide/development_guide/06_TestFWGuide/testdata/examples.rst","628","code","0","テストデータの記述例 > ファイルデータの記述例 > 可変長ファイル（SETUP_VARIABLE） > YAMLの場合","yaml","setup_files:
- path: input/data.csv
type: variable"
"ja/development_tools/testing_framework/guide/development_guide/06_TestFWGuide/testdata/examples.rst","645","para","0","テストデータの記述例 > ファイルデータの記述例 > 可変長ファイル（SETUP_VARIABLE） > YAMLの場合","","- 可変長ファイルは ``type: variable`` とし、``fields:`` から ``length`` を省略する。"
"ja/development_tools/testing_framework/guide/development_guide/06_TestFWGuide/testdata/examples.rst","648","heading","4","テストデータの記述例 > ファイルデータの記述例 > 可変長ファイル（SETUP_VARIABLE）","クォート付きフィールド（カンマを含む値）",""
"ja/development_tools/testing_framework/guide/development_guide/06_TestFWGuide/testdata/examples.rst","650","para","0","テストデータの記述例 > ファイルデータの記述例 > 可変長ファイル（SETUP_VARIABLE） > クォート付きフィールド（カンマを含む値）","","フィールドの値にカンマが含まれる場合、 ``quoting-delimiter`` ディレクティブを指定することでダブルクォートによる囲みが有効になり、クォート内のカンマは区切り文字として扱われなくなる。"
"ja/development_tools/testing_framework/guide/development_guide/06_TestFWGuide/testdata/examples.rst","652","para","0","テストデータの記述例 > ファイルデータの記述例 > 可変長ファイル（SETUP_VARIABLE） > クォート付きフィールド（カンマを含む値）","","``quoting-delimiter`` を指定しない場合、クォートで囲まれたフィールド内のカンマも区切り文字として解釈されるため、フィールド数が定義と一致せずエラーになる。"
"ja/development_tools/testing_framework/guide/development_guide/06_TestFWGuide/testdata/examples.rst","654","code","0","テストデータの記述例 > ファイルデータの記述例 > 可変長ファイル（SETUP_VARIABLE） > クォート付きフィールド（カンマを含む値）","text","number of input fields was invalid. number of fields must be [N], but number of input fields was [M]."
"ja/development_tools/testing_framework/guide/development_guide/06_TestFWGuide/testdata/examples.rst","659","heading","5","テストデータの記述例 > ファイルデータの記述例 > 可変長ファイル（SETUP_VARIABLE） > クォート付きフィールド（カンマを含む値）","Excelの場合",""
"ja/development_tools/testing_framework/guide/development_guide/06_TestFWGuide/testdata/examples.rst","661","code","0","テストデータの記述例 > ファイルデータの記述例 > 可変長ファイル（SETUP_VARIABLE） > クォート付きフィールド（カンマを含む値） > Excelの場合","text","EXPECTED_VARIABLE=output/data.csv
| field-separator   | ,  |        |        |
| quoting-delimiter | ""  |        |        |"
"ja/development_tools/testing_framework/guide/development_guide/06_TestFWGuide/testdata/examples.rst","671","heading","5","テストデータの記述例 > ファイルデータの記述例 > 可変長ファイル（SETUP_VARIABLE） > クォート付きフィールド（カンマを含む値）","YAMLの場合",""
"ja/development_tools/testing_framework/guide/development_guide/06_TestFWGuide/testdata/examples.rst","673","code","0","テストデータの記述例 > ファイルデータの記述例 > 可変長ファイル（SETUP_VARIABLE） > クォート付きフィールド（カンマを含む値） > YAMLの場合","yaml","expected_files:
- path: output/data.csv
type: variable"
"ja/development_tools/testing_framework/guide/development_guide/06_TestFWGuide/testdata/examples.rst","690","para","0","テストデータの記述例 > ファイルデータの記述例 > 可変長ファイル（SETUP_VARIABLE） > クォート付きフィールド（カンマを含む値） > YAMLの場合","","- ``quoting-delimiter`` に指定できるのは1文字のみである。ダブルクォートを使う場合は ``""`` を指定する。 - クォートで囲まれたフィールド内のダブルクォート文字は ``""""`` と二重に書いてエスケープする（RFC 4180 準拠）。"
"ja/development_tools/testing_framework/guide/development_guide/06_TestFWGuide/testdata/examples.rst","694","heading","3","テストデータの記述例 > ファイルデータの記述例","グループID付きファイル",""
"ja/development_tools/testing_framework/guide/development_guide/06_TestFWGuide/testdata/examples.rst","697","heading","4","テストデータの記述例 > ファイルデータの記述例 > グループID付きファイル","Excelの場合",""
"ja/development_tools/testing_framework/guide/development_guide/06_TestFWGuide/testdata/examples.rst","699","code","0","テストデータの記述例 > ファイルデータの記述例 > グループID付きファイル > Excelの場合","text","SETUP_FIXED=work/input.txt
| データ | ID    | COUNTER | MESSAGE |
|        | 半角  | 数値    | 半角    |"
"ja/development_tools/testing_framework/guide/development_guide/06_TestFWGuide/testdata/examples.rst","714","heading","4","テストデータの記述例 > ファイルデータの記述例 > グループID付きファイル","YAMLの場合",""
"ja/development_tools/testing_framework/guide/development_guide/06_TestFWGuide/testdata/examples.rst","716","code","0","テストデータの記述例 > ファイルデータの記述例 > グループID付きファイル > YAMLの場合","yaml","setup_files:
- path: work/input.txt
type: fixed"
"ja/development_tools/testing_framework/guide/development_guide/06_TestFWGuide/testdata/examples.rst","742","heading","3","テストデータの記述例 > ファイルデータの記述例","複数レコードレイアウト",""
"ja/development_tools/testing_framework/guide/development_guide/06_TestFWGuide/testdata/examples.rst","745","heading","4","テストデータの記述例 > ファイルデータの記述例 > 複数レコードレイアウト","Excelの場合",""
"ja/development_tools/testing_framework/guide/development_guide/06_TestFWGuide/testdata/examples.rst","747","code","0","テストデータの記述例 > ファイルデータの記述例 > 複数レコードレイアウト > Excelの場合","text","SETUP_FIXED=input/multi.dat
| HEADER | SEQ  | TYPE |
|        | X    | X    |"
"ja/development_tools/testing_framework/guide/development_guide/06_TestFWGuide/testdata/examples.rst","760","heading","4","テストデータの記述例 > ファイルデータの記述例 > 複数レコードレイアウト","YAMLの場合",""
"ja/development_tools/testing_framework/guide/development_guide/06_TestFWGuide/testdata/examples.rst","762","code","0","テストデータの記述例 > ファイルデータの記述例 > 複数レコードレイアウト > YAMLの場合","yaml","setup_files:
- path: input/multi.dat
type: fixed"
"ja/development_tools/testing_framework/guide/development_guide/06_TestFWGuide/testdata/examples.rst","783","heading","3","テストデータの記述例 > ファイルデータの記述例","空ファイル",""
"ja/development_tools/testing_framework/guide/development_guide/06_TestFWGuide/testdata/examples.rst","786","heading","4","テストデータの記述例 > ファイルデータの記述例 > 空ファイル","Excelの場合",""
"ja/development_tools/testing_framework/guide/development_guide/06_TestFWGuide/testdata/examples.rst","788","code","0","テストデータの記述例 > ファイルデータの記述例 > 空ファイル > Excelの場合","text","SETUP_FIXED=input/empty.dat
| text-encoding | MS932 |"
"ja/development_tools/testing_framework/guide/development_guide/06_TestFWGuide/testdata/examples.rst","793","para","0","テストデータの記述例 > ファイルデータの記述例 > 空ファイル > Excelの場合","","- ディレクティブ行のみ記述してレコード定義以降を省略する。"
"ja/development_tools/testing_framework/guide/development_guide/06_TestFWGuide/testdata/examples.rst","796","heading","4","テストデータの記述例 > ファイルデータの記述例 > 空ファイル","YAMLの場合",""
"ja/development_tools/testing_framework/guide/development_guide/06_TestFWGuide/testdata/examples.rst","798","code","0","テストデータの記述例 > ファイルデータの記述例 > 空ファイル > YAMLの場合","yaml","setup_files:
- path: input/empty.dat
type: fixed"
"ja/development_tools/testing_framework/guide/development_guide/06_TestFWGuide/testdata/examples.rst","807","para","0","テストデータの記述例 > ファイルデータの記述例 > 空ファイル > YAMLの場合","","- レコードは ``records: []`` と空配列で記述する。"
"ja/development_tools/testing_framework/guide/development_guide/06_TestFWGuide/testdata/examples.rst","813","heading","2","テストデータの記述例","メッセージングデータの記述例",""
"ja/development_tools/testing_framework/guide/development_guide/06_TestFWGuide/testdata/examples.rst","815","para","0","テストデータの記述例 > メッセージングデータの記述例","","以下にメッセージング系データブロックの記述例を示す。"
"ja/development_tools/testing_framework/guide/development_guide/06_TestFWGuide/testdata/examples.rst","818","heading","3","テストデータの記述例 > メッセージングデータの記述例","MESSAGE セクション",""
"ja/development_tools/testing_framework/guide/development_guide/06_TestFWGuide/testdata/examples.rst","821","heading","4","テストデータの記述例 > メッセージングデータの記述例 > MESSAGE セクション","Excelの場合",""
"ja/development_tools/testing_framework/guide/development_guide/06_TestFWGuide/testdata/examples.rst","823","code","0","テストデータの記述例 > メッセージングデータの記述例 > MESSAGE セクション > Excelの場合","text","MESSAGE=requestMessages
| text-encoding | Windows-31J |        |        |
| requestId     | hoge        |        |        |"
"ja/development_tools/testing_framework/guide/development_guide/06_TestFWGuide/testdata/examples.rst","843","heading","4","テストデータの記述例 > メッセージングデータの記述例 > MESSAGE セクション","YAMLの場合",""
"ja/development_tools/testing_framework/guide/development_guide/06_TestFWGuide/testdata/examples.rst","845","code","0","テストデータの記述例 > メッセージングデータの記述例 > MESSAGE セクション > YAMLの場合","yaml","messages:
- id: requestMessages
directives:"
"ja/development_tools/testing_framework/guide/development_guide/06_TestFWGuide/testdata/examples.rst","874","para","0","テストデータの記述例 > メッセージングデータの記述例 > MESSAGE セクション > YAMLの場合","","- FW制御ヘッダ（``requestId``・``userId`` 等）は YAML では ``fw_header:`` マップに記述する。 - ディレクティブ行（``text-encoding`` 等）はフィールド定義より前に記述する。"
"ja/development_tools/testing_framework/guide/development_guide/06_TestFWGuide/testdata/examples.rst","878","heading","3","テストデータの記述例 > メッセージングデータの記述例","要求電文・応答電文の期待値（SendSync）",""
"ja/development_tools/testing_framework/guide/development_guide/06_TestFWGuide/testdata/examples.rst","881","heading","4","テストデータの記述例 > メッセージングデータの記述例 > 要求電文・応答電文の期待値（SendSync）","Excelの場合",""
"ja/development_tools/testing_framework/guide/development_guide/06_TestFWGuide/testdata/examples.rst","883","code","0","テストデータの記述例 > メッセージングデータの記述例 > 要求電文・応答電文の期待値（SendSync） > Excelの場合","text","EXPECTED_REQUEST_HEADER_MESSAGES[case1]=RM21AA0104_01
| text-encoding | ms932 |     |
| no            | requestId |  |"
"ja/development_tools/testing_framework/guide/development_guide/06_TestFWGuide/testdata/examples.rst","893","heading","4","テストデータの記述例 > メッセージングデータの記述例 > 要求電文・応答電文の期待値（SendSync）","YAMLの場合",""
"ja/development_tools/testing_framework/guide/development_guide/06_TestFWGuide/testdata/examples.rst","895","code","0","テストデータの記述例 > メッセージングデータの記述例 > 要求電文・応答電文の期待値（SendSync） > YAMLの場合","yaml","expected_request_header_messages:
- group_id: case1
id: RM21AA0104_01"
"ja/development_tools/testing_framework/guide/development_guide/06_TestFWGuide/testdata/examples.rst","909","para","0","テストデータの記述例 > メッセージングデータの記述例 > 要求電文・応答電文の期待値（SendSync） > YAMLの場合","","- YAML では ``group_id:`` が ``testShots`` の ``expectedMessage`` カラムに対応する。"
"ja/development_tools/testing_framework/guide/development_guide/06_TestFWGuide/testdata/examples.rst","912","heading","3","テストデータの記述例 > メッセージングデータの記述例","sendSyncTestData の配置規則",""
"ja/development_tools/testing_framework/guide/development_guide/06_TestFWGuide/testdata/examples.rst","915","heading","4","テストデータの記述例 > メッセージングデータの記述例 > sendSyncTestData の配置規則","Excelの場合",""
"ja/development_tools/testing_framework/guide/development_guide/06_TestFWGuide/testdata/examples.rst","917","code","0","テストデータの記述例 > メッセージングデータの記述例 > sendSyncTestData の配置規則 > Excelの場合","text","MESSAGE=sendSyncTestData/REQ001/message
| no | errorMode | field1 | field2 |
| 1  |           | value1 | value2 |"
"ja/development_tools/testing_framework/guide/development_guide/06_TestFWGuide/testdata/examples.rst","925","heading","4","テストデータの記述例 > メッセージングデータの記述例 > sendSyncTestData の配置規則","YAMLの場合",""
"ja/development_tools/testing_framework/guide/development_guide/06_TestFWGuide/testdata/examples.rst","927","code","0","テストデータの記述例 > メッセージングデータの記述例 > sendSyncTestData の配置規則 > YAMLの場合","yaml","messages:
- id: sendSyncTestData/REQ001/message
records:"
"ja/development_tools/testing_framework/guide/development_guide/06_TestFWGuide/testdata/examples.rst","942","para","0","テストデータの記述例 > メッセージングデータの記述例 > sendSyncTestData の配置規則 > YAMLの場合","","- ``MESSAGE=sendSyncTestData/{requestId}/message`` というパスで配置する。 - ``errorMode`` に ``errorMode:timeout`` を指定するとタイムアウトエラー、``errorMode:msgException`` を指定すると例外エラーのシミ"
"ja/development_tools/testing_framework/guide/development_guide/06_TestFWGuide/testdata/examples.rst","946","heading","3","テストデータの記述例 > メッセージングデータの記述例","ステータスコードのデフォルト値",""
"ja/development_tools/testing_framework/guide/development_guide/06_TestFWGuide/testdata/examples.rst","949","heading","4","テストデータの記述例 > メッセージングデータの記述例 > ステータスコードのデフォルト値","Excelの場合",""
"ja/development_tools/testing_framework/guide/development_guide/06_TestFWGuide/testdata/examples.rst","951","code","0","テストデータの記述例 > メッセージングデータの記述例 > ステータスコードのデフォルト値 > Excelの場合","text","RESPONSE_BODY_MESSAGES=REQ001
| no | body      |
|    | 半角      |"
"ja/development_tools/testing_framework/guide/development_guide/06_TestFWGuide/testdata/examples.rst","960","heading","4","テストデータの記述例 > メッセージングデータの記述例 > ステータスコードのデフォルト値","YAMLの場合",""
"ja/development_tools/testing_framework/guide/development_guide/06_TestFWGuide/testdata/examples.rst","962","code","0","テストデータの記述例 > メッセージングデータの記述例 > ステータスコードのデフォルト値 > YAMLの場合","yaml","response_body_messages:
- id: REQ001
records:"
"ja/development_tools/testing_framework/guide/development_guide/06_TestFWGuide/testdata/examples.rst","973","para","0","テストデータの記述例 > メッセージングデータの記述例 > ステータスコードのデフォルト値 > YAMLの場合","","- ステータスコード列がない場合、実行時にデフォルト値 ``""200""`` が使用される。"
"ja/development_tools/testing_framework/guide/development_guide/06_TestFWGuide/testdata/examples.rst","979","heading","2","テストデータの記述例","特殊値・ディレクティブ・ヘッダの記述例",""
"ja/development_tools/testing_framework/guide/development_guide/06_TestFWGuide/testdata/examples.rst","981","para","0","テストデータの記述例 > 特殊値・ディレクティブ・ヘッダの記述例","","以下に特殊値・ディレクティブ・ヘッダの記述例を示す。"
"ja/development_tools/testing_framework/guide/development_guide/06_TestFWGuide/testdata/examples.rst","984","heading","3","テストデータの記述例 > 特殊値・ディレクティブ・ヘッダの記述例","日付・Timestamp・NULL・特殊値",""
"ja/development_tools/testing_framework/guide/development_guide/06_TestFWGuide/testdata/examples.rst","987","heading","4","テストデータの記述例 > 特殊値・ディレクティブ・ヘッダの記述例 > 日付・Timestamp・NULL・特殊値","Excelの場合",""
"ja/development_tools/testing_framework/guide/development_guide/06_TestFWGuide/testdata/examples.rst","989","code","0","テストデータの記述例 > 特殊値・ディレクティブ・ヘッダの記述例 > 日付・Timestamp・NULL・特殊値 > Excelの場合","text","EXPECTED_TABLE=SCHEDULE
| ID | EVENT_NAME   | START_DATE       | CREATED_AT            |
| 1  | 会議         | 2024-01-15       | 2024-01-01 09:00:00.0 |"
"ja/development_tools/testing_framework/guide/development_guide/06_TestFWGuide/testdata/examples.rst","999","heading","4","テストデータの記述例 > 特殊値・ディレクティブ・ヘッダの記述例 > 日付・Timestamp・NULL・特殊値","YAMLの場合",""
"ja/development_tools/testing_framework/guide/development_guide/06_TestFWGuide/testdata/examples.rst","1001","code","0","テストデータの記述例 > 特殊値・ディレクティブ・ヘッダの記述例 > 日付・Timestamp・NULL・特殊値 > YAMLの場合","yaml","expected_tables:
- table: SCHEDULE
rows:"
"ja/development_tools/testing_framework/guide/development_guide/06_TestFWGuide/testdata/examples.rst","1023","para","0","テストデータの記述例 > 特殊値・ディレクティブ・ヘッダの記述例 > 日付・Timestamp・NULL・特殊値 > YAMLの場合","","- NULL 値は Excel では ``NULL``（大文字小文字不問）、YAML ではアンクォートの ``null`` で記述する（ ``""null""`` とクォートしても同じく Java null になる）。 - ``java.sql.Timestamp`` 型カラムの期待値は末尾 ``.0`` が必須（例: `"
"ja/development_tools/testing_framework/guide/development_guide/06_TestFWGuide/testdata/examples.rst","1027","heading","3","テストデータの記述例 > 特殊値・ディレクティブ・ヘッダの記述例","バイナリデータ",""
"ja/development_tools/testing_framework/guide/development_guide/06_TestFWGuide/testdata/examples.rst","1030","heading","4","テストデータの記述例 > 特殊値・ディレクティブ・ヘッダの記述例 > バイナリデータ","Excelの場合",""
"ja/development_tools/testing_framework/guide/development_guide/06_TestFWGuide/testdata/examples.rst","1032","code","0","テストデータの記述例 > 特殊値・ディレクティブ・ヘッダの記述例 > バイナリデータ > Excelの場合","text","SETUP_TABLE=FILE_TABLE
| FILE_ID | FILE_DATA                    |
| 001     | 0xCAFEBABE                   |"
"ja/development_tools/testing_framework/guide/development_guide/06_TestFWGuide/testdata/examples.rst","1040","heading","4","テストデータの記述例 > 特殊値・ディレクティブ・ヘッダの記述例 > バイナリデータ","YAMLの場合",""
"ja/development_tools/testing_framework/guide/development_guide/06_TestFWGuide/testdata/examples.rst","1042","code","0","テストデータの記述例 > 特殊値・ディレクティブ・ヘッダの記述例 > バイナリデータ > YAMLの場合","yaml","setup_tables:
- table: FILE_TABLE
rows:"
"ja/development_tools/testing_framework/guide/development_guide/06_TestFWGuide/testdata/examples.rst","1052","para","0","テストデータの記述例 > 特殊値・ディレクティブ・ヘッダの記述例 > バイナリデータ > YAMLの場合","","- ``0x`` プレフィクス付き16進数でバイナリ値を記述する。``${binaryFile:パス}`` でファイル内容をバイナリ読み込みして HexString に変換する。"
"ja/development_tools/testing_framework/guide/development_guide/06_TestFWGuide/testdata/examples.rst","1057","heading","3","テストデータの記述例 > 特殊値・ディレクティブ・ヘッダの記述例","QuotationTrimmer によるスペース値明示記法",""
"ja/development_tools/testing_framework/guide/development_guide/06_TestFWGuide/testdata/examples.rst","1060","heading","4","テストデータの記述例 > 特殊値・ディレクティブ・ヘッダの記述例 > QuotationTrimmer によるスペース値明示記法","Excelの場合",""
"ja/development_tools/testing_framework/guide/development_guide/06_TestFWGuide/testdata/examples.rst","1062","code","0","テストデータの記述例 > 特殊値・ディレクティブ・ヘッダの記述例 > QuotationTrimmer によるスペース値明示記法 > Excelの場合","text","EXPECTED_TABLE=ITEM
| ID | NAME | MEMO |
| 1  | "" ""  | """"""  |"
"ja/development_tools/testing_framework/guide/development_guide/06_TestFWGuide/testdata/examples.rst","1069","heading","4","テストデータの記述例 > 特殊値・ディレクティブ・ヘッダの記述例 > QuotationTrimmer によるスペース値明示記法","YAMLの場合",""
"ja/development_tools/testing_framework/guide/development_guide/06_TestFWGuide/testdata/examples.rst","1071","code","0","テストデータの記述例 > 特殊値・ディレクティブ・ヘッダの記述例 > QuotationTrimmer によるスペース値明示記法 > YAMLの場合","yaml","expected_tables:
- table: ITEM
rows:"
"ja/development_tools/testing_framework/guide/development_guide/06_TestFWGuide/testdata/examples.rst","1080","para","0","テストデータの記述例 > 特殊値・ディレクティブ・ヘッダの記述例 > QuotationTrimmer によるスペース値明示記法 > YAMLの場合","","- Excel: ``"" ""`` → 半角スペース1文字、``""""""`` → ダブルクォート1文字。半角または全角ダブルクォートで前後が囲まれた場合のみ外側1層を除去する。 - YAML: ``"" ""`` でスペース1文字。ダブルクォート文字は ``""\""""`` または ``'""'`` で記述する。"
"ja/development_tools/testing_framework/guide/development_guide/06_TestFWGuide/testdata/examples.rst","1084","heading","3","テストデータの記述例 > 特殊値・ディレクティブ・ヘッダの記述例","コメントとマーカーカラム",""
"ja/development_tools/testing_framework/guide/development_guide/06_TestFWGuide/testdata/examples.rst","1087","heading","4","テストデータの記述例 > 特殊値・ディレクティブ・ヘッダの記述例 > コメントとマーカーカラム","Excelの場合",""
"ja/development_tools/testing_framework/guide/development_guide/06_TestFWGuide/testdata/examples.rst","1089","code","0","テストデータの記述例 > 特殊値・ディレクティブ・ヘッダの記述例 > コメントとマーカーカラム > Excelの場合","text","SETUP_TABLE=TEST_TABLE
| // この行はコメントです        |            |          |            |        |
| [no] | PK_COL1    | PK_COL2 | NUMBER_COL | [desc]  |"
"ja/development_tools/testing_framework/guide/development_guide/06_TestFWGuide/testdata/examples.rst","1099","heading","4","テストデータの記述例 > 特殊値・ディレクティブ・ヘッダの記述例 > コメントとマーカーカラム","YAMLの場合",""
"ja/development_tools/testing_framework/guide/development_guide/06_TestFWGuide/testdata/examples.rst","1101","code","0","テストデータの記述例 > 特殊値・ディレクティブ・ヘッダの記述例 > コメントとマーカーカラム > YAMLの場合","yaml","setup_tables:
- table: TEST_TABLE
rows:"
"ja/development_tools/testing_framework/guide/development_guide/06_TestFWGuide/testdata/examples.rst","1118","para","0","テストデータの記述例 > 特殊値・ディレクティブ・ヘッダの記述例 > コメントとマーカーカラム > YAMLの場合","","- Excel では ``//`` で始まる行がスキップされる。YAML では標準の ``#`` 構文を使う。 - ``[no]`` ・ ``[desc]`` のように角括弧で囲んだカラムはマーカーカラムで、DB 操作から除外される。YAML ではダブルクォートで囲む（``""[no]""``）。"
"ja/development_tools/testing_framework/guide/development_guide/06_TestFWGuide/testdata/examples.rst","1122","heading","3","テストデータの記述例 > 特殊値・ディレクティブ・ヘッダの記述例","空エントリのスキップ",""
"ja/development_tools/testing_framework/guide/development_guide/06_TestFWGuide/testdata/examples.rst","1124","para","0","テストデータの記述例 > 特殊値・ディレクティブ・ヘッダの記述例 > 空エントリのスキップ","","全要素が null または空文字のエントリは読み飛ばされる。"
"ja/development_tools/testing_framework/guide/development_guide/06_TestFWGuide/testdata/examples.rst","1127","heading","4","テストデータの記述例 > 特殊値・ディレクティブ・ヘッダの記述例 > 空エントリのスキップ","Excelの場合",""
"ja/development_tools/testing_framework/guide/development_guide/06_TestFWGuide/testdata/examples.rst","1129","code","0","テストデータの記述例 > 特殊値・ディレクティブ・ヘッダの記述例 > 空エントリのスキップ > Excelの場合","text","SETUP_TABLE=USER
| USER_ID | NAME     |
| 001     | 山田太郎 |"
"ja/development_tools/testing_framework/guide/development_guide/06_TestFWGuide/testdata/examples.rst","1138","heading","4","テストデータの記述例 > 特殊値・ディレクティブ・ヘッダの記述例 > 空エントリのスキップ","YAMLの場合",""
"ja/development_tools/testing_framework/guide/development_guide/06_TestFWGuide/testdata/examples.rst","1140","code","0","テストデータの記述例 > 特殊値・ディレクティブ・ヘッダの記述例 > 空エントリのスキップ > YAMLの場合","yaml","setup_tables:
- table: USER
rows:"
"ja/development_tools/testing_framework/guide/development_guide/06_TestFWGuide/testdata/examples.rst","1151","para","0","テストデータの記述例 > 特殊値・ディレクティブ・ヘッダの記述例 > 空エントリのスキップ > YAMLの場合","","- Excel: 全セルが空の行は自動的にスキップされる。 - YAML: キーを省略するだけのため空エントリを記述する機会はほとんどない。空行を挿入しても無視される。"
"ja/development_tools/testing_framework/guide/development_guide/06_TestFWGuide/testdata/examples.rst","1155","heading","3","テストデータの記述例 > 特殊値・ディレクティブ・ヘッダの記述例","ディレクティブ（固定長・可変長ファイル）",""
"ja/development_tools/testing_framework/guide/development_guide/06_TestFWGuide/testdata/examples.rst","1158","heading","4","テストデータの記述例 > 特殊値・ディレクティブ・ヘッダの記述例 > ディレクティブ（固定長・可変長ファイル）","Excelの場合",""
"ja/development_tools/testing_framework/guide/development_guide/06_TestFWGuide/testdata/examples.rst","1160","code","0","テストデータの記述例 > 特殊値・ディレクティブ・ヘッダの記述例 > ディレクティブ（固定長・可変長ファイル） > Excelの場合","text","SETUP_FIXED=input/data.dat
| text-encoding           | MS932 |         |
| positive-zone-sign-nibble | C    |         |"
"ja/development_tools/testing_framework/guide/development_guide/06_TestFWGuide/testdata/examples.rst","1178","heading","4","テストデータの記述例 > 特殊値・ディレクティブ・ヘッダの記述例 > ディレクティブ（固定長・可変長ファイル）","YAMLの場合",""
"ja/development_tools/testing_framework/guide/development_guide/06_TestFWGuide/testdata/examples.rst","1180","code","0","テストデータの記述例 > 特殊値・ディレクティブ・ヘッダの記述例 > ディレクティブ（固定長・可変長ファイル） > YAMLの場合","yaml","setup_files:
- path: input/data.dat
type: fixed"
"ja/development_tools/testing_framework/guide/development_guide/06_TestFWGuide/testdata/examples.rst","1208","para","0","テストデータの記述例 > 特殊値・ディレクティブ・ヘッダの記述例 > ディレクティブ（固定長・可変長ファイル） > YAMLの場合","","- タブ文字の記法が形式で異なる。Excel セルには ``\t``（バックスラッシュ + t の2文字）を入力する。YAML では ``""\\t""`` と記述する（YAML の ``\t`` は実際のタブ文字になるためバックスラッシュをエスケープする）。"
"ja/development_tools/testing_framework/guide/development_guide/06_TestFWGuide/testdata/examples.rst","1214","heading","2","テストデータの記述例","DB アサートの記述例",""
"ja/development_tools/testing_framework/guide/development_guide/06_TestFWGuide/testdata/examples.rst","1217","heading","3","テストデータの記述例 > DB アサートの記述例","テーブルアサート（順序不問・主キー突合・全件列挙）",""
"ja/development_tools/testing_framework/guide/development_guide/06_TestFWGuide/testdata/examples.rst","1219","para","0","テストデータの記述例 > DB アサートの記述例 > テーブルアサート（順序不問・主キー突合・全件列挙）","","``EXPECTED_TABLE`` の行照合の動作は以下の通り。"
"ja/development_tools/testing_framework/guide/development_guide/06_TestFWGuide/testdata/examples.rst","1221","para","0","テストデータの記述例 > DB アサートの記述例 > テーブルアサート（順序不問・主キー突合・全件列挙）","","- 期待行と DB の行は **DB の主キー** で対応付けられる。記述順と DB の格納順が違っても正しく突合される。主キーカラムは省略しないこと。 - 対象テーブルに存在する DB 行は **全件を列挙する** 必要がある。期待側に存在しない DB 行があると「余分な行がある」旨のエラーになる（部分検証はできない"
"ja/development_tools/testing_framework/guide/development_guide/06_TestFWGuide/testdata/examples.rst","1224","para","0","テストデータの記述例 > DB アサートの記述例 > テーブルアサート（順序不問・主キー突合・全件列挙）","","以下の例では USER テーブルに 2 行存在することを前提として、全件を期待側に列挙している。"
"ja/development_tools/testing_framework/guide/development_guide/06_TestFWGuide/testdata/examples.rst","1227","heading","4","テストデータの記述例 > DB アサートの記述例 > テーブルアサート（順序不問・主キー突合・全件列挙）","Excelの場合",""
"ja/development_tools/testing_framework/guide/development_guide/06_TestFWGuide/testdata/examples.rst","1229","code","0","テストデータの記述例 > DB アサートの記述例 > テーブルアサート（順序不問・主キー突合・全件列挙） > Excelの場合","text","EXPECTED_TABLE=USER
| USER_ID | NAME     |
| 001     | 山田太郎 |"
"ja/development_tools/testing_framework/guide/development_guide/06_TestFWGuide/testdata/examples.rst","1237","heading","4","テストデータの記述例 > DB アサートの記述例 > テーブルアサート（順序不問・主キー突合・全件列挙）","YAMLの場合",""
"ja/development_tools/testing_framework/guide/development_guide/06_TestFWGuide/testdata/examples.rst","1239","code","0","テストデータの記述例 > DB アサートの記述例 > テーブルアサート（順序不問・主キー突合・全件列挙） > YAMLの場合","yaml","expected_tables:
- table: USER
rows:"
"ja/development_tools/testing_framework/guide/development_guide/06_TestFWGuide/testdata/examples.rst","1249","admonition","0","テストデータの記述例 > DB アサートの記述例 > テーブルアサート（順序不問・主キー突合・全件列挙） > YAMLの場合","note",""
"ja/development_tools/testing_framework/guide/development_guide/06_TestFWGuide/testdata/examples.rst","1251","para","0","テストデータの記述例 > DB アサートの記述例 > テーブルアサート（順序不問・主キー突合・全件列挙） > YAMLの場合","","主キーが自動採番（IDENTITY / シーケンス等）の場合、テスト実行時に払い出される値が不定になるため期待側に主キー値を書けず、複数行の検証が成立しない。テスト時に主キー値を既知にできる設計（業務キーの複合主キー等）にしておく必要がある。"
"ja/development_tools/testing_framework/guide/development_guide/06_TestFWGuide/testdata/examples.rst","1254","heading","3","テストデータの記述例 > DB アサートの記述例","EXPECTED_COMPLETE_TABLE（省略カラムにデフォルト値補完）",""
"ja/development_tools/testing_framework/guide/development_guide/06_TestFWGuide/testdata/examples.rst","1256","para","0","テストデータの記述例 > DB アサートの記述例 > EXPECTED_COMPLETE_TABLE（省略カラムにデフォルト値補完）","","省略したカラムにデフォルト値を補完してから比較する。"
"ja/development_tools/testing_framework/guide/development_guide/06_TestFWGuide/testdata/examples.rst","1259","heading","4","テストデータの記述例 > DB アサートの記述例 > EXPECTED_COMPLETE_TABLE（省略カラムにデフォルト値補完）","YAMLの場合",""
"ja/development_tools/testing_framework/guide/development_guide/06_TestFWGuide/testdata/examples.rst","1261","code","0","テストデータの記述例 > DB アサートの記述例 > EXPECTED_COMPLETE_TABLE（省略カラムにデフォルト値補完） > YAMLの場合","yaml","expected_complete_tables:
- table: USER
rows:"
"ja/development_tools/testing_framework/guide/development_guide/06_TestFWGuide/testdata/index.rst","5","heading","1","","テストデータの記述方法",""
"ja/development_tools/testing_framework/guide/development_guide/06_TestFWGuide/testdata/index.rst","7","para","0","テストデータの記述方法","","テストデータは Excel または YAML ファイルで記述できる。"
"ja/development_tools/testing_framework/guide/development_guide/06_TestFWGuide/testdata/index.rst","12","heading","1","","テストデータの全体像",""
"ja/development_tools/testing_framework/guide/development_guide/06_TestFWGuide/testdata/index.rst","14","para","0","テストデータの全体像","","テストコード（Java）がテストデータファイルを読み込み、DB へのデータ投入・入力ファイルの配置・期待値との比較を行う。テストデータには **テストケース**・**セットアップ**・**検証** の3用途のデータを記述し、いずれも **データブロック** 単位で管理する。"
"ja/development_tools/testing_framework/guide/development_guide/06_TestFWGuide/testdata/index.rst","17","heading","2","テストデータの全体像","全体像",""
"ja/development_tools/testing_framework/guide/development_guide/06_TestFWGuide/testdata/index.rst","19","para","0","テストデータの全体像 > 全体像","","各用途とデータブロックの対応を以下に示す。"
"ja/development_tools/testing_framework/guide/development_guide/06_TestFWGuide/testdata/index.rst","22","para","0","テストデータの全体像 > 全体像","",":header-rows: 1 :widths: 15 50 35"
"ja/development_tools/testing_framework/guide/development_guide/06_TestFWGuide/testdata/index.rst","25","para","0","テストデータの全体像 > 全体像","","* - 用途 - 内容 - 主なデータブロック * - テストケース - 1エントリ1ケースの実行条件（ウェブ:「ユーザ ID・期待ステータスコード・期待フォワード先 URI」、バッチ:「リクエストパス・ユーザ ID・DI コンフィグ・期待ステータスコード」など） - ``LIST_MAP=testShots`` * "
"ja/development_tools/testing_framework/guide/development_guide/06_TestFWGuide/testdata/index.rst","39","heading","2","テストデータの全体像","データの格納階層",""
"ja/development_tools/testing_framework/guide/development_guide/06_TestFWGuide/testdata/index.rst","41","para","0","テストデータの全体像 > データの格納階層","","データの格納階層は次のとおりである。テストクラス1つ分のデータが読み込み単位（Excel は1シート／YAML は1ファイル）に分かれ、その中に複数のデータブロックが共存する。"
"ja/development_tools/testing_framework/guide/development_guide/06_TestFWGuide/testdata/index.rst","43","code","0","テストデータの全体像 > データの格納階層","text","テストクラス（Excel:1ブック / YAML:1ディレクトリ）
└── 読み込み単位（Excel:1シート / YAML:1ファイル）
└── データブロック（種別 + 識別子）"
"ja/development_tools/testing_framework/guide/development_guide/06_TestFWGuide/testdata/index.rst","50","para","0","テストデータの全体像 > データの格納階層","","データブロックは種別（ ``SETUP_TABLE`` など14種）と識別子の値（テーブル名・ファイルパス・ID など）の組み合わせで区別する。詳細は :ref:`ntf_testdata_data_blocks` を参照。"
"ja/development_tools/testing_framework/guide/development_guide/06_TestFWGuide/testdata/index.rst","53","heading","2","テストデータの全体像","記述例",""
"ja/development_tools/testing_framework/guide/development_guide/06_TestFWGuide/testdata/index.rst","55","para","0","テストデータの全体像 > 記述例","","バッチ処理のリクエスト単体テストの例を以下に示す。1ファイルにテストケース・セットアップ・検証が共存する。"
"ja/development_tools/testing_framework/guide/development_guide/06_TestFWGuide/testdata/index.rst","58","heading","3","テストデータの全体像 > 記述例","Excelの場合",""
"ja/development_tools/testing_framework/guide/development_guide/06_TestFWGuide/testdata/index.rst","60","para","0","テストデータの全体像 > 記述例 > Excelの場合","","各データブロックはシート先頭のラベルで種別が決まる。"
"ja/development_tools/testing_framework/guide/development_guide/06_TestFWGuide/testdata/index.rst","62","code","0","テストデータの全体像 > 記述例 > Excelの場合","text","LIST_MAP=testShots
| no | description         | expectedStatusCode | setUpTable | expectedTable | diConfig                                 | requestPath       | userId | expectedLog |
| 1  | 正しく更新されます  | 0                  | default    | default       | nablarch/test/core/batch/BatchSample.xml | DBtoDBBatchSample | test   | expectedLog |"
"ja/development_tools/testing_framework/guide/development_guide/06_TestFWGuide/testdata/index.rst","84","heading","3","テストデータの全体像 > 記述例","YAMLの場合",""
"ja/development_tools/testing_framework/guide/development_guide/06_TestFWGuide/testdata/index.rst","86","para","0","テストデータの全体像 > 記述例 > YAMLの場合","","各データブロックはトップレベルキーで種別が決まる。"
"ja/development_tools/testing_framework/guide/development_guide/06_TestFWGuide/testdata/index.rst","88","code","0","テストデータの全体像 > 記述例 > YAMLの場合","yaml","list_maps:
- id: testShots
rows:"
"ja/development_tools/testing_framework/guide/development_guide/06_TestFWGuide/testdata/index.rst","131","para","0","テストデータの全体像 > 記述例 > YAMLの場合","","- 種別はトップレベルキーで決まる: ``list_maps:`` の ``id: testShots`` がテストケース定義、 ``setup_tables:`` がセットアップ、 ``expected_tables:`` が検証である。 - ``id: expectedLog`` のような任意 ID の ``lis"
"ja/development_tools/testing_framework/guide/development_guide/06_TestFWGuide/testdata/index.rst","136","heading","2","テストデータの全体像","テストデータの基本構造",""
"ja/development_tools/testing_framework/guide/development_guide/06_TestFWGuide/testdata/index.rst","138","para","0","テストデータの全体像 > テストデータの基本構造","","テストデータはテストクラスと1対1で対応する。"
"ja/development_tools/testing_framework/guide/development_guide/06_TestFWGuide/testdata/index.rst","141","para","0","テストデータの全体像 > テストデータの基本構造","",":header-rows: 1 :widths: 15 45 40"
"ja/development_tools/testing_framework/guide/development_guide/06_TestFWGuide/testdata/index.rst","144","para","0","テストデータの全体像 > テストデータの基本構造","","* - 形式 - テストクラス対応 - 読み込み単位 * - Excel - 同名の1ブック（``.xls``） - 1シート * - YAML - 同名のディレクトリ - 1ファイル（Excel の1シートに相当）"
"ja/development_tools/testing_framework/guide/development_guide/06_TestFWGuide/testdata/index.rst","154","para","0","テストデータの全体像 > テストデータの基本構造","","ディレクトリ構成の例を以下に示す。"
"ja/development_tools/testing_framework/guide/development_guide/06_TestFWGuide/testdata/index.rst","156","code","0","テストデータの全体像 > テストデータの基本構造","text","【Excel】                              【YAML】
src/test/java/com/example/            src/test/java/com/example/
FooTest.xls                           FooTest/"
"ja/development_tools/testing_framework/guide/development_guide/06_TestFWGuide/testdata/index.rst","164","para","0","テストデータの全体像 > テストデータの基本構造","","1読み込み単位の中に、テストケース・セットアップ・検証の複数データブロックを共存させて記述する。"
"ja/development_tools/testing_framework/guide/development_guide/06_TestFWGuide/testdata/index.rst","166","para","0","テストデータの全体像 > テストデータの基本構造","","YAML ファイルは **YAML 1.2** に準拠する。YAML 1.1 との主な違いとして、 ``yes`` / ``no`` / ``on`` / ``off`` は真偽値ではなく文字列として扱われる。"
"ja/development_tools/testing_framework/guide/development_guide/06_TestFWGuide/testdata/index.rst","169","heading","3","テストデータの全体像 > テストデータの基本構造","ファイルの読み込みルール",""
"ja/development_tools/testing_framework/guide/development_guide/06_TestFWGuide/testdata/index.rst","172","para","0","テストデータの全体像 > テストデータの基本構造 > ファイルの読み込みルール","",":header-rows: 1 :widths: 20 35 45"
"ja/development_tools/testing_framework/guide/development_guide/06_TestFWGuide/testdata/index.rst","175","para","0","テストデータの全体像 > テストデータの基本構造 > ファイルの読み込みルール","","* - 項目 - Excel - YAML * - ファイルなし時 - エラー - ファイルが存在しない、またはパース失敗時はエラー * - 空ファイル時 - 空シートは存在しないシート扱い - 空ファイル（0バイト）は空データ扱い（エラーにならない） * - 値の書き方 - セルは必ず **文字列書式** で記述する"
"ja/development_tools/testing_framework/guide/development_guide/06_TestFWGuide/testdata/index.rst","191","heading","1","","データブロック",""
"ja/development_tools/testing_framework/guide/development_guide/06_TestFWGuide/testdata/index.rst","193","para","0","データブロック","","各データブロックは **データブロック種別** と **識別子の値** の2要素で識別される。"
"ja/development_tools/testing_framework/guide/development_guide/06_TestFWGuide/testdata/index.rst","196","heading","2","データブロック","識別の構成要素",""
"ja/development_tools/testing_framework/guide/development_guide/06_TestFWGuide/testdata/index.rst","198","para","0","データブロック > 識別の構成要素","","データブロックの識別方法を以下に示す。"
"ja/development_tools/testing_framework/guide/development_guide/06_TestFWGuide/testdata/index.rst","201","para","0","データブロック > 識別の構成要素","",":header-rows: 1 :widths: 15 85"
"ja/development_tools/testing_framework/guide/development_guide/06_TestFWGuide/testdata/index.rst","204","para","0","データブロック > 識別の構成要素","","* - 形式 - 記述方法 * - Excel - データブロック先頭セルに ``データブロック種別=識別子の値`` と記述する。種別名で始まれば合致（前方一致）。例: ``SETUP_TABLE=USER_MASTER`` * - YAML - 種別ごとの専用トップレベルキーを使用する。完全一致のため前方一致は発生し"
"ja/development_tools/testing_framework/guide/development_guide/06_TestFWGuide/testdata/index.rst","211","para","0","データブロック > 識別の構成要素","","YAML のトップレベルキーとデータブロック種別の対応を以下に示す。"
"ja/development_tools/testing_framework/guide/development_guide/06_TestFWGuide/testdata/index.rst","214","para","0","データブロック > 識別の構成要素","",":header-rows: 1 :widths: 45 55"
"ja/development_tools/testing_framework/guide/development_guide/06_TestFWGuide/testdata/index.rst","217","para","0","データブロック > 識別の構成要素","","* - データブロック種別 - YAML キー * - ``SETUP_TABLE`` - ``setup_tables`` * - ``EXPECTED_TABLE`` - ``expected_tables`` * - ``EXPECTED_COMPLETE_TABLE`` - ``expected_complet"
"ja/development_tools/testing_framework/guide/development_guide/06_TestFWGuide/testdata/index.rst","242","para","0","データブロック > 識別の構成要素","","記述例を以下に示す。"
"ja/development_tools/testing_framework/guide/development_guide/06_TestFWGuide/testdata/index.rst","245","heading","3","データブロック > 識別の構成要素","Excelの場合",""
"ja/development_tools/testing_framework/guide/development_guide/06_TestFWGuide/testdata/index.rst","247","para","0","データブロック > 識別の構成要素 > Excelの場合","","データブロック先頭セルに ``種別=識別子`` の形式で記述する。"
"ja/development_tools/testing_framework/guide/development_guide/06_TestFWGuide/testdata/index.rst","249","code","0","データブロック > 識別の構成要素 > Excelの場合","text","SETUP_TABLE=USER_MASTER
| USER_ID | USER_NAME |
| 001     | 山田太郎  |"
"ja/development_tools/testing_framework/guide/development_guide/06_TestFWGuide/testdata/index.rst","264","heading","3","データブロック > 識別の構成要素","YAMLの場合",""
"ja/development_tools/testing_framework/guide/development_guide/06_TestFWGuide/testdata/index.rst","266","para","0","データブロック > 識別の構成要素 > YAMLの場合","","種別ごとの専用トップレベルキーを使用する。"
"ja/development_tools/testing_framework/guide/development_guide/06_TestFWGuide/testdata/index.rst","268","code","0","データブロック > 識別の構成要素 > YAMLの場合","yaml","setup_tables:
- table: USER_MASTER
rows:"
"ja/development_tools/testing_framework/guide/development_guide/06_TestFWGuide/testdata/index.rst","289","heading","3","データブロック > 識別の構成要素","同種データブロックの記述ルール",""
"ja/development_tools/testing_framework/guide/development_guide/06_TestFWGuide/testdata/index.rst","291","para","0","データブロック > 識別の構成要素 > 同種データブロックの記述ルール","","- **YAML**: 同一ファイル内のトップレベルキーの重複は禁止である。同種データは同一キーにリストとして並べる（重複時はエラー）。 - **Excel**: 同一シート内に同種データブロックを複数記述できる。DataType により全件収集または先着一致で収集される（下記 :ref:`ntf_testdata_d"
"ja/development_tools/testing_framework/guide/development_guide/06_TestFWGuide/testdata/index.rst","295","heading","2","データブロック","データブロック種別の一覧",""
"ja/development_tools/testing_framework/guide/development_guide/06_TestFWGuide/testdata/index.rst","297","para","0","データブロック > データブロック種別の一覧","","使用できる種別は以下の14種である。"
"ja/development_tools/testing_framework/guide/development_guide/06_TestFWGuide/testdata/index.rst","300","para","0","データブロック > データブロック種別の一覧","",":header-rows: 1 :widths: 40 40 20"
"ja/development_tools/testing_framework/guide/development_guide/06_TestFWGuide/testdata/index.rst","303","para","0","データブロック > データブロック種別の一覧","","* - データブロック種別 - 用途 - 同一 ID が複数ある場合 * - ``SETUP_TABLE`` - INSERT 用テーブルデータ - 同じグループのものをすべて収集 * - ``EXPECTED_TABLE`` - 比較用テーブルデータ（省略カラムは比較対象外） - 同じグループのものをすべて収集 * "
"ja/development_tools/testing_framework/guide/development_guide/06_TestFWGuide/testdata/index.rst","352","heading","2","データブロック","同一ファイル（シート）内に複数のデータブロックを書く場合の注意",""
"ja/development_tools/testing_framework/guide/development_guide/06_TestFWGuide/testdata/index.rst","354","para","0","データブロック > 同一ファイル（シート）内に複数のデータブロックを書く場合の注意","","- **複数テーブルの INSERT**: ``setup_tables`` などの全件収集タイプは同一 グループID のものをすべて収集する。複数テーブルデータを並べて記述できる。 - **データタイプの混在順序（YAML）**: YAML はトップレベルのセクションキー（ ``expected_tables`` /"
"ja/development_tools/testing_framework/guide/development_guide/06_TestFWGuide/testdata/index.rst","358","admonition","0","データブロック > 同一ファイル（シート）内に複数のデータブロックを書く場合の注意","note",""
"ja/development_tools/testing_framework/guide/development_guide/06_TestFWGuide/testdata/index.rst","360","para","0","データブロック > 同一ファイル（シート）内に複数のデータブロックを書く場合の注意","","**Excel との違い**: Excel（旧形式）は行を順に読む方式のため、同一シート内で別のデータタイプを挟むと後半が読み込まれない制約があった。YAML はセクションキーで構造化されるためこの制約はなく、移行時にデータタイプごとにまとめ直す必要はない。"
"ja/development_tools/testing_framework/guide/development_guide/06_TestFWGuide/testdata/index.rst","362","para","0","データブロック > 同一ファイル（シート）内に複数のデータブロックを書く場合の注意","","グループの指定方法（グループID）は :ref:`ntf_testdata_testshots` を参照。"
"ja/development_tools/testing_framework/guide/development_guide/06_TestFWGuide/testdata/index.rst","367","heading","1","","テストケース定義",""
"ja/development_tools/testing_framework/guide/development_guide/06_TestFWGuide/testdata/index.rst","369","para","0","テストケース定義","","``testShots`` はテストケース定義の予約 ID である。フレームワークがこの ID を自動的に読み込み、各エントリを1テストケースとして実行する。"
"ja/development_tools/testing_framework/guide/development_guide/06_TestFWGuide/testdata/index.rst","372","heading","2","テストケース定義","testShots",""
"ja/development_tools/testing_framework/guide/development_guide/06_TestFWGuide/testdata/index.rst","374","para","0","テストケース定義 > testShots","","``testShots`` の仕様を以下に記載する。"
"ja/development_tools/testing_framework/guide/development_guide/06_TestFWGuide/testdata/index.rst","376","para","0","テストケース定義 > testShots","","- テスト実行には ``testShots`` に1件以上のエントリが必要である（0件はエラー）。 - 旧称 ``testCases`` も動作するが、新規作成では ``testShots`` を使うこと。 - **Excel**: ``LIST_MAP=testShots`` データブロックに記述する。 - **YA"
"ja/development_tools/testing_framework/guide/development_guide/06_TestFWGuide/testdata/index.rst","381","para","0","テストケース定義 > testShots","","記述例は :ref:`ntf_examples_testshots_overview` を参照。"
"ja/development_tools/testing_framework/guide/development_guide/06_TestFWGuide/testdata/index.rst","383","para","0","テストケース定義 > testShots","","``testShots`` の1行が1テストケースとなる。カラムには値を直接書くものと、別データブロック（ ``LIST_MAP`` や各種テーブル／ファイル／電文ブロック）の グループID・名前を指す参照型がある。処理方式ごとに必須カラムとオプションカラムが定まる。"
"ja/development_tools/testing_framework/guide/development_guide/06_TestFWGuide/testdata/index.rst","385","para","0","テストケース定義 > testShots","","各処理方式と対応クラスを以下に示す。"
"ja/development_tools/testing_framework/guide/development_guide/06_TestFWGuide/testdata/index.rst","388","para","0","テストケース定義 > testShots","",":header-rows: 1 :widths: 50 50"
"ja/development_tools/testing_framework/guide/development_guide/06_TestFWGuide/testdata/index.rst","391","para","0","テストケース定義 > testShots","","* - 処理方式 - 対応クラス * - ウェブアプリケーション - ``HttpRequestTestSupport`` * - バッチ処理 - ``BatchRequestTestSupport`` * - メッセージング - ``MessagingRequestTestSupport`` * - エンティティバリ"
"ja/development_tools/testing_framework/guide/development_guide/06_TestFWGuide/testdata/index.rst","405","heading","3","テストケース定義 > testShots","共通カラム",""
"ja/development_tools/testing_framework/guide/development_guide/06_TestFWGuide/testdata/index.rst","407","para","0","テストケース定義 > testShots > 共通カラム","","ウェブ・バッチ・メッセージングで共通の必須カラムを以下に示す。エンティティバリデーションは別体系である（後述の :ref:`ntf_testshots_entity` を参照）。"
"ja/development_tools/testing_framework/guide/development_guide/06_TestFWGuide/testdata/index.rst","409","para","0","テストケース定義 > testShots > 共通カラム","","記述例は :ref:`ntf_examples_testshots_common` を参照。"
"ja/development_tools/testing_framework/guide/development_guide/06_TestFWGuide/testdata/index.rst","412","para","0","テストケース定義 > testShots > 共通カラム","",":header-rows: 1 :widths: 30 70"
"ja/development_tools/testing_framework/guide/development_guide/06_TestFWGuide/testdata/index.rst","415","para","0","テストケース定義 > testShots > 共通カラム","","* - カラム名 - 説明 * - ``no`` - テストケース番号。空の場合はエラー * - ``description`` - テストケースの説明（旧名 ``case`` も可）。 ``description`` も ``case`` も未定義の場合はエラー * - ``expectedStatusCode`` "
"ja/development_tools/testing_framework/guide/development_guide/06_TestFWGuide/testdata/index.rst","425","heading","2","テストケース定義","ウェブアプリケーション（HttpRequestTestSupport）",""
"ja/development_tools/testing_framework/guide/development_guide/06_TestFWGuide/testdata/index.rst","428","heading","3","テストケース定義 > ウェブアプリケーション（HttpRequestTestSupport）","必須カラム",""
"ja/development_tools/testing_framework/guide/development_guide/06_TestFWGuide/testdata/index.rst","430","para","0","テストケース定義 > ウェブアプリケーション（HttpRequestTestSupport） > 必須カラム","",":ref:`共通カラム <ntf_testshots_common>` （ ``no`` / ``description`` / ``expectedStatusCode`` ）に加えて以下が必須である。"
"ja/development_tools/testing_framework/guide/development_guide/06_TestFWGuide/testdata/index.rst","433","para","0","テストケース定義 > ウェブアプリケーション（HttpRequestTestSupport） > 必須カラム","",":header-rows: 1 :widths: 30 70"
"ja/development_tools/testing_framework/guide/development_guide/06_TestFWGuide/testdata/index.rst","436","para","0","テストケース定義 > ウェブアプリケーション（HttpRequestTestSupport） > 必須カラム","","* - カラム名 - 説明 * - ``isValidToken`` - CSRF トークン制御フラグ。 ``true`` を指定したときのみトークンを設定する。それ以外（ ``false`` ・空欄・ ``1`` など）はトークンなし（ ``Boolean.parseBoolean`` で評価） * - ``forw"
"ja/development_tools/testing_framework/guide/development_guide/06_TestFWGuide/testdata/index.rst","446","heading","3","テストケース定義 > ウェブアプリケーション（HttpRequestTestSupport）","オプションカラム",""
"ja/development_tools/testing_framework/guide/development_guide/06_TestFWGuide/testdata/index.rst","449","para","0","テストケース定義 > ウェブアプリケーション（HttpRequestTestSupport） > オプションカラム","",":header-rows: 1 :widths: 35 45 20"
"ja/development_tools/testing_framework/guide/development_guide/06_TestFWGuide/testdata/index.rst","452","para","0","テストケース定義 > ウェブアプリケーション（HttpRequestTestSupport） > オプションカラム","","* - カラム名 - 説明 - 空の場合 * - ``setUpDb`` - この値と同じ名前の ``LIST_MAP`` を持つシートの全 ``SETUP_TABLE`` を、テストメソッド開始前に1回だけ INSERT - スキップ * - ``setUpTable`` - この値と同じ グループID を持つ ``"
"ja/development_tools/testing_framework/guide/development_guide/06_TestFWGuide/testdata/index.rst","508","heading","3","テストケース定義 > ウェブアプリケーション（HttpRequestTestSupport）","記述例",""
"ja/development_tools/testing_framework/guide/development_guide/06_TestFWGuide/testdata/index.rst","511","heading","4","テストケース定義 > ウェブアプリケーション（HttpRequestTestSupport） > 記述例","Excelの場合",""
"ja/development_tools/testing_framework/guide/development_guide/06_TestFWGuide/testdata/index.rst","513","code","0","テストケース定義 > ウェブアプリケーション（HttpRequestTestSupport） > 記述例 > Excelの場合","text","LIST_MAP=testShots
| no | description | isValidToken | expectedStatusCode | forwardUri | context    |
| 1  | 正常ケース  | true         | 200                | /success   | context001 |"
"ja/development_tools/testing_framework/guide/development_guide/06_TestFWGuide/testdata/index.rst","525","heading","4","テストケース定義 > ウェブアプリケーション（HttpRequestTestSupport） > 記述例","YAMLの場合",""
"ja/development_tools/testing_framework/guide/development_guide/06_TestFWGuide/testdata/index.rst","527","code","0","テストケース定義 > ウェブアプリケーション（HttpRequestTestSupport） > 記述例 > YAMLの場合","yaml","list_maps:
- id: testShots
rows:"
"ja/development_tools/testing_framework/guide/development_guide/06_TestFWGuide/testdata/index.rst","551","heading","2","テストケース定義","バッチ処理（BatchRequestTestSupport）",""
"ja/development_tools/testing_framework/guide/development_guide/06_TestFWGuide/testdata/index.rst","554","heading","3","テストケース定義 > バッチ処理（BatchRequestTestSupport）","必須カラム",""
"ja/development_tools/testing_framework/guide/development_guide/06_TestFWGuide/testdata/index.rst","556","para","0","テストケース定義 > バッチ処理（BatchRequestTestSupport） > 必須カラム","",":ref:`共通カラム <ntf_testshots_common>` （ ``no`` / ``description`` / ``expectedStatusCode`` ）に加えて以下が必須である。"
"ja/development_tools/testing_framework/guide/development_guide/06_TestFWGuide/testdata/index.rst","559","para","0","テストケース定義 > バッチ処理（BatchRequestTestSupport） > 必須カラム","",":header-rows: 1 :widths: 30 70"
"ja/development_tools/testing_framework/guide/development_guide/06_TestFWGuide/testdata/index.rst","562","para","0","テストケース定義 > バッチ処理（BatchRequestTestSupport） > 必須カラム","","* - カラム名 - 説明 * - ``diConfig`` - DI コンポーネント設定ファイルパス * - ``requestPath`` - リクエストパス * - ``userId`` - 実行ユーザ ID"
"ja/development_tools/testing_framework/guide/development_guide/06_TestFWGuide/testdata/index.rst","572","heading","3","テストケース定義 > バッチ処理（BatchRequestTestSupport）","オプションカラム",""
"ja/development_tools/testing_framework/guide/development_guide/06_TestFWGuide/testdata/index.rst","575","para","0","テストケース定義 > バッチ処理（BatchRequestTestSupport） > オプションカラム","",":header-rows: 1 :widths: 35 45 20"
"ja/development_tools/testing_framework/guide/development_guide/06_TestFWGuide/testdata/index.rst","578","para","0","テストケース定義 > バッチ処理（BatchRequestTestSupport） > オプションカラム","","* - カラム名 - 説明 - 空の場合 * - ``setUpDb`` - この値と同じ名前の ``LIST_MAP`` を持つシートの全 ``SETUP_TABLE`` を、テストメソッド開始前に1回だけ INSERT - スキップ * - ``setUpTable`` - この値と同じ グループID を持つ ``"
"ja/development_tools/testing_framework/guide/development_guide/06_TestFWGuide/testdata/index.rst","607","heading","3","テストケース定義 > バッチ処理（BatchRequestTestSupport）","記述例",""
"ja/development_tools/testing_framework/guide/development_guide/06_TestFWGuide/testdata/index.rst","610","heading","4","テストケース定義 > バッチ処理（BatchRequestTestSupport） > 記述例","Excelの場合",""
"ja/development_tools/testing_framework/guide/development_guide/06_TestFWGuide/testdata/index.rst","612","code","0","テストケース定義 > バッチ処理（BatchRequestTestSupport） > 記述例 > Excelの場合","text","LIST_MAP=testShots
| no | description        | expectedStatusCode | diConfig                                 | requestPath       | userId | setUpFile |
| 1  | 正しく更新されます | 0                  | nablarch/test/core/batch/BatchSample.xml | DBtoDBBatchSample | test   |           |"
"ja/development_tools/testing_framework/guide/development_guide/06_TestFWGuide/testdata/index.rst","620","heading","4","テストケース定義 > バッチ処理（BatchRequestTestSupport） > 記述例","YAMLの場合",""
"ja/development_tools/testing_framework/guide/development_guide/06_TestFWGuide/testdata/index.rst","622","code","0","テストケース定義 > バッチ処理（BatchRequestTestSupport） > 記述例 > YAMLの場合","yaml","list_maps:
- id: testShots
rows:"
"ja/development_tools/testing_framework/guide/development_guide/06_TestFWGuide/testdata/index.rst","643","heading","2","テストケース定義","メッセージング（MessagingRequestTestSupport）",""
"ja/development_tools/testing_framework/guide/development_guide/06_TestFWGuide/testdata/index.rst","646","heading","3","テストケース定義 > メッセージング（MessagingRequestTestSupport）","必須カラム",""
"ja/development_tools/testing_framework/guide/development_guide/06_TestFWGuide/testdata/index.rst","648","para","0","テストケース定義 > メッセージング（MessagingRequestTestSupport） > 必須カラム","",":ref:`共通カラム <ntf_testshots_common>` （ ``no`` / ``description`` / ``expectedStatusCode`` ）に加えて以下が必須である。"
"ja/development_tools/testing_framework/guide/development_guide/06_TestFWGuide/testdata/index.rst","651","para","0","テストケース定義 > メッセージング（MessagingRequestTestSupport） > 必須カラム","",":header-rows: 1 :widths: 30 70"
"ja/development_tools/testing_framework/guide/development_guide/06_TestFWGuide/testdata/index.rst","654","para","0","テストケース定義 > メッセージング（MessagingRequestTestSupport） > 必須カラム","","* - カラム名 - 説明 * - ``diConfig`` - DI コンポーネント設定ファイルパス * - ``requestPath`` - リクエストパス * - ``userId`` - 実行ユーザ ID"
"ja/development_tools/testing_framework/guide/development_guide/06_TestFWGuide/testdata/index.rst","664","heading","3","テストケース定義 > メッセージング（MessagingRequestTestSupport）","オプションカラム",""
"ja/development_tools/testing_framework/guide/development_guide/06_TestFWGuide/testdata/index.rst","667","para","0","テストケース定義 > メッセージング（MessagingRequestTestSupport） > オプションカラム","",":header-rows: 1 :widths: 35 45 20"
"ja/development_tools/testing_framework/guide/development_guide/06_TestFWGuide/testdata/index.rst","670","para","0","テストケース定義 > メッセージング（MessagingRequestTestSupport） > オプションカラム","","* - カラム名 - 説明 - 空の場合 * - ``setUpDb`` - この値と同じ名前の ``LIST_MAP`` を持つシートの全 ``SETUP_TABLE`` を、テストメソッド開始前に1回だけ INSERT - スキップ * - ``setUpTable`` - この値と同じ グループID を持つ ``"
"ja/development_tools/testing_framework/guide/development_guide/06_TestFWGuide/testdata/index.rst","693","heading","3","テストケース定義 > メッセージング（MessagingRequestTestSupport）","記述例",""
"ja/development_tools/testing_framework/guide/development_guide/06_TestFWGuide/testdata/index.rst","696","heading","4","テストケース定義 > メッセージング（MessagingRequestTestSupport） > 記述例","Excelの場合",""
"ja/development_tools/testing_framework/guide/development_guide/06_TestFWGuide/testdata/index.rst","698","code","0","テストケース定義 > メッセージング（MessagingRequestTestSupport） > 記述例 > Excelの場合","text","LIST_MAP=testShots
| no | description      | expectedStatusCode | diConfig                              | requestPath | userId     | expectedMessage | responseMessage |
| 1  | 電文送受信テスト | 0                  | batch-test-component-configuration.xml | BM21AA0106  | batch_user | case1           | res_case1       |"
"ja/development_tools/testing_framework/guide/development_guide/06_TestFWGuide/testdata/index.rst","705","heading","4","テストケース定義 > メッセージング（MessagingRequestTestSupport） > 記述例","YAMLの場合",""
"ja/development_tools/testing_framework/guide/development_guide/06_TestFWGuide/testdata/index.rst","707","code","0","テストケース定義 > メッセージング（MessagingRequestTestSupport） > 記述例 > YAMLの場合","yaml","list_maps:
- id: testShots
rows:"
"ja/development_tools/testing_framework/guide/development_guide/06_TestFWGuide/testdata/index.rst","724","heading","2","テストケース定義","エンティティバリデーション（EntityTestSupport）",""
"ja/development_tools/testing_framework/guide/development_guide/06_TestFWGuide/testdata/index.rst","726","para","0","テストケース定義 > エンティティバリデーション（EntityTestSupport）","","共通カラムとは別体系である。 ``no`` / ``description`` / ``expectedStatusCode`` は使用しない。"
"ja/development_tools/testing_framework/guide/development_guide/06_TestFWGuide/testdata/index.rst","729","heading","3","テストケース定義 > エンティティバリデーション（EntityTestSupport）","必須カラム",""
"ja/development_tools/testing_framework/guide/development_guide/06_TestFWGuide/testdata/index.rst","732","para","0","テストケース定義 > エンティティバリデーション（EntityTestSupport） > 必須カラム","",":header-rows: 1 :widths: 40 60"
"ja/development_tools/testing_framework/guide/development_guide/06_TestFWGuide/testdata/index.rst","735","para","0","テストケース定義 > エンティティバリデーション（EntityTestSupport） > 必須カラム","","* - カラム名 - 説明 * - ``title`` - テストケースの説明 * - ``expectedMessageId1`` - 期待するバリデーションメッセージ ID（複数ある場合は ``expectedMessageId2``, ``expectedMessageId3``, ... と連番で追加） * -"
"ja/development_tools/testing_framework/guide/development_guide/06_TestFWGuide/testdata/index.rst","745","heading","3","テストケース定義 > エンティティバリデーション（EntityTestSupport）","関連予約 ID",""
"ja/development_tools/testing_framework/guide/development_guide/06_TestFWGuide/testdata/index.rst","748","para","0","テストケース定義 > エンティティバリデーション（EntityTestSupport） > 関連予約 ID","",":header-rows: 1 :widths: 30 70"
"ja/development_tools/testing_framework/guide/development_guide/06_TestFWGuide/testdata/index.rst","751","para","0","テストケース定義 > エンティティバリデーション（EntityTestSupport） > 関連予約 ID","","* - 予約 ID - 説明 * - ``params`` - 入力パラメータ定義。 ``testShots`` の行数と一致が必須"
"ja/development_tools/testing_framework/guide/development_guide/06_TestFWGuide/testdata/index.rst","757","heading","3","テストケース定義 > エンティティバリデーション（EntityTestSupport）","記述例",""
"ja/development_tools/testing_framework/guide/development_guide/06_TestFWGuide/testdata/index.rst","760","heading","4","テストケース定義 > エンティティバリデーション（EntityTestSupport） > 記述例","Excelの場合",""
"ja/development_tools/testing_framework/guide/development_guide/06_TestFWGuide/testdata/index.rst","762","code","0","テストケース定義 > エンティティバリデーション（EntityTestSupport） > 記述例 > Excelの場合","text","LIST_MAP=testShots
| title    | expectedMessageId1 | propertyName1 |
| 必須チェック | errors.required  | userName      |"
"ja/development_tools/testing_framework/guide/development_guide/06_TestFWGuide/testdata/index.rst","769","heading","4","テストケース定義 > エンティティバリデーション（EntityTestSupport） > 記述例","YAMLの場合",""
"ja/development_tools/testing_framework/guide/development_guide/06_TestFWGuide/testdata/index.rst","771","code","0","テストケース定義 > エンティティバリデーション（EntityTestSupport） > 記述例 > YAMLの場合","yaml","list_maps:
- id: testShots
rows:"
"ja/development_tools/testing_framework/guide/development_guide/06_TestFWGuide/testdata/index.rst","781","heading","2","テストケース定義","データブロックのグループ化",""
"ja/development_tools/testing_framework/guide/development_guide/06_TestFWGuide/testdata/index.rst","783","para","0","テストケース定義 > データブロックのグループ化","","複数のテストケースで異なるセットアップデータや期待値を使い分けたい場合、データブロックに **グループID** を付加してグループ化する。 ``testShots`` の各カラム（ ``setUpTable`` / ``expectedTable`` / ``setUpFile`` / ``expectedFile``"
"ja/development_tools/testing_framework/guide/development_guide/06_TestFWGuide/testdata/index.rst","786","para","0","テストケース定義 > データブロックのグループ化","",":header-rows: 1 :widths: 15 85"
"ja/development_tools/testing_framework/guide/development_guide/06_TestFWGuide/testdata/index.rst","789","para","0","テストケース定義 > データブロックのグループ化","","* - 形式 - 記述方法 * - Excel - DataType 名の直後に ``[groupId]`` を付ける。例: ``SETUP_TABLE[case01]=USER_MASTER`` * - YAML - ``group_id:`` フィールドを記述する"
"ja/development_tools/testing_framework/guide/development_guide/06_TestFWGuide/testdata/index.rst","797","heading","3","テストケース定義 > データブロックのグループ化","制約",""
"ja/development_tools/testing_framework/guide/development_guide/06_TestFWGuide/testdata/index.rst","799","para","0","テストケース定義 > データブロックのグループ化 > 制約","","- ``testShots`` の各カラムで グループID を省略すると、グループID なしのデータブロック（デフォルトグループ）が収集される。 - バッチ固有の動作として グループID に ``""default""`` を指定すると グループID なし扱いと同等になる（HTTP テスト・メッセージングテストでは適用され"
"ja/development_tools/testing_framework/guide/development_guide/06_TestFWGuide/testdata/index.rst","803","heading","3","テストケース定義 > データブロックのグループ化","記述例",""
"ja/development_tools/testing_framework/guide/development_guide/06_TestFWGuide/testdata/index.rst","806","heading","4","テストケース定義 > データブロックのグループ化 > 記述例","Excelの場合",""
"ja/development_tools/testing_framework/guide/development_guide/06_TestFWGuide/testdata/index.rst","808","para","0","テストケース定義 > データブロックのグループ化 > 記述例 > Excelの場合","","グループID はデータブロック種別ラベルの ``[...]`` で指定する。"
"ja/development_tools/testing_framework/guide/development_guide/06_TestFWGuide/testdata/index.rst","810","code","0","テストケース定義 > データブロックのグループ化 > 記述例 > Excelの場合","text","LIST_MAP=testShots
| no | description | expectedStatusCode | setUpTable | expectedTable |
| 1  | 正常注文    | 0                  | case01     | case01        |"
"ja/development_tools/testing_framework/guide/development_guide/06_TestFWGuide/testdata/index.rst","827","heading","4","テストケース定義 > データブロックのグループ化 > 記述例","YAMLの場合",""
"ja/development_tools/testing_framework/guide/development_guide/06_TestFWGuide/testdata/index.rst","829","para","0","テストケース定義 > データブロックのグループ化 > 記述例 > YAMLの場合","","グループID は各エントリの ``group_id:`` フィールドで指定する。"
"ja/development_tools/testing_framework/guide/development_guide/06_TestFWGuide/testdata/index.rst","831","code","0","テストケース定義 > データブロックのグループ化 > 記述例 > YAMLの場合","yaml","list_maps:
- id: testShots
rows:"
"ja/development_tools/testing_framework/guide/development_guide/06_TestFWGuide/testdata/index.rst","867","admonition","0","テストケース定義 > データブロックのグループ化 > 記述例 > YAMLの場合","note",""
"ja/development_tools/testing_framework/guide/development_guide/06_TestFWGuide/testdata/index.rst","869","para","0","テストケース定義 > データブロックのグループ化 > 記述例 > YAMLの場合","","ウェブ・バッチ・メッセージングの共通必須カラムは ``no`` / ``description`` / ``expectedStatusCode`` の3つである。"
"ja/development_tools/testing_framework/guide/development_guide/06_TestFWGuide/testdata/index.rst","871","para","0","テストケース定義 > データブロックのグループ化 > 記述例 > YAMLの場合","","記述例は :ref:`ntf_examples_testshots` を参照。"
"ja/development_tools/testing_framework/guide/development_guide/06_TestFWGuide/testdata/index.rst","876","heading","1","","テーブルデータ",""
"ja/development_tools/testing_framework/guide/development_guide/06_TestFWGuide/testdata/index.rst","878","para","0","テーブルデータ","","各エントリはカラム名と値の組み合わせで記述する。省略したカラムには INSERT 時にデフォルト値が補完される。"
"ja/development_tools/testing_framework/guide/development_guide/06_TestFWGuide/testdata/index.rst","881","heading","2","テーブルデータ","テーブルデータの形式",""
"ja/development_tools/testing_framework/guide/development_guide/06_TestFWGuide/testdata/index.rst","884","heading","3","テーブルデータ > テーブルデータの形式","Excelの場合",""
"ja/development_tools/testing_framework/guide/development_guide/06_TestFWGuide/testdata/index.rst","886","para","0","テーブルデータ > テーブルデータの形式 > Excelの場合","","1行目にカラム名、2行目以降にデータを記述する。"
"ja/development_tools/testing_framework/guide/development_guide/06_TestFWGuide/testdata/index.rst","888","code","0","テーブルデータ > テーブルデータの形式 > Excelの場合","text","SETUP_TABLE=テーブル名
| カラム1 | カラム2 | カラム3 |
| 値1     | 値2     | 値3     |"
"ja/development_tools/testing_framework/guide/development_guide/06_TestFWGuide/testdata/index.rst","895","heading","3","テーブルデータ > テーブルデータの形式","YAMLの場合",""
"ja/development_tools/testing_framework/guide/development_guide/06_TestFWGuide/testdata/index.rst","897","para","0","テーブルデータ > テーブルデータの形式 > YAMLの場合","","``rows:`` 配列に各行をオブジェクトで記述する。"
"ja/development_tools/testing_framework/guide/development_guide/06_TestFWGuide/testdata/index.rst","899","code","0","テーブルデータ > テーブルデータの形式 > YAMLの場合","yaml","setup_tables:
- table: テーブル名
rows:"
"ja/development_tools/testing_framework/guide/development_guide/06_TestFWGuide/testdata/index.rst","908","para","0","テーブルデータ > テーブルデータの形式 > YAMLの場合","","``setup_tables`` / ``expected_tables`` / ``expected_complete_tables`` の各エントリには ``table`` キーが必須である（省略時はエラー）。"
"ja/development_tools/testing_framework/guide/development_guide/06_TestFWGuide/testdata/index.rst","911","heading","2","テーブルデータ","SETUP_TABLE",""
"ja/development_tools/testing_framework/guide/development_guide/06_TestFWGuide/testdata/index.rst","913","para","0","テーブルデータ > SETUP_TABLE","","DB への INSERT 用データである。"
"ja/development_tools/testing_framework/guide/development_guide/06_TestFWGuide/testdata/index.rst","915","para","0","テーブルデータ > SETUP_TABLE","","- 各エントリのカラム名と値を記述する。 - 主キーカラムは省略しないこと。省略すると型に応じたデフォルト値（数値型は ``""0""`` 、文字型はスペース等）が INSERT される。 - FK が設定された数値カラムも省略しないこと。省略すると ``""0""`` が INSERT され、参照先に ID=0 の行が存在し"
"ja/development_tools/testing_framework/guide/development_guide/06_TestFWGuide/testdata/index.rst","919","para","0","テーブルデータ > SETUP_TABLE","","null 値・空文字の動作を以下に示す。"
"ja/development_tools/testing_framework/guide/development_guide/06_TestFWGuide/testdata/index.rst","922","para","0","テーブルデータ > SETUP_TABLE","",":header-rows: 1 :widths: 35 30 35"
"ja/development_tools/testing_framework/guide/development_guide/06_TestFWGuide/testdata/index.rst","925","para","0","テーブルデータ > SETUP_TABLE","","* - 値の指定 - Excel - YAML * - null（Java null） - セルに ``null`` （大文字小文字不問） - アンクォートの ``null`` （ ``""null""`` でも同結果） * - 空文字 - セルを空にする - ``""""`` * - 日付型カラムの空文字 - セルを空にする"
"ja/development_tools/testing_framework/guide/development_guide/06_TestFWGuide/testdata/index.rst","938","admonition","0","テーブルデータ > SETUP_TABLE","important",""
"ja/development_tools/testing_framework/guide/development_guide/06_TestFWGuide/testdata/index.rst","940","para","0","テーブルデータ > SETUP_TABLE","","``SETUP_TABLE`` （ ``setUpDb`` / ``setUpTable`` ）は対象テーブルへ INSERT する前にそのテーブルを **全件 DELETE** してから INSERT する。NTF はテスト後に後始末をしない（INSERT した行はコミットされたままになる）。そのため、あるテストが子"
"ja/development_tools/testing_framework/guide/development_guide/06_TestFWGuide/testdata/index.rst","942","para","0","テーブルデータ > SETUP_TABLE","","FK のある親テーブルを全件削除（clear）するテストでは、 **子テーブルも** ``SETUP_TABLE`` **に列挙して一緒に clear すること。** NTF は親子関係に従い子→親の順で削除する。子テーブルのデータを書き換えないテストであっても、親を clear するなら子の clear 指定が必要で"
"ja/development_tools/testing_framework/guide/development_guide/06_TestFWGuide/testdata/index.rst","944","para","0","テーブルデータ > SETUP_TABLE","","記述例を以下に示す。"
"ja/development_tools/testing_framework/guide/development_guide/06_TestFWGuide/testdata/index.rst","947","heading","3","テーブルデータ > SETUP_TABLE","Excelの場合",""
"ja/development_tools/testing_framework/guide/development_guide/06_TestFWGuide/testdata/index.rst","949","code","0","テーブルデータ > SETUP_TABLE > Excelの場合","text","SETUP_TABLE=MEMBER
| MEMBER_ID  | NAME     | RANK | SCORE | RATE | PROFILE          | PHOTO                          |
| 0000000101 | 山田太郎 | 1    | 85000 | 1.5  | ゴールド会員です | ${binaryFile:testdata.txt}     |"
"ja/development_tools/testing_framework/guide/development_guide/06_TestFWGuide/testdata/index.rst","957","heading","3","テーブルデータ > SETUP_TABLE","YAMLの場合",""
"ja/development_tools/testing_framework/guide/development_guide/06_TestFWGuide/testdata/index.rst","959","code","0","テーブルデータ > SETUP_TABLE > YAMLの場合","yaml","setup_tables:
- table: MEMBER
rows:"
"ja/development_tools/testing_framework/guide/development_guide/06_TestFWGuide/testdata/index.rst","979","para","0","テーブルデータ > SETUP_TABLE > YAMLの場合","","- 値は文字列で記述する（ ``""0000000101""`` のようにクォート）。 - NULL 値はアンクォートの ``null`` で記述する（ ``""null""`` とクォートしても同じく Java null になる）。 - ``${binaryFile:パス}`` はファイル内容をバイナリ読み込みして HexS"
"ja/development_tools/testing_framework/guide/development_guide/06_TestFWGuide/testdata/index.rst","984","heading","2","テーブルデータ","EXPECTED_TABLE",""
"ja/development_tools/testing_framework/guide/development_guide/06_TestFWGuide/testdata/index.rst","986","para","0","テーブルデータ > EXPECTED_TABLE","","テスト後の DB 状態と比較するデータである。省略したカラムは比較対象外となる。検証したいカラムだけを列挙できる。"
"ja/development_tools/testing_framework/guide/development_guide/06_TestFWGuide/testdata/index.rst","988","para","0","テーブルデータ > EXPECTED_TABLE","","行照合の動作は以下の通り。"
"ja/development_tools/testing_framework/guide/development_guide/06_TestFWGuide/testdata/index.rst","990","para","0","テーブルデータ > EXPECTED_TABLE","","- 期待行と DB の行は **DB の主キー** で対応付けられる。主キーカラムは省略しないこと。 - 対象テーブルに存在する DB 行は **全件を列挙する** 必要がある。期待側に存在しない DB 行があると「余分な行がある」旨のエラーになる（部分検証はできない）。"
"ja/development_tools/testing_framework/guide/development_guide/06_TestFWGuide/testdata/index.rst","993","admonition","0","テーブルデータ > EXPECTED_TABLE","note",""
"ja/development_tools/testing_framework/guide/development_guide/06_TestFWGuide/testdata/index.rst","995","para","0","テーブルデータ > EXPECTED_TABLE","","主キーが自動採番（IDENTITY / シーケンス等）の場合、テスト実行時に払い出される値が不定になるため期待側に主キー値を書けず、複数行の検証が成立しない。テスト時に主キー値を既知にできる設計（業務キーの複合主キー等）にしておく必要がある。"
"ja/development_tools/testing_framework/guide/development_guide/06_TestFWGuide/testdata/index.rst","997","para","0","テーブルデータ > EXPECTED_TABLE","","記述例を以下に示す。"
"ja/development_tools/testing_framework/guide/development_guide/06_TestFWGuide/testdata/index.rst","1000","heading","3","テーブルデータ > EXPECTED_TABLE","Excelの場合",""
"ja/development_tools/testing_framework/guide/development_guide/06_TestFWGuide/testdata/index.rst","1002","code","0","テーブルデータ > EXPECTED_TABLE > Excelの場合","text","EXPECTED_TABLE=MEMBER
| MEMBER_ID  | NAME     | RANK | SCORE | UPDATED_DATE          |
| 0000000101 | 山田太郎 | 1    | 87500 | 2024-04-01 09:00:00.0 |"
"ja/development_tools/testing_framework/guide/development_guide/06_TestFWGuide/testdata/index.rst","1010","heading","3","テーブルデータ > EXPECTED_TABLE","YAMLの場合",""
"ja/development_tools/testing_framework/guide/development_guide/06_TestFWGuide/testdata/index.rst","1012","code","0","テーブルデータ > EXPECTED_TABLE > YAMLの場合","yaml","expected_tables:
- table: MEMBER
rows:"
"ja/development_tools/testing_framework/guide/development_guide/06_TestFWGuide/testdata/index.rst","1029","heading","2","テーブルデータ","EXPECTED_COMPLETE_TABLE",""
"ja/development_tools/testing_framework/guide/development_guide/06_TestFWGuide/testdata/index.rst","1031","para","0","テーブルデータ > EXPECTED_COMPLETE_TABLE","","省略カラムにデフォルト値を補完してから比較するデータである。"
"ja/development_tools/testing_framework/guide/development_guide/06_TestFWGuide/testdata/index.rst","1033","para","0","テーブルデータ > EXPECTED_COMPLETE_TABLE","","各カラム型のデフォルト値を以下に示す。"
"ja/development_tools/testing_framework/guide/development_guide/06_TestFWGuide/testdata/index.rst","1036","para","0","テーブルデータ > EXPECTED_COMPLETE_TABLE","",":header-rows: 1 :widths: 40 60"
"ja/development_tools/testing_framework/guide/development_guide/06_TestFWGuide/testdata/index.rst","1039","para","0","テーブルデータ > EXPECTED_COMPLETE_TABLE","","* - カラム型 - デフォルト値 * - 数値型 - ``""0""`` * - 固定長文字列型（CHAR, NCHAR） - 半角スペース × カラム長 * - 可変長文字列型（VARCHAR 等） - ``"" ""`` （半角スペース1文字） * - 日付型 - epoch 起点（JVM タイムゾーン依存。JST 環境"
"ja/development_tools/testing_framework/guide/development_guide/06_TestFWGuide/testdata/index.rst","1054","admonition","0","テーブルデータ > EXPECTED_COMPLETE_TABLE","note",""
"ja/development_tools/testing_framework/guide/development_guide/06_TestFWGuide/testdata/index.rst","1056","para","0","テーブルデータ > EXPECTED_COMPLETE_TABLE","","DATE カラムのデフォルト値は JVM のタイムゾーン設定に依存する。JST 環境と UTC 環境では値が異なる。"
"ja/development_tools/testing_framework/guide/development_guide/06_TestFWGuide/testdata/index.rst","1058","para","0","テーブルデータ > EXPECTED_COMPLETE_TABLE","","省略カラムの扱いを以下に示す。"
"ja/development_tools/testing_framework/guide/development_guide/06_TestFWGuide/testdata/index.rst","1061","para","0","テーブルデータ > EXPECTED_COMPLETE_TABLE","",":header-rows: 1 :widths: 40 30 30"
"ja/development_tools/testing_framework/guide/development_guide/06_TestFWGuide/testdata/index.rst","1064","para","0","テーブルデータ > EXPECTED_COMPLETE_TABLE","","* - キーワード - 省略カラムの扱い - YAML での省略 * - ``EXPECTED_TABLE`` / ``expected_tables:`` - 比較対象外。検証したいカラムだけ列挙できる - キーを書かない * - ``EXPECTED_COMPLETE_TABLE`` / ``expected_co"
"ja/development_tools/testing_framework/guide/development_guide/06_TestFWGuide/testdata/index.rst","1074","para","0","テーブルデータ > EXPECTED_COMPLETE_TABLE","","混在制約は以下の通り。"
"ja/development_tools/testing_framework/guide/development_guide/06_TestFWGuide/testdata/index.rst","1076","para","0","テーブルデータ > EXPECTED_COMPLETE_TABLE","","- **Excel は混在禁止**: 同一シート内で ``EXPECTED_TABLE`` と ``EXPECTED_COMPLETE_TABLE`` を混在させると後半のデータが読み込まれない。同じ種別をまとめて記述すること。 - **YAML は混在可**: ``expected_tables:`` と ``exp"
"ja/development_tools/testing_framework/guide/development_guide/06_TestFWGuide/testdata/index.rst","1079","para","0","テーブルデータ > EXPECTED_COMPLETE_TABLE","","記述例を以下に示す。"
"ja/development_tools/testing_framework/guide/development_guide/06_TestFWGuide/testdata/index.rst","1082","heading","3","テーブルデータ > EXPECTED_COMPLETE_TABLE","Excelの場合",""
"ja/development_tools/testing_framework/guide/development_guide/06_TestFWGuide/testdata/index.rst","1084","code","0","テーブルデータ > EXPECTED_COMPLETE_TABLE > Excelの場合","text","EXPECTED_TABLE=MEMBER
| MEMBER_ID  | NAME     | RANK | SCORE | UPDATED_DATE          |
| 0000000101 | 山田太郎 | 1    | 87500 | 2024-04-01 09:00:00.0 |"
"ja/development_tools/testing_framework/guide/development_guide/06_TestFWGuide/testdata/index.rst","1097","heading","3","テーブルデータ > EXPECTED_COMPLETE_TABLE","YAMLの場合",""
"ja/development_tools/testing_framework/guide/development_guide/06_TestFWGuide/testdata/index.rst","1099","code","0","テーブルデータ > EXPECTED_COMPLETE_TABLE > YAMLの場合","yaml","expected_tables:
- table: MEMBER
rows:"
"ja/development_tools/testing_framework/guide/development_guide/06_TestFWGuide/testdata/index.rst","1128","heading","2","テーブルデータ","LIST_MAP",""
"ja/development_tools/testing_framework/guide/development_guide/06_TestFWGuide/testdata/index.rst","1130","para","0","テーブルデータ > LIST_MAP","","キーバリュー形式の汎用データである。テストケース定義（ ``testShots`` ）・リクエストパラメータ・期待値オブジェクト・期待ログなど様々な用途で使う。"
"ja/development_tools/testing_framework/guide/development_guide/06_TestFWGuide/testdata/index.rst","1132","para","0","テーブルデータ > LIST_MAP","","- ID は完全一致で検索される。 - 同一ファイル内で同一 ID の重複エントリは先着一致で、2件目以降は無視される。 - 指定 ID のエントリが存在しない場合は空データ扱い（エラーにならない）。"
"ja/development_tools/testing_framework/guide/development_guide/06_TestFWGuide/testdata/index.rst","1136","para","0","テーブルデータ > LIST_MAP","","主な予約 ID は :ref:`ntf_testdata_testshots` を参照。"
"ja/development_tools/testing_framework/guide/development_guide/06_TestFWGuide/testdata/index.rst","1138","para","0","テーブルデータ > LIST_MAP","","記述例を以下に示す。"
"ja/development_tools/testing_framework/guide/development_guide/06_TestFWGuide/testdata/index.rst","1141","heading","3","テーブルデータ > LIST_MAP","Excelの場合",""
"ja/development_tools/testing_framework/guide/development_guide/06_TestFWGuide/testdata/index.rst","1143","para","0","テーブルデータ > LIST_MAP > Excelの場合","","リクエストパラメータ（マーカーカラム付き）の例を以下に示す。"
"ja/development_tools/testing_framework/guide/development_guide/06_TestFWGuide/testdata/index.rst","1145","code","0","テーブルデータ > LIST_MAP > Excelの場合","text","LIST_MAP=searchParams
| [no] | memberId   | orderStatus | fromDate   | toDate     | [desc]      |
| 1    | 0000000101 | 1           | 2024-04-01 | 2024-04-30 | 4月注文検索 |"
"ja/development_tools/testing_framework/guide/development_guide/06_TestFWGuide/testdata/index.rst","1158","heading","3","テーブルデータ > LIST_MAP","YAMLの場合",""
"ja/development_tools/testing_framework/guide/development_guide/06_TestFWGuide/testdata/index.rst","1160","code","0","テーブルデータ > LIST_MAP > YAMLの場合","yaml","list_maps:
- id: searchParams
rows:"
"ja/development_tools/testing_framework/guide/development_guide/06_TestFWGuide/testdata/index.rst","1184","para","0","テーブルデータ > LIST_MAP > YAMLの場合","","マーカーカラムについては以下の通り。"
"ja/development_tools/testing_framework/guide/development_guide/06_TestFWGuide/testdata/index.rst","1186","para","0","テーブルデータ > LIST_MAP > YAMLの場合","","- 角括弧で囲んだカラム（ ``[no]`` ・ ``[desc]`` ）はマーカーカラムである。DB 操作から除外される（Excel 上の見やすさのために使うことが多い）。 - YAML ではダブルクォートで囲む（ ``""[no]""`` ）。YAML の角括弧構文との衝突を避けるためである。"
"ja/development_tools/testing_framework/guide/development_guide/06_TestFWGuide/testdata/index.rst","1189","para","0","テーブルデータ > LIST_MAP > YAMLの場合","","記述例は :ref:`ntf_examples_table_data` を参照。DB アサート固有の挙動（順序不問・主キー突合・デフォルト値補完）の記述例は :ref:`ntf_examples_db_assert` を参照。"
"ja/development_tools/testing_framework/guide/development_guide/06_TestFWGuide/testdata/index.rst","1194","heading","1","","ファイルデータ",""
"ja/development_tools/testing_framework/guide/development_guide/06_TestFWGuide/testdata/index.rst","1196","para","0","ファイルデータ","","セットアップ用ファイルデータ（ ``SETUP_FIXED`` / ``SETUP_VARIABLE`` ）は固定長・可変長の区別なくまとめて収集される。期待値ファイル（ ``EXPECTED_FIXED`` / ``EXPECTED_VARIABLE`` ）も同様である。固定長か可変長かはデータブロック内の記述で区別"
"ja/development_tools/testing_framework/guide/development_guide/06_TestFWGuide/testdata/index.rst","1198","para","0","ファイルデータ","","``setup_files`` / ``expected_files`` の各エントリには ``path`` キーが必須である（省略時はエラー）。"
"ja/development_tools/testing_framework/guide/development_guide/06_TestFWGuide/testdata/index.rst","1201","heading","2","ファイルデータ","ファイルデータブロックの構造",""
"ja/development_tools/testing_framework/guide/development_guide/06_TestFWGuide/testdata/index.rst","1203","para","0","ファイルデータ > ファイルデータブロックの構造","","ファイルデータブロックは次の順序で記述する。"
"ja/development_tools/testing_framework/guide/development_guide/06_TestFWGuide/testdata/index.rst","1205","code","0","ファイルデータ > ファイルデータブロックの構造","text","1. ディレクティブ（0件以上）: エンコーディング等のファイル属性
2. レコード種別 + フィールド名称: 先頭要素=レコード種別、以降=フィールド名称
3. データ型: 各フィールドの型名称"
"ja/development_tools/testing_framework/guide/development_guide/06_TestFWGuide/testdata/index.rst","1213","para","0","ファイルデータ > ファイルデータブロックの構造","","Excel 固有の制約として、データの先頭要素は必ず空（null または空文字）にする。YAML にこの制約はない。"
"ja/development_tools/testing_framework/guide/development_guide/06_TestFWGuide/testdata/index.rst","1215","para","0","ファイルデータ > ファイルデータブロックの構造","","各形式の中核要素の対応を以下に示す。"
"ja/development_tools/testing_framework/guide/development_guide/06_TestFWGuide/testdata/index.rst","1218","para","0","ファイルデータ > ファイルデータブロックの構造","",":header-rows: 1 :widths: 50 50"
"ja/development_tools/testing_framework/guide/development_guide/06_TestFWGuide/testdata/index.rst","1221","para","0","ファイルデータ > ファイルデータブロックの構造","","* - Excel - YAML * - ``SETUP_FIXED=パス`` / 区切り行 - ``path`` / ``type`` / ``group_id`` * - レコード種別+フィールド名称行 - ``record_type`` * - データ型行 / フィールド長行 - ``fields: name/t"
"ja/development_tools/testing_framework/guide/development_guide/06_TestFWGuide/testdata/index.rst","1232","para","0","ファイルデータ > ファイルデータブロックの構造","","YAML での記述規則は以下の通り。"
"ja/development_tools/testing_framework/guide/development_guide/06_TestFWGuide/testdata/index.rst","1234","para","0","ファイルデータ > ファイルデータブロックの構造","","- ``fields:`` の各要素は ``{name: フィールド名, type: データ型, length: バイト長}`` の形式で記述する。 - ``type`` は日本語型名称（ ``半角`` , ``全角`` , ``数値`` 等）で記述する（詳細は :ref:`ntf_testdata_values_ty"
"ja/development_tools/testing_framework/guide/development_guide/06_TestFWGuide/testdata/index.rst","1241","heading","2","ファイルデータ","固定長ファイル",""
"ja/development_tools/testing_framework/guide/development_guide/06_TestFWGuide/testdata/index.rst","1243","para","0","ファイルデータ > 固定長ファイル","","注文データのバッチ処理テスト。固定長の入力ファイルを読み込んで処理し、結果を固定長の出力ファイルに書き出すことを確認するケースを以下に示す。"
"ja/development_tools/testing_framework/guide/development_guide/06_TestFWGuide/testdata/index.rst","1246","heading","3","ファイルデータ > 固定長ファイル","Excelの場合",""
"ja/development_tools/testing_framework/guide/development_guide/06_TestFWGuide/testdata/index.rst","1248","code","0","ファイルデータ > 固定長ファイル > Excelの場合","text","SETUP_FIXED=work/input.txt
| データ | ID    | COUNTER | MESSAGE   |
|        | 半角  | 数値    | 半角      |"
"ja/development_tools/testing_framework/guide/development_guide/06_TestFWGuide/testdata/index.rst","1265","heading","3","ファイルデータ > 固定長ファイル","YAMLの場合",""
"ja/development_tools/testing_framework/guide/development_guide/06_TestFWGuide/testdata/index.rst","1267","code","0","ファイルデータ > 固定長ファイル > YAMLの場合","yaml","setup_files:
- path: work/input.txt
type: fixed"
"ja/development_tools/testing_framework/guide/development_guide/06_TestFWGuide/testdata/index.rst","1296","heading","3","ファイルデータ > 固定長ファイル","エンコーディング指定付き固定長ファイル",""
"ja/development_tools/testing_framework/guide/development_guide/06_TestFWGuide/testdata/index.rst","1298","para","0","ファイルデータ > 固定長ファイル > エンコーディング指定付き固定長ファイル","","MS932 エンコーディングで顧客データファイルを読み込むケースを以下に示す。"
"ja/development_tools/testing_framework/guide/development_guide/06_TestFWGuide/testdata/index.rst","1301","heading","4","ファイルデータ > 固定長ファイル > エンコーディング指定付き固定長ファイル","Excelの場合",""
"ja/development_tools/testing_framework/guide/development_guide/06_TestFWGuide/testdata/index.rst","1303","para","0","ファイルデータ > 固定長ファイル > エンコーディング指定付き固定長ファイル > Excelの場合","","ディレクティブ行はレコード定義より前に「キー | 値」の2セルで記述する。"
"ja/development_tools/testing_framework/guide/development_guide/06_TestFWGuide/testdata/index.rst","1305","code","0","ファイルデータ > 固定長ファイル > エンコーディング指定付き固定長ファイル > Excelの場合","text","SETUP_FIXED=input/data.dat
| text-encoding | MS932    |           |        |
| DATA          | USER_ID  | USER_NAME | AMOUNT |"
"ja/development_tools/testing_framework/guide/development_guide/06_TestFWGuide/testdata/index.rst","1316","heading","4","ファイルデータ > 固定長ファイル > エンコーディング指定付き固定長ファイル","YAMLの場合",""
"ja/development_tools/testing_framework/guide/development_guide/06_TestFWGuide/testdata/index.rst","1318","para","0","ファイルデータ > 固定長ファイル > エンコーディング指定付き固定長ファイル > YAMLの場合","","ディレクティブは ``directives:`` オブジェクトの ``key: value`` 形式で記述する。"
"ja/development_tools/testing_framework/guide/development_guide/06_TestFWGuide/testdata/index.rst","1320","code","0","ファイルデータ > 固定長ファイル > エンコーディング指定付き固定長ファイル > YAMLの場合","yaml","setup_files:
- path: input/data.dat
type: fixed"
"ja/development_tools/testing_framework/guide/development_guide/06_TestFWGuide/testdata/index.rst","1337","para","0","ファイルデータ > 固定長ファイル > エンコーディング指定付き固定長ファイル > YAMLの場合","","固定長ファイル固有の仕様は以下の通り。"
"ja/development_tools/testing_framework/guide/development_guide/06_TestFWGuide/testdata/index.rst","1339","para","0","ファイルデータ > 固定長ファイル > エンコーディング指定付き固定長ファイル > YAMLの場合","","- フィールド名称・データ型・フィールド長の3リストが同サイズで必須である。 - 1ファイルデータブロック内の全レコード定義は同一レコード長でなければならない（違反時はエラー）。 - フィールド値がフィールド長を超えた場合はエラーとなる。"
"ja/development_tools/testing_framework/guide/development_guide/06_TestFWGuide/testdata/index.rst","1344","heading","2","ファイルデータ","可変長ファイル",""
"ja/development_tools/testing_framework/guide/development_guide/06_TestFWGuide/testdata/index.rst","1346","para","0","ファイルデータ > 可変長ファイル","","可変長ファイルではフィールド長（ ``length`` ）の記述が不要である。CSV 形式の顧客データファイルを入力として使うケースを以下に示す。"
"ja/development_tools/testing_framework/guide/development_guide/06_TestFWGuide/testdata/index.rst","1349","heading","3","ファイルデータ > 可変長ファイル","Excelの場合",""
"ja/development_tools/testing_framework/guide/development_guide/06_TestFWGuide/testdata/index.rst","1351","code","0","ファイルデータ > 可変長ファイル > Excelの場合","text","SETUP_VARIABLE=input/data.csv
| field-separator | ,       |           |        |
| DATA            | USER_ID | USER_NAME | AMOUNT |"
"ja/development_tools/testing_framework/guide/development_guide/06_TestFWGuide/testdata/index.rst","1361","heading","3","ファイルデータ > 可変長ファイル","YAMLの場合",""
"ja/development_tools/testing_framework/guide/development_guide/06_TestFWGuide/testdata/index.rst","1363","para","0","ファイルデータ > 可変長ファイル > YAMLの場合","","可変長では ``fields:`` の各要素から ``length`` を省略する。"
"ja/development_tools/testing_framework/guide/development_guide/06_TestFWGuide/testdata/index.rst","1365","code","0","ファイルデータ > 可変長ファイル > YAMLの場合","yaml","setup_files:
- path: input/data.csv
type: variable"
"ja/development_tools/testing_framework/guide/development_guide/06_TestFWGuide/testdata/index.rst","1382","para","0","ファイルデータ > 可変長ファイル > YAMLの場合","","可変長ファイル固有の仕様は以下の通り。"
"ja/development_tools/testing_framework/guide/development_guide/06_TestFWGuide/testdata/index.rst","1384","para","0","ファイルデータ > 可変長ファイル > YAMLの場合","","- フィールド名称・データ型の2リストが同サイズで必須である。フィールド長は不要。 - 空エントリの動作: ファイルデータの空エントリ（先頭フィールドが空の行）はデータ行として扱われる。可変長は全フィールドが ``""""`` のレコードとして保持され、固定長はスペースパディングされた定長レコードとして書き出される（テーブ"
"ja/development_tools/testing_framework/guide/development_guide/06_TestFWGuide/testdata/index.rst","1388","heading","2","ファイルデータ","グループID 付きファイル",""
"ja/development_tools/testing_framework/guide/development_guide/06_TestFWGuide/testdata/index.rst","1390","para","0","ファイルデータ > グループID 付きファイル","","テストケースごとに異なる入力ファイルを使い分けるケースを以下に示す。"
"ja/development_tools/testing_framework/guide/development_guide/06_TestFWGuide/testdata/index.rst","1393","heading","3","ファイルデータ > グループID 付きファイル","Excelの場合",""
"ja/development_tools/testing_framework/guide/development_guide/06_TestFWGuide/testdata/index.rst","1395","para","0","ファイルデータ > グループID 付きファイル > Excelの場合","","グループID はデータブロック種別ラベルの ``[...]`` で指定する。"
"ja/development_tools/testing_framework/guide/development_guide/06_TestFWGuide/testdata/index.rst","1397","code","0","ファイルデータ > グループID 付きファイル > Excelの場合","text","SETUP_FIXED=work/input.txt
| データ | ID    | COUNTER | MESSAGE |
|        | 半角  | 数値    | 半角    |"
"ja/development_tools/testing_framework/guide/development_guide/06_TestFWGuide/testdata/index.rst","1412","heading","3","ファイルデータ > グループID 付きファイル","YAMLの場合",""
"ja/development_tools/testing_framework/guide/development_guide/06_TestFWGuide/testdata/index.rst","1414","para","0","ファイルデータ > グループID 付きファイル > YAMLの場合","","グループID は ``group_id:`` フィールドで指定する。省略するとグループ ID なし（デフォルトグループ）扱いである。"
"ja/development_tools/testing_framework/guide/development_guide/06_TestFWGuide/testdata/index.rst","1416","code","0","ファイルデータ > グループID 付きファイル > YAMLの場合","yaml","setup_files:
- path: work/input.txt
type: fixed"
"ja/development_tools/testing_framework/guide/development_guide/06_TestFWGuide/testdata/index.rst","1442","heading","2","ファイルデータ","複数レコードレイアウト",""
"ja/development_tools/testing_framework/guide/development_guide/06_TestFWGuide/testdata/index.rst","1444","para","0","ファイルデータ > 複数レコードレイアウト","","1ファイルデータブロック内に複数のレコードレイアウトを連続して記述できる。データの後ろに新たなレコード種別とフィールド名称を書くと、新しいレコードレイアウトとして扱われる。"
"ja/development_tools/testing_framework/guide/development_guide/06_TestFWGuide/testdata/index.rst","1446","para","0","ファイルデータ > 複数レコードレイアウト","","1ファイルに HEADER レコードと DATA レコードが混在する振込依頼ファイルを扱うケースを以下に示す。"
"ja/development_tools/testing_framework/guide/development_guide/06_TestFWGuide/testdata/index.rst","1449","heading","3","ファイルデータ > 複数レコードレイアウト","Excelの場合",""
"ja/development_tools/testing_framework/guide/development_guide/06_TestFWGuide/testdata/index.rst","1451","para","0","ファイルデータ > 複数レコードレイアウト > Excelの場合","","同一セクション内でレコード種別+フィールド名称行を続けて書くと、複数レコードレイアウトとなる。"
"ja/development_tools/testing_framework/guide/development_guide/06_TestFWGuide/testdata/index.rst","1453","code","0","ファイルデータ > 複数レコードレイアウト > Excelの場合","text","SETUP_FIXED=input/multi.dat
| HEADER | SEQ  | TYPE |      |
|        | X    | X    |      |"
"ja/development_tools/testing_framework/guide/development_guide/06_TestFWGuide/testdata/index.rst","1466","heading","3","ファイルデータ > 複数レコードレイアウト","YAMLの場合",""
"ja/development_tools/testing_framework/guide/development_guide/06_TestFWGuide/testdata/index.rst","1468","para","0","ファイルデータ > 複数レコードレイアウト > YAMLの場合","","``records:`` 配列に複数のレコードレイアウトを並べる。"
"ja/development_tools/testing_framework/guide/development_guide/06_TestFWGuide/testdata/index.rst","1470","code","0","ファイルデータ > 複数レコードレイアウト > YAMLの場合","yaml","setup_files:
- path: input/multi.dat
type: fixed"
"ja/development_tools/testing_framework/guide/development_guide/06_TestFWGuide/testdata/index.rst","1491","heading","2","ファイルデータ","空ファイル",""
"ja/development_tools/testing_framework/guide/development_guide/06_TestFWGuide/testdata/index.rst","1493","para","0","ファイルデータ > 空ファイル","","0バイトの空ファイルを表現するには、ディレクティブのみを記述してレコード定義を省略する。出力ファイルがゼロ件のときに空ファイルを生成することを確認するケースを以下に示す。"
"ja/development_tools/testing_framework/guide/development_guide/06_TestFWGuide/testdata/index.rst","1496","heading","3","ファイルデータ > 空ファイル","Excelの場合",""
"ja/development_tools/testing_framework/guide/development_guide/06_TestFWGuide/testdata/index.rst","1498","para","0","ファイルデータ > 空ファイル > Excelの場合","","ディレクティブ行のみ記述してレコード定義以降を省略する。"
"ja/development_tools/testing_framework/guide/development_guide/06_TestFWGuide/testdata/index.rst","1500","code","0","ファイルデータ > 空ファイル > Excelの場合","text","SETUP_FIXED=input/empty.dat
| text-encoding | MS932 |"
"ja/development_tools/testing_framework/guide/development_guide/06_TestFWGuide/testdata/index.rst","1506","heading","3","ファイルデータ > 空ファイル","YAMLの場合",""
"ja/development_tools/testing_framework/guide/development_guide/06_TestFWGuide/testdata/index.rst","1508","para","0","ファイルデータ > 空ファイル > YAMLの場合","","レコードは ``records: []`` と空配列で記述する。"
"ja/development_tools/testing_framework/guide/development_guide/06_TestFWGuide/testdata/index.rst","1510","code","0","ファイルデータ > 空ファイル > YAMLの場合","yaml","setup_files:
- path: input/empty.dat
type: fixed"
"ja/development_tools/testing_framework/guide/development_guide/06_TestFWGuide/testdata/index.rst","1520","heading","2","ファイルデータ","その他の仕様",""
"ja/development_tools/testing_framework/guide/development_guide/06_TestFWGuide/testdata/index.rst","1523","heading","3","ファイルデータ > その他の仕様","``""-""`` 長フィールド",""
"ja/development_tools/testing_framework/guide/development_guide/06_TestFWGuide/testdata/index.rst","1525","para","0","ファイルデータ > その他の仕様 > ``""-""`` 長フィールド","","フィールド長に ``""-""`` を指定すると、追加された全レコードの最大バイト長に自動拡張される。値は改行コードと前後空白が除去される。"
"ja/development_tools/testing_framework/guide/development_guide/06_TestFWGuide/testdata/index.rst","1528","heading","3","ファイルデータ > その他の仕様","エラーになるケース",""
"ja/development_tools/testing_framework/guide/development_guide/06_TestFWGuide/testdata/index.rst","1530","para","0","ファイルデータ > その他の仕様 > エラーになるケース","","以下の場合にエラーとなる。"
"ja/development_tools/testing_framework/guide/development_guide/06_TestFWGuide/testdata/index.rst","1532","para","0","ファイルデータ > その他の仕様 > エラーになるケース","","- 同一レコード種別内でフィールド名称が重複している - フィールド名称リストまたはデータ型リストが未指定または空 - フィールド名称・データ型・フィールド長リストのサイズが一致していない - 存在しないフィールド名称を指定している - データ要素数が不正 - ディレクティブまたはレコード種別/フィールド名称定義の要素"
"ja/development_tools/testing_framework/guide/development_guide/06_TestFWGuide/testdata/index.rst","1541","para","0","ファイルデータ > その他の仕様 > エラーになるケース","","記述例は :ref:`ntf_examples_file_data` を参照。"
"ja/development_tools/testing_framework/guide/development_guide/06_TestFWGuide/testdata/index.rst","1546","heading","1","","メッセージングテストデータ",""
"ja/development_tools/testing_framework/guide/development_guide/06_TestFWGuide/testdata/index.rst","1548","para","0","メッセージングテストデータ","","メッセージングテストデータは ``MESSAGE`` / ``EXPECTED_REQUEST_*_MESSAGES`` / ``RESPONSE_*_MESSAGES`` の各データブロックで記述する。"
"ja/development_tools/testing_framework/guide/development_guide/06_TestFWGuide/testdata/index.rst","1551","heading","2","メッセージングテストデータ","sendSyncTestData の配置規則",""
"ja/development_tools/testing_framework/guide/development_guide/06_TestFWGuide/testdata/index.rst","1553","para","0","メッセージングテストデータ > sendSyncTestData の配置規則","","テストデータファイルは ``sendSyncTestData/{requestId}/message`` というパスに配置する（末尾の ``message`` は固定のパスセグメント）。"
"ja/development_tools/testing_framework/guide/development_guide/06_TestFWGuide/testdata/index.rst","1555","para","0","メッセージングテストデータ > sendSyncTestData の配置規則","","- **Excel**: ``MESSAGE=sendSyncTestData/{requestId}/message`` をデータブロック識別子として記述する。 - **YAML**: ``messages:`` の ``id:`` に ``sendSyncTestData/{requestId}/message``"
"ja/development_tools/testing_framework/guide/development_guide/06_TestFWGuide/testdata/index.rst","1559","heading","3","メッセージングテストデータ > sendSyncTestData の配置規則","記述例",""
"ja/development_tools/testing_framework/guide/development_guide/06_TestFWGuide/testdata/index.rst","1562","heading","4","メッセージングテストデータ > sendSyncTestData の配置規則 > 記述例","Excelの場合",""
"ja/development_tools/testing_framework/guide/development_guide/06_TestFWGuide/testdata/index.rst","1564","code","0","メッセージングテストデータ > sendSyncTestData の配置規則 > 記述例 > Excelの場合","text","MESSAGE=sendSyncTestData/REQ001/message
| no | errorMode | field1 | field2 |
|    | 半角      | 半角   | 半角   |"
"ja/development_tools/testing_framework/guide/development_guide/06_TestFWGuide/testdata/index.rst","1574","heading","4","メッセージングテストデータ > sendSyncTestData の配置規則 > 記述例","YAMLの場合",""
"ja/development_tools/testing_framework/guide/development_guide/06_TestFWGuide/testdata/index.rst","1576","code","0","メッセージングテストデータ > sendSyncTestData の配置規則 > 記述例 > YAMLの場合","yaml","messages:
- id: sendSyncTestData/REQ001/message
records:"
"ja/development_tools/testing_framework/guide/development_guide/06_TestFWGuide/testdata/index.rst","1591","para","0","メッセージングテストデータ > sendSyncTestData の配置規則 > 記述例 > YAMLの場合","","- ``no`` 列の値は送信順序と一致させること。 - ``errorMode`` に ``errorMode:timeout`` を指定するとタイムアウトエラー、 ``errorMode:msgException`` を指定すると例外エラーのシミュレーションとなる。どちらを指定した場合も他フィールドはパース対象外と"
"ja/development_tools/testing_framework/guide/development_guide/06_TestFWGuide/testdata/index.rst","1596","heading","2","メッセージングテストデータ","FW 制御ヘッダフィールド",""
"ja/development_tools/testing_framework/guide/development_guide/06_TestFWGuide/testdata/index.rst","1598","admonition","0","メッセージングテストデータ > FW 制御ヘッダフィールド","note",""
"ja/development_tools/testing_framework/guide/development_guide/06_TestFWGuide/testdata/index.rst","1600","para","0","メッセージングテストデータ > FW 制御ヘッダフィールド","","**適用範囲**: ``fw_header:`` マップは ``messages`` （MESSAGE: MockMessaging 経路の要求/応答電文）でのみ使用する。 ``expected_request_header_messages`` / ``expected_request_body_messages``"
"ja/development_tools/testing_framework/guide/development_guide/06_TestFWGuide/testdata/index.rst","1602","para","0","メッセージングテストデータ > FW 制御ヘッダフィールド","","FW 制御ヘッダのフィールド名はプロジェクトごとに異なる。フレームワーク標準では4種が既定値だが固定ではなく、 ``SystemRepository`` の ``reader.fwHeaderfields`` キーでプロジェクトが任意の名前に変更できる（例: ``reader.fwHeaderfields=reques"
"ja/development_tools/testing_framework/guide/development_guide/06_TestFWGuide/testdata/index.rst","1604","para","0","メッセージングテストデータ > FW 制御ヘッダフィールド","","既定値の例: ``requestId`` , ``userId`` , ``resendFlag`` , ``resultCode``"
"ja/development_tools/testing_framework/guide/development_guide/06_TestFWGuide/testdata/index.rst","1607","para","0","メッセージングテストデータ > FW 制御ヘッダフィールド","",":header-rows: 1 :widths: 15 85"
"ja/development_tools/testing_framework/guide/development_guide/06_TestFWGuide/testdata/index.rst","1610","para","0","メッセージングテストデータ > FW 制御ヘッダフィールド","","* - 形式 - 記述方法 * - Excel - フィールド名称行（ ``no`` 行）より前に ``| フィールド名 | 値 |`` （ディレクティブと同じ「名前｜値」形式） * - YAML - ``fw_header:`` マップ（キー: 値）。キー名は固定でなく任意（ ``reader.fwHeaderfie"
"ja/development_tools/testing_framework/guide/development_guide/06_TestFWGuide/testdata/index.rst","1617","para","0","メッセージングテストデータ > FW 制御ヘッダフィールド","","- **``directives:`` （ ``text-encoding`` 等）と ``fw_header:`` （ ``requestId`` 等）は別キーである。** Excel ではどちらも「名前｜値」の行だが、FW 制御ヘッダはフレームワークが電文ヘッダとして分離して扱うため YAML では区別する。 - "
"ja/development_tools/testing_framework/guide/development_guide/06_TestFWGuide/testdata/index.rst","1622","heading","2","メッセージングテストデータ","記述例（MESSAGE セクション）",""
"ja/development_tools/testing_framework/guide/development_guide/06_TestFWGuide/testdata/index.rst","1624","para","0","メッセージングテストデータ > 記述例（MESSAGE セクション）","","受信電文と応答電文を定義するケースを以下に示す。"
"ja/development_tools/testing_framework/guide/development_guide/06_TestFWGuide/testdata/index.rst","1627","heading","3","メッセージングテストデータ > 記述例（MESSAGE セクション）","Excelの場合",""
"ja/development_tools/testing_framework/guide/development_guide/06_TestFWGuide/testdata/index.rst","1629","code","0","メッセージングテストデータ > 記述例（MESSAGE セクション） > Excelの場合","text","MESSAGE=requestMessages
| text-encoding | Windows-31J |         |        |
| requestId     | hoge        |         |        |"
"ja/development_tools/testing_framework/guide/development_guide/06_TestFWGuide/testdata/index.rst","1649","heading","3","メッセージングテストデータ > 記述例（MESSAGE セクション）","YAMLの場合",""
"ja/development_tools/testing_framework/guide/development_guide/06_TestFWGuide/testdata/index.rst","1651","code","0","メッセージングテストデータ > 記述例（MESSAGE セクション） > YAMLの場合","yaml","messages:
- id: requestMessages
directives:"
"ja/development_tools/testing_framework/guide/development_guide/06_TestFWGuide/testdata/index.rst","1680","para","0","メッセージングテストデータ > 記述例（MESSAGE セクション） > YAMLの場合","","- ``record_type`` の値はフレームワーク内部で常に ``""default""`` に置き換えられる。任意の値を記述できる（ ``FW_HEADER`` のような予約値はない）。 - Excel のフィールド名称行の先頭セルは空にすること（Excel 固有）。 - ``no`` 列（先頭列）はフレームワーク"
"ja/development_tools/testing_framework/guide/development_guide/06_TestFWGuide/testdata/index.rst","1685","heading","2","メッセージングテストデータ","HEADER / BODY MESSAGES の構造と件数制約",""
"ja/development_tools/testing_framework/guide/development_guide/06_TestFWGuide/testdata/index.rst","1687","para","0","メッセージングテストデータ > HEADER / BODY MESSAGES の構造と件数制約","","``EXPECTED_REQUEST_HEADER_MESSAGES`` と ``EXPECTED_REQUEST_BODY_MESSAGES`` のエントリ数（rows 合計）は一致が必須である（不一致時はエラー）。"
"ja/development_tools/testing_framework/guide/development_guide/06_TestFWGuide/testdata/index.rst","1689","para","0","メッセージングテストデータ > HEADER / BODY MESSAGES の構造と件数制約","","HTTP 同期応答メッセージ（ ``response_body_messages`` ）の各データエントリは文字列長が同一である必要がある。"
"ja/development_tools/testing_framework/guide/development_guide/06_TestFWGuide/testdata/index.rst","1692","heading","2","メッセージングテストデータ","記述例（要求電文・応答電文の期待値）",""
"ja/development_tools/testing_framework/guide/development_guide/06_TestFWGuide/testdata/index.rst","1694","para","0","メッセージングテストデータ > 記述例（要求電文・応答電文の期待値）","","バッチリクエスト単体テストで電文の送受信をテストするケースを以下に示す。"
"ja/development_tools/testing_framework/guide/development_guide/06_TestFWGuide/testdata/index.rst","1697","heading","3","メッセージングテストデータ > 記述例（要求電文・応答電文の期待値）","Excelの場合",""
"ja/development_tools/testing_framework/guide/development_guide/06_TestFWGuide/testdata/index.rst","1699","code","0","メッセージングテストデータ > 記述例（要求電文・応答電文の期待値） > Excelの場合","text","LIST_MAP=testShots
| no | description      | expectedStatusCode | diConfig                              | requestPath | userId     | expectedMessage | responseMessage |
| 1  | 電文送受信テスト | 0                  | batch-test-component-configuration.xml | BM21AA0106  | batch_user | case1           | res_case1       |"
"ja/development_tools/testing_framework/guide/development_guide/06_TestFWGuide/testdata/index.rst","1713","heading","3","メッセージングテストデータ > 記述例（要求電文・応答電文の期待値）","YAMLの場合",""
"ja/development_tools/testing_framework/guide/development_guide/06_TestFWGuide/testdata/index.rst","1715","code","0","メッセージングテストデータ > 記述例（要求電文・応答電文の期待値） > YAMLの場合","yaml","list_maps:
- id: testShots
rows:"
"ja/development_tools/testing_framework/guide/development_guide/06_TestFWGuide/testdata/index.rst","1741","para","0","メッセージングテストデータ > 記述例（要求電文・応答電文の期待値） > YAMLの場合","","- ``expectedMessage`` カラムには要求電文の グループID、 ``responseMessage`` カラムには応答電文の グループID を指定する。 - YAML では ``expected_request_header_messages:`` の ``group_id:`` が ``testSh"
"ja/development_tools/testing_framework/guide/development_guide/06_TestFWGuide/testdata/index.rst","1746","heading","2","メッセージングテストデータ","ステータスコード",""
"ja/development_tools/testing_framework/guide/development_guide/06_TestFWGuide/testdata/index.rst","1748","para","0","メッセージングテストデータ > ステータスコード","","ステータスコードカラムがない場合はデフォルト値 ``""200""`` が使用される。Excel・YAML 両方で共通である。"
"ja/development_tools/testing_framework/guide/development_guide/06_TestFWGuide/testdata/index.rst","1751","heading","3","メッセージングテストデータ > ステータスコード","記述例",""
"ja/development_tools/testing_framework/guide/development_guide/06_TestFWGuide/testdata/index.rst","1754","heading","4","メッセージングテストデータ > ステータスコード > 記述例","Excelの場合",""
"ja/development_tools/testing_framework/guide/development_guide/06_TestFWGuide/testdata/index.rst","1756","code","0","メッセージングテストデータ > ステータスコード > 記述例 > Excelの場合","text","RESPONSE_BODY_MESSAGES=REQ001
| no | body    |
|    | 半角    |"
"ja/development_tools/testing_framework/guide/development_guide/06_TestFWGuide/testdata/index.rst","1765","heading","4","メッセージングテストデータ > ステータスコード > 記述例","YAMLの場合",""
"ja/development_tools/testing_framework/guide/development_guide/06_TestFWGuide/testdata/index.rst","1767","code","0","メッセージングテストデータ > ステータスコード > 記述例 > YAMLの場合","yaml","response_body_messages:
- id: REQ001
records:"
"ja/development_tools/testing_framework/guide/development_guide/06_TestFWGuide/testdata/index.rst","1779","heading","2","メッセージングテストデータ","その他の仕様",""
"ja/development_tools/testing_framework/guide/development_guide/06_TestFWGuide/testdata/index.rst","1782","heading","3","メッセージングテストデータ > その他の仕様","no 行（フィールド名称行）と errorMode",""
"ja/development_tools/testing_framework/guide/development_guide/06_TestFWGuide/testdata/index.rst","1784","para","0","メッセージングテストデータ > その他の仕様 > no 行（フィールド名称行）と errorMode","","**電文の行構造**: ディレクティブ群・FW 制御ヘッダの後、 ``no`` で始まる行がフィールド名称行である。以降、データ型行・フィールド長行・データ行が続く。"
"ja/development_tools/testing_framework/guide/development_guide/06_TestFWGuide/testdata/index.rst","1786","para","0","メッセージングテストデータ > その他の仕様 > no 行（フィールド名称行）と errorMode","","- **Excel**: フィールド名称行の先頭セルに ``no`` を記述する。データ行の先頭セル（ ``no`` カラム）はフレームワークが除去しデータとして保存しない。 - **YAML**: フィールド名称は ``fields:`` 、データは ``rows:`` に記述する（ ``no`` カラム自体は YA"
"ja/development_tools/testing_framework/guide/development_guide/06_TestFWGuide/testdata/index.rst","1789","para","0","メッセージングテストデータ > その他の仕様 > no 行（フィールド名称行）と errorMode","","**errorMode（RESPONSE 系・MockMessaging 経路のみ）**:"
"ja/development_tools/testing_framework/guide/development_guide/06_TestFWGuide/testdata/index.rst","1791","para","0","メッセージングテストデータ > その他の仕様 > no 行（フィールド名称行）と errorMode","","- ``response_header_messages`` / ``response_body_messages`` で、データ行の先頭値が ``errorMode:timeout`` または ``errorMode:msgException`` の場合、そのエントリは送受信エラーをシミュレートするマーカーとして扱わ"
"ja/development_tools/testing_framework/guide/development_guide/06_TestFWGuide/testdata/index.rst","1796","heading","3","メッセージングテストデータ > その他の仕様","複数回送信",""
"ja/development_tools/testing_framework/guide/development_guide/06_TestFWGuide/testdata/index.rst","1798","para","0","メッセージングテストデータ > その他の仕様 > 複数回送信","","N 回送信する場合は、ヘッダ件数とボディ件数をともに N 件ずつ記述する。同一リクエスト ID で複数回送信する場合は ``no`` 値を変えて連続記述し、送信順序と ``no`` 値を一致させる。"
"ja/development_tools/testing_framework/guide/development_guide/06_TestFWGuide/testdata/index.rst","1801","heading","3","メッセージングテストデータ > その他の仕様","フォーマット定義ファイルの命名規則",""
"ja/development_tools/testing_framework/guide/development_guide/06_TestFWGuide/testdata/index.rst","1803","para","0","メッセージングテストデータ > その他の仕様 > フォーマット定義ファイルの命名規則","","- 応答電文: ``{requestId}_RECEIVE`` - 要求電文: ``{requestId}_SEND``"
"ja/development_tools/testing_framework/guide/development_guide/06_TestFWGuide/testdata/index.rst","1807","heading","3","メッセージングテストデータ > その他の仕様","アサート方式の切り替え",""
"ja/development_tools/testing_framework/guide/development_guide/06_TestFWGuide/testdata/index.rst","1809","para","0","メッセージングテストデータ > その他の仕様 > アサート方式の切り替え","","``SystemRepository`` の ``messaging.assertAsMapFileType`` キーの設定値に応じてアサート方式が切り替わる。未設定時のデフォルトは ``""Fixed""`` 形式（項目単位アサート）。"
"ja/development_tools/testing_framework/guide/development_guide/06_TestFWGuide/testdata/index.rst","1811","para","0","メッセージングテストデータ > その他の仕様 > アサート方式の切り替え","","記述例は :ref:`ntf_examples_messaging` を参照。"
"ja/development_tools/testing_framework/guide/development_guide/06_TestFWGuide/testdata/index.rst","1816","heading","1","","値・ディレクティブ・コメント",""
"ja/development_tools/testing_framework/guide/development_guide/06_TestFWGuide/testdata/index.rst","1818","para","0","値・ディレクティブ・コメント","","テストデータの値の書き方、インタープリタ、ディレクティブ、コメントおよびヘッダについて説明する。"
"ja/development_tools/testing_framework/guide/development_guide/06_TestFWGuide/testdata/index.rst","1821","heading","2","値・ディレクティブ・コメント","値の書き方",""
"ja/development_tools/testing_framework/guide/development_guide/06_TestFWGuide/testdata/index.rst","1824","heading","3","値・ディレクティブ・コメント > 値の書き方","値の種類と記法",""
"ja/development_tools/testing_framework/guide/development_guide/06_TestFWGuide/testdata/index.rst","1826","para","0","値・ディレクティブ・コメント > 値の書き方 > 値の種類と記法","","各値の種類と Excel / YAML での記述方法を以下に示す。"
"ja/development_tools/testing_framework/guide/development_guide/06_TestFWGuide/testdata/index.rst","1829","para","0","値・ディレクティブ・コメント > 値の書き方 > 値の種類と記法","",":header-rows: 1 :widths: 25 25 25 25"
"ja/development_tools/testing_framework/guide/development_guide/06_TestFWGuide/testdata/index.rst","1832","para","0","値・ディレクティブ・コメント > 値の書き方 > 値の種類と記法","","* - 値の種類 - Excel での記述 - YAML での記述 - 備考 * - 通常の文字列 - ``abc`` - ``""abc""`` - YAML はクォート必須（型変換防止） * - null（DB に null を格納） - ``null`` （大文字小文字不問） - ``null`` （クォートなし） "
"ja/development_tools/testing_framework/guide/development_guide/06_TestFWGuide/testdata/index.rst","1882","heading","3","値・ディレクティブ・コメント > 値の書き方","YAML のクォートルール",""
"ja/development_tools/testing_framework/guide/development_guide/06_TestFWGuide/testdata/index.rst","1884","para","0","値・ディレクティブ・コメント > 値の書き方 > YAML のクォートルール","","- ``rows:`` 内のすべてのデータ値は **必ずダブルクォートで囲む**。クォートなしだと SnakeYAML が数値・真偽値に型変換する。 - ``null`` のみクォートなしで記述する（ ``""null""`` でも同じく Java null になる）。 - ``type:`` , ``record_typ"
"ja/development_tools/testing_framework/guide/development_guide/06_TestFWGuide/testdata/index.rst","1888","para","0","値・ディレクティブ・コメント > 値の書き方 > YAML のクォートルール","","**Excel のセル書式**: セルは必ず **文字列書式** で記述する。数値・日付書式の動作は保証されない。"
"ja/development_tools/testing_framework/guide/development_guide/06_TestFWGuide/testdata/index.rst","1891","heading","3","値・ディレクティブ・コメント > 値の書き方","日付型・Timestamp・特殊値の例",""
"ja/development_tools/testing_framework/guide/development_guide/06_TestFWGuide/testdata/index.rst","1893","para","0","値・ディレクティブ・コメント > 値の書き方 > 日付型・Timestamp・特殊値の例","","``EXPECTED_TABLE`` で日付・タイムスタンプ・NULL・システム日時を使うケースを以下に示す。"
"ja/development_tools/testing_framework/guide/development_guide/06_TestFWGuide/testdata/index.rst","1896","heading","4","値・ディレクティブ・コメント > 値の書き方 > 日付型・Timestamp・特殊値の例","Excelの場合",""
"ja/development_tools/testing_framework/guide/development_guide/06_TestFWGuide/testdata/index.rst","1898","code","0","値・ディレクティブ・コメント > 値の書き方 > 日付型・Timestamp・特殊値の例 > Excelの場合","text","EXPECTED_TABLE=SCHEDULE
| ID | EVENT_NAME   | START_DATE     | CREATED_AT            |
| 1  | 会議         | 2024-01-15     | 2024-01-01 09:00:00.0 |"
"ja/development_tools/testing_framework/guide/development_guide/06_TestFWGuide/testdata/index.rst","1908","heading","4","値・ディレクティブ・コメント > 値の書き方 > 日付型・Timestamp・特殊値の例","YAMLの場合",""
"ja/development_tools/testing_framework/guide/development_guide/06_TestFWGuide/testdata/index.rst","1910","code","0","値・ディレクティブ・コメント > 値の書き方 > 日付型・Timestamp・特殊値の例 > YAMLの場合","yaml","expected_tables:
- table: SCHEDULE
rows:"
"ja/development_tools/testing_framework/guide/development_guide/06_TestFWGuide/testdata/index.rst","1932","para","0","値・ディレクティブ・コメント > 値の書き方 > 日付型・Timestamp・特殊値の例 > YAMLの場合","","- ``NULL`` 文字列は ``NullInterpreter`` が Java null に変換する。大文字小文字不問（ ``null`` ・ ``Null`` も同様）。YAML ではアンクォートの ``null`` で記述する（ ``""null""`` とクォートしても同じく Java null になる）。 -"
"ja/development_tools/testing_framework/guide/development_guide/06_TestFWGuide/testdata/index.rst","1937","heading","3","値・ディレクティブ・コメント > 値の書き方","QuotationTrimmer によるスペース値明示記法",""
"ja/development_tools/testing_framework/guide/development_guide/06_TestFWGuide/testdata/index.rst","1939","para","0","値・ディレクティブ・コメント > 値の書き方 > QuotationTrimmer によるスペース値明示記法","","空白値やダブルクォート文字を明示して記述するケースを以下に示す。"
"ja/development_tools/testing_framework/guide/development_guide/06_TestFWGuide/testdata/index.rst","1942","heading","4","値・ディレクティブ・コメント > 値の書き方 > QuotationTrimmer によるスペース値明示記法","Excelの場合",""
"ja/development_tools/testing_framework/guide/development_guide/06_TestFWGuide/testdata/index.rst","1944","code","0","値・ディレクティブ・コメント > 値の書き方 > QuotationTrimmer によるスペース値明示記法 > Excelの場合","text","EXPECTED_TABLE=ITEM
| ID | NAME | MEMO |
| 1  | "" ""  | """"""  |"
"ja/development_tools/testing_framework/guide/development_guide/06_TestFWGuide/testdata/index.rst","1951","heading","4","値・ディレクティブ・コメント > 値の書き方 > QuotationTrimmer によるスペース値明示記法","YAMLの場合",""
"ja/development_tools/testing_framework/guide/development_guide/06_TestFWGuide/testdata/index.rst","1953","code","0","値・ディレクティブ・コメント > 値の書き方 > QuotationTrimmer によるスペース値明示記法 > YAMLの場合","yaml","expected_tables:
- table: ITEM
rows:"
"ja/development_tools/testing_framework/guide/development_guide/06_TestFWGuide/testdata/index.rst","1962","para","0","値・ディレクティブ・コメント > 値の書き方 > QuotationTrimmer によるスペース値明示記法 > YAMLの場合","","- Excel: ``"" ""`` → 半角スペース1文字、 ``""""""`` → ダブルクォート1文字。半角または全角ダブルクォートで前後が囲まれた場合のみ外側1層を除去する。 - YAML: ``"" ""`` でスペース1文字。ダブルクォート文字は ``""\""""`` または ``'""'`` で記述する。"
"ja/development_tools/testing_framework/guide/development_guide/06_TestFWGuide/testdata/index.rst","1966","heading","3","値・ディレクティブ・コメント > 値の書き方","バイナリデータ",""
"ja/development_tools/testing_framework/guide/development_guide/06_TestFWGuide/testdata/index.rst","1968","para","0","値・ディレクティブ・コメント > 値の書き方 > バイナリデータ","","BLOB カラムにバイナリデータを記述するケースを以下に示す。"
"ja/development_tools/testing_framework/guide/development_guide/06_TestFWGuide/testdata/index.rst","1971","heading","4","値・ディレクティブ・コメント > 値の書き方 > バイナリデータ","Excelの場合",""
"ja/development_tools/testing_framework/guide/development_guide/06_TestFWGuide/testdata/index.rst","1973","code","0","値・ディレクティブ・コメント > 値の書き方 > バイナリデータ > Excelの場合","text","SETUP_TABLE=FILE_TABLE
| FILE_ID | FILE_DATA                    |
| 001     | 0xCAFEBABE                   |"
"ja/development_tools/testing_framework/guide/development_guide/06_TestFWGuide/testdata/index.rst","1981","heading","4","値・ディレクティブ・コメント > 値の書き方 > バイナリデータ","YAMLの場合",""
"ja/development_tools/testing_framework/guide/development_guide/06_TestFWGuide/testdata/index.rst","1983","code","0","値・ディレクティブ・コメント > 値の書き方 > バイナリデータ > YAMLの場合","yaml","setup_tables:
- table: FILE_TABLE
rows:"
"ja/development_tools/testing_framework/guide/development_guide/06_TestFWGuide/testdata/index.rst","1993","para","0","値・ディレクティブ・コメント > 値の書き方 > バイナリデータ > YAMLの場合","","- ``0x`` プレフィクス付き16進数でバイナリ値を記述する。 ``0x`` がない場合は文字列としてエンコードされる。 - ``${binaryFile:パス}`` でファイル内容をバイナリ読み込みして HexString に変換する。"
"ja/development_tools/testing_framework/guide/development_guide/06_TestFWGuide/testdata/index.rst","1997","heading","2","値・ディレクティブ・コメント","インタープリタチェーンの仕組み",""
"ja/development_tools/testing_framework/guide/development_guide/06_TestFWGuide/testdata/index.rst","1999","para","0","値・ディレクティブ・コメント > インタープリタチェーンの仕組み","","テストデータの値はパース時にインタープリタチェーンを通過して変換される。DI 設定で注入されたインタープリタが順番に適用される。"
"ja/development_tools/testing_framework/guide/development_guide/06_TestFWGuide/testdata/index.rst","2002","heading","3","値・ディレクティブ・コメント > インタープリタチェーンの仕組み","インタープリタ一覧",""
"ja/development_tools/testing_framework/guide/development_guide/06_TestFWGuide/testdata/index.rst","2005","para","0","値・ディレクティブ・コメント > インタープリタチェーンの仕組み > インタープリタ一覧","",":header-rows: 1 :widths: 40 60"
"ja/development_tools/testing_framework/guide/development_guide/06_TestFWGuide/testdata/index.rst","2008","para","0","値・ディレクティブ・コメント > インタープリタチェーンの仕組み > インタープリタ一覧","","* - インタープリタ - 変換内容 * - ``NullInterpreter`` - ``null`` / ``NULL`` / ``Null`` （大文字小文字不問）→ Java null * - ``QuotationTrimmer`` - 半角または全角ダブルクォートで前後が囲まれた場合のみ外側1層を除去 *"
"ja/development_tools/testing_framework/guide/development_guide/06_TestFWGuide/testdata/index.rst","2025","para","0","値・ディレクティブ・コメント > インタープリタチェーンの仕組み > インタープリタ一覧","","ダブルクォート文字やスペースそのものを値として記述する場合、外側1層が除去されることを踏まえた記法が必要である。"
"ja/development_tools/testing_framework/guide/development_guide/06_TestFWGuide/testdata/index.rst","2027","para","0","値・ディレクティブ・コメント > インタープリタチェーンの仕組み > インタープリタ一覧","","- Excel: ``""""""`` → ダブルクォート1文字 ／ ``"" ""`` → 半角スペース1文字 - YAML: ``""\""""`` または ``'""'`` → ダブルクォート1文字 ／ ``"" ""`` → 半角スペース1文字"
"ja/development_tools/testing_framework/guide/development_guide/06_TestFWGuide/testdata/index.rst","2030","para","0","値・ディレクティブ・コメント > インタープリタチェーンの仕組み > インタープリタ一覧","","記述例は :ref:`ntf_examples_quotation` を参照。"
"ja/development_tools/testing_framework/guide/development_guide/06_TestFWGuide/testdata/index.rst","2033","heading","3","値・ディレクティブ・コメント > インタープリタチェーンの仕組み","DateTimeInterpreter の完全一致制約",""
"ja/development_tools/testing_framework/guide/development_guide/06_TestFWGuide/testdata/index.rst","2035","para","0","値・ディレクティブ・コメント > インタープリタチェーンの仕組み > DateTimeInterpreter の完全一致制約","","``DateTimeInterpreter`` は完全一致のみ変換する。部分文字列は変換されない。文字列中の ``${...}`` を置換するには ``CompositeInterpreter`` との組み合わせが必要である。"
"ja/development_tools/testing_framework/guide/development_guide/06_TestFWGuide/testdata/index.rst","2038","heading","3","値・ディレクティブ・コメント > インタープリタチェーンの仕組み","文字種生成の有効文字種",""
"ja/development_tools/testing_framework/guide/development_guide/06_TestFWGuide/testdata/index.rst","2040","para","0","値・ディレクティブ・コメント > インタープリタチェーンの仕組み > 文字種生成の有効文字種","","14種類の文字種が使用できる: 半角英字 / 半角数字 / 半角記号 / 半角カナ / 全角英字 / 全角数字 / 全角ひらがな / 全角カタカナ / 全角漢字 / 全角記号その他 / 中国語 / サロゲートペア / 改行 / 外字。"
"ja/development_tools/testing_framework/guide/development_guide/06_TestFWGuide/testdata/index.rst","2042","para","0","値・ディレクティブ・コメント > インタープリタチェーンの仕組み > 文字種生成の有効文字種","","上記以外の文字種を指定するとエラーになる。"
"ja/development_tools/testing_framework/guide/development_guide/06_TestFWGuide/testdata/index.rst","2045","heading","3","値・ディレクティブ・コメント > インタープリタチェーンの仕組み","BinaryFileInterpreter のパス基準",""
"ja/development_tools/testing_framework/guide/development_guide/06_TestFWGuide/testdata/index.rst","2047","para","0","値・ディレクティブ・コメント > インタープリタチェーンの仕組み > BinaryFileInterpreter のパス基準","","``${binaryFile:パス}`` のパスはテストデータファイルのディレクトリからの相対パスである。Excel・YAML 両方で同じ動作。"
"ja/development_tools/testing_framework/guide/development_guide/06_TestFWGuide/testdata/index.rst","2050","para","0","値・ディレクティブ・コメント > インタープリタチェーンの仕組み > BinaryFileInterpreter のパス基準","",":header-rows: 1 :widths: 20 80"
"ja/development_tools/testing_framework/guide/development_guide/06_TestFWGuide/testdata/index.rst","2053","para","0","値・ディレクティブ・コメント > インタープリタチェーンの仕組み > BinaryFileInterpreter のパス基準","","* - 形式 - 基準ディレクトリ * - Excel - Excel ファイル（ ``.xls`` / ``.xlsx`` ）が置かれているディレクトリ * - YAML - YAML ファイル（ ``.yaml`` ）が置かれているディレクトリ"
"ja/development_tools/testing_framework/guide/development_guide/06_TestFWGuide/testdata/index.rst","2061","heading","3","値・ディレクティブ・コメント > インタープリタチェーンの仕組み","日付型カラムの記述形式と境界値",""
"ja/development_tools/testing_framework/guide/development_guide/06_TestFWGuide/testdata/index.rst","2063","para","0","値・ディレクティブ・コメント > インタープリタチェーンの仕組み > 日付型カラムの記述形式と境界値","","有効な記述形式は以下の通り。"
"ja/development_tools/testing_framework/guide/development_guide/06_TestFWGuide/testdata/index.rst","2065","para","0","値・ディレクティブ・コメント > インタープリタチェーンの仕組み > 日付型カラムの記述形式と境界値","","- ``yyyyMMddHHmmssSSS`` （17文字） - 後置0埋め短縮形 - JDBC タイムスタンプエスケープ形式（5文字目が ``-`` ）"
"ja/development_tools/testing_framework/guide/development_guide/06_TestFWGuide/testdata/index.rst","2069","para","0","値・ディレクティブ・コメント > インタープリタチェーンの仕組み > 日付型カラムの記述形式と境界値","","``java.sql.Timestamp`` 型カラムの期待値は末尾 ``.0`` が必須である（例: ``""2010-01-01 12:34:56.0""`` ）。末尾 ``.0`` がないとアサートが失敗する。"
"ja/development_tools/testing_framework/guide/development_guide/06_TestFWGuide/testdata/index.rst","2072","heading","3","値・ディレクティブ・コメント > インタープリタチェーンの仕組み","X9/SX9 型フィールドの記述",""
"ja/development_tools/testing_framework/guide/development_guide/06_TestFWGuide/testdata/index.rst","2074","para","0","値・ディレクティブ・コメント > インタープリタチェーンの仕組み > X9/SX9 型フィールドの記述","","パディング文字・符号を含めた実際のバイト列表現（固定長フォーマットの実値）をそのまま記述する。"
"ja/development_tools/testing_framework/guide/development_guide/06_TestFWGuide/testdata/index.rst","2079","heading","3","値・ディレクティブ・コメント > インタープリタチェーンの仕組み","データ型マッピング",""
"ja/development_tools/testing_framework/guide/development_guide/06_TestFWGuide/testdata/index.rst","2081","para","0","値・ディレクティブ・コメント > インタープリタチェーンの仕組み > データ型マッピング","","フィールドのデータ型は以下の日本語型名称で指定する。使用できない型名称を指定するとエラーになる。"
"ja/development_tools/testing_framework/guide/development_guide/06_TestFWGuide/testdata/index.rst","2084","para","0","値・ディレクティブ・コメント > インタープリタチェーンの仕組み > データ型マッピング","",":header-rows: 1 :widths: 55 15 30"
"ja/development_tools/testing_framework/guide/development_guide/06_TestFWGuide/testdata/index.rst","2087","para","0","値・ディレクティブ・コメント > インタープリタチェーンの仕組み > データ型マッピング","","* - 型名称 - 型記号 - 用途 * - ``半角英字`` / ``半角数字`` / ``半角記号`` / ``半角カナ`` / ``半角英数字`` / ``半角英数字記号`` / ``半角`` - ``X`` - 半角文字 * - ``全角英字`` / ``全角数字`` / ``全角ひらがな`` / ``全角カタ"
"ja/development_tools/testing_framework/guide/development_guide/06_TestFWGuide/testdata/index.rst","2121","para","0","値・ディレクティブ・コメント > インタープリタチェーンの仕組み > データ型マッピング","","``TEST_{型名称}`` という名前のデータ型を定義すると、同名の基底型より優先して使用される（テスト専用の型定義に使う）。"
"ja/development_tools/testing_framework/guide/development_guide/06_TestFWGuide/testdata/index.rst","2124","heading","2","値・ディレクティブ・コメント","ディレクティブ",""
"ja/development_tools/testing_framework/guide/development_guide/06_TestFWGuide/testdata/index.rst","2127","heading","3","値・ディレクティブ・コメント > ディレクティブ","ディレクティブの構成",""
"ja/development_tools/testing_framework/guide/development_guide/06_TestFWGuide/testdata/index.rst","2129","para","0","値・ディレクティブ・コメント > ディレクティブ > ディレクティブの構成","","ディレクティブは「キー名・値」の2要素で記述する（最低2要素必要）。"
"ja/development_tools/testing_framework/guide/development_guide/06_TestFWGuide/testdata/index.rst","2131","para","0","値・ディレクティブ・コメント > ディレクティブ > ディレクティブの構成","","- **Excel**: ファイルデータブロックの先頭（レコード定義より前）に ``| キー名 | 値 |`` の形で記述する。 - **YAML**: ``directives:`` オブジェクトに ``key: value`` 形式で記述する。"
"ja/development_tools/testing_framework/guide/development_guide/06_TestFWGuide/testdata/index.rst","2135","heading","3","値・ディレクティブ・コメント > ディレクティブ","固定長ファイルのディレクティブ",""
"ja/development_tools/testing_framework/guide/development_guide/06_TestFWGuide/testdata/index.rst","2137","para","0","値・ディレクティブ・コメント > ディレクティブ > 固定長ファイルのディレクティブ","","有効なキーは以下に限定される。無効なキーを指定するとエラーになる。"
"ja/development_tools/testing_framework/guide/development_guide/06_TestFWGuide/testdata/index.rst","2140","para","0","値・ディレクティブ・コメント > ディレクティブ > 固定長ファイルのディレクティブ","",":header-rows: 1 :widths: 40 60"
"ja/development_tools/testing_framework/guide/development_guide/06_TestFWGuide/testdata/index.rst","2143","para","0","値・ディレクティブ・コメント > ディレクティブ > 固定長ファイルのディレクティブ","","* - ディレクティブキー - 説明 * - ``file-type`` - 自動設定（ ``""Fixed""`` ）。通常は記述不要 * - ``text-encoding`` - ファイルの文字エンコーディング * - ``record-length`` - フィールド長合計から自動計算。通常は記述不要 * - ``"
"ja/development_tools/testing_framework/guide/development_guide/06_TestFWGuide/testdata/index.rst","2169","heading","4","値・ディレクティブ・コメント > ディレクティブ > 固定長ファイルのディレクティブ","固定長ディレクティブの記述例",""
"ja/development_tools/testing_framework/guide/development_guide/06_TestFWGuide/testdata/index.rst","2171","para","0","値・ディレクティブ・コメント > ディレクティブ > 固定長ファイルのディレクティブ > 固定長ディレクティブの記述例","","エンコーディングとゾーン10進数の符号ニブルを指定するケースを以下に示す。"
"ja/development_tools/testing_framework/guide/development_guide/06_TestFWGuide/testdata/index.rst","2174","heading","5","値・ディレクティブ・コメント > ディレクティブ > 固定長ファイルのディレクティブ > 固定長ディレクティブの記述例","Excelの場合",""
"ja/development_tools/testing_framework/guide/development_guide/06_TestFWGuide/testdata/index.rst","2176","code","0","値・ディレクティブ・コメント > ディレクティブ > 固定長ファイルのディレクティブ > 固定長ディレクティブの記述例 > Excelの場合","text","SETUP_FIXED=input/data.dat
| text-encoding              | MS932 |
| positive-zone-sign-nibble  | C     |"
"ja/development_tools/testing_framework/guide/development_guide/06_TestFWGuide/testdata/index.rst","2187","heading","5","値・ディレクティブ・コメント > ディレクティブ > 固定長ファイルのディレクティブ > 固定長ディレクティブの記述例","YAMLの場合",""
"ja/development_tools/testing_framework/guide/development_guide/06_TestFWGuide/testdata/index.rst","2189","code","0","値・ディレクティブ・コメント > ディレクティブ > 固定長ファイルのディレクティブ > 固定長ディレクティブの記述例 > YAMLの場合","yaml","setup_files:
- path: input/data.dat
type: fixed"
"ja/development_tools/testing_framework/guide/development_guide/06_TestFWGuide/testdata/index.rst","2206","heading","3","値・ディレクティブ・コメント > ディレクティブ","可変長ファイルのディレクティブ",""
"ja/development_tools/testing_framework/guide/development_guide/06_TestFWGuide/testdata/index.rst","2208","para","0","値・ディレクティブ・コメント > ディレクティブ > 可変長ファイルのディレクティブ","","有効なキーは以下に限定される。無効なキーを指定するとエラーになる。"
"ja/development_tools/testing_framework/guide/development_guide/06_TestFWGuide/testdata/index.rst","2211","para","0","値・ディレクティブ・コメント > ディレクティブ > 可変長ファイルのディレクティブ","",":header-rows: 1 :widths: 40 60"
"ja/development_tools/testing_framework/guide/development_guide/06_TestFWGuide/testdata/index.rst","2214","para","0","値・ディレクティブ・コメント > ディレクティブ > 可変長ファイルのディレクティブ","","* - ディレクティブキー - 説明 * - ``file-type`` - 自動設定（ ``""Variable""`` ）。通常は記述不要 * - ``text-encoding`` - ファイルの文字エンコーディング * - ``record-separator`` - レコード区切り。 ``NONE`` / ``C"
"ja/development_tools/testing_framework/guide/development_guide/06_TestFWGuide/testdata/index.rst","2236","heading","4","値・ディレクティブ・コメント > ディレクティブ > 可変長ファイルのディレクティブ","可変長ディレクティブの記述例",""
"ja/development_tools/testing_framework/guide/development_guide/06_TestFWGuide/testdata/index.rst","2238","para","0","値・ディレクティブ・コメント > ディレクティブ > 可変長ファイルのディレクティブ > 可変長ディレクティブの記述例","","タブ区切り・CRLF 改行のファイルを扱うケースを以下に示す。"
"ja/development_tools/testing_framework/guide/development_guide/06_TestFWGuide/testdata/index.rst","2241","heading","5","値・ディレクティブ・コメント > ディレクティブ > 可変長ファイルのディレクティブ > 可変長ディレクティブの記述例","Excelの場合",""
"ja/development_tools/testing_framework/guide/development_guide/06_TestFWGuide/testdata/index.rst","2243","code","0","値・ディレクティブ・コメント > ディレクティブ > 可変長ファイルのディレクティブ > 可変長ディレクティブの記述例 > Excelの場合","text","SETUP_VARIABLE=input/data.tsv
| field-separator  | \t    |
| record-separator | CRLF  |"
"ja/development_tools/testing_framework/guide/development_guide/06_TestFWGuide/testdata/index.rst","2253","heading","5","値・ディレクティブ・コメント > ディレクティブ > 可変長ファイルのディレクティブ > 可変長ディレクティブの記述例","YAMLの場合",""
"ja/development_tools/testing_framework/guide/development_guide/06_TestFWGuide/testdata/index.rst","2255","para","0","値・ディレクティブ・コメント > ディレクティブ > 可変長ファイルのディレクティブ > 可変長ディレクティブの記述例 > YAMLの場合","","タブ文字の記法が形式で異なる点に注意すること。Excel セルには ``\t`` （バックスラッシュ + t の2文字）を入力し、フレームワークがタブ文字（0x09）に変換する。YAML は ``""\\t""`` と記述する（YAML の ``\t`` は実際のタブ文字になるためバックスラッシュをエスケープする）。"
"ja/development_tools/testing_framework/guide/development_guide/06_TestFWGuide/testdata/index.rst","2257","code","0","値・ディレクティブ・コメント > ディレクティブ > 可変長ファイルのディレクティブ > 可変長ディレクティブの記述例 > YAMLの場合","yaml","setup_files:
- path: input/data.tsv
type: variable"
"ja/development_tools/testing_framework/guide/development_guide/06_TestFWGuide/testdata/index.rst","2274","heading","3","値・ディレクティブ・コメント > ディレクティブ","デフォルトディレクティブの DI 設定",""
"ja/development_tools/testing_framework/guide/development_guide/06_TestFWGuide/testdata/index.rst","2276","para","0","値・ディレクティブ・コメント > ディレクティブ > デフォルトディレクティブの DI 設定","","``SystemRepository`` への DI 設定で、全ファイル共通または種別専用のデフォルトディレクティブを一括設定できる。"
"ja/development_tools/testing_framework/guide/development_guide/06_TestFWGuide/testdata/index.rst","2279","para","0","値・ディレクティブ・コメント > ディレクティブ > デフォルトディレクティブの DI 設定","",":header-rows: 1 :widths: 40 60"
"ja/development_tools/testing_framework/guide/development_guide/06_TestFWGuide/testdata/index.rst","2282","para","0","値・ディレクティブ・コメント > ディレクティブ > デフォルトディレクティブの DI 設定","","* - DI キー - 適用対象 * - ``defaultDirectives`` - 全ファイル共通のデフォルト * - ``fixedLengthDirectives`` - 固定長ファイル専用。 ``defaultDirectives`` より後に上書き適用される * - ``variableLengthDir"
"ja/development_tools/testing_framework/guide/development_guide/06_TestFWGuide/testdata/index.rst","2292","heading","2","値・ディレクティブ・コメント","ヘッダ・コメント・空エントリ",""
"ja/development_tools/testing_framework/guide/development_guide/06_TestFWGuide/testdata/index.rst","2295","heading","3","値・ディレクティブ・コメント > ヘッダ・コメント・空エントリ","ヘッダの構造",""
"ja/development_tools/testing_framework/guide/development_guide/06_TestFWGuide/testdata/index.rst","2297","para","0","値・ディレクティブ・コメント > ヘッダ・コメント・空エントリ > ヘッダの構造","","ヘッダにはカラム名を列挙する。"
"ja/development_tools/testing_framework/guide/development_guide/06_TestFWGuide/testdata/index.rst","2299","para","0","値・ディレクティブ・コメント > ヘッダ・コメント・空エントリ > ヘッダの構造","","- ヘッダ末尾の空カラムは除去される（末尾カラムの省略が可能）。 - データエントリがヘッダより少ない場合、不足分は空文字 ``""""`` で補完される。"
"ja/development_tools/testing_framework/guide/development_guide/06_TestFWGuide/testdata/index.rst","2303","heading","3","値・ディレクティブ・コメント > ヘッダ・コメント・空エントリ","マーカーカラム",""
"ja/development_tools/testing_framework/guide/development_guide/06_TestFWGuide/testdata/index.rst","2305","para","0","値・ディレクティブ・コメント > ヘッダ・コメント・空エントリ > マーカーカラム","","カラム名が ``[カラム名]`` 形式（角括弧で囲まれた名前）のカラムはマーカーカラムとして扱われ、DB 操作から除外される。"
"ja/development_tools/testing_framework/guide/development_guide/06_TestFWGuide/testdata/index.rst","2308","para","0","値・ディレクティブ・コメント > ヘッダ・コメント・空エントリ > マーカーカラム","",":header-rows: 1 :widths: 20 80"
"ja/development_tools/testing_framework/guide/development_guide/06_TestFWGuide/testdata/index.rst","2311","para","0","値・ディレクティブ・コメント > ヘッダ・コメント・空エントリ > マーカーカラム","","* - 形式 - 除外対象 * - Excel - ``SETUP_TABLE`` / ``EXPECTED_TABLE`` / ``LIST_MAP`` すべて * - YAML - ``setup_tables`` / ``expected_tables`` / ``list_maps`` すべて"
"ja/development_tools/testing_framework/guide/development_guide/06_TestFWGuide/testdata/index.rst","2319","heading","3","値・ディレクティブ・コメント > ヘッダ・コメント・空エントリ","エントリ単位のコメント",""
"ja/development_tools/testing_framework/guide/development_guide/06_TestFWGuide/testdata/index.rst","2321","para","0","値・ディレクティブ・コメント > ヘッダ・コメント・空エントリ > エントリ単位のコメント","","エントリをコメントとしてマークすると、そのエントリ全体がスキップされる。"
"ja/development_tools/testing_framework/guide/development_guide/06_TestFWGuide/testdata/index.rst","2323","para","0","値・ディレクティブ・コメント > ヘッダ・コメント・空エントリ > エントリ単位のコメント","","- **Excel**: 先頭要素が ``//`` で始まる行はスキップされる。 - **YAML**: ``#`` がコメント記号（行頭・行末どちらにも使える）。"
"ja/development_tools/testing_framework/guide/development_guide/06_TestFWGuide/testdata/index.rst","2327","heading","3","値・ディレクティブ・コメント > ヘッダ・コメント・空エントリ","要素途中からのコメント",""
"ja/development_tools/testing_framework/guide/development_guide/06_TestFWGuide/testdata/index.rst","2329","para","0","値・ディレクティブ・コメント > ヘッダ・コメント・空エントリ > 要素途中からのコメント","","- **Excel**: 先頭以外の要素が ``//`` で始まる場合、その要素以降が切り捨てられる。 - **YAML**: ``#`` を行末に書いて同等の記述ができる（例: ``NUMBER_COL: ""100""  # 数値カラム`` ）。"
"ja/development_tools/testing_framework/guide/development_guide/06_TestFWGuide/testdata/index.rst","2333","heading","3","値・ディレクティブ・コメント > ヘッダ・コメント・空エントリ","記述例（コメントとマーカーカラム）",""
"ja/development_tools/testing_framework/guide/development_guide/06_TestFWGuide/testdata/index.rst","2336","heading","4","値・ディレクティブ・コメント > ヘッダ・コメント・空エントリ > 記述例（コメントとマーカーカラム）","Excelの場合",""
"ja/development_tools/testing_framework/guide/development_guide/06_TestFWGuide/testdata/index.rst","2338","code","0","値・ディレクティブ・コメント > ヘッダ・コメント・空エントリ > 記述例（コメントとマーカーカラム） > Excelの場合","text","SETUP_TABLE=TEST_TABLE
| // この行はコメントです  |            |         |            |        |
| [no]                     | PK_COL1    | PK_COL2 | NUMBER_COL | [desc] |"
"ja/development_tools/testing_framework/guide/development_guide/06_TestFWGuide/testdata/index.rst","2348","heading","4","値・ディレクティブ・コメント > ヘッダ・コメント・空エントリ > 記述例（コメントとマーカーカラム）","YAMLの場合",""
"ja/development_tools/testing_framework/guide/development_guide/06_TestFWGuide/testdata/index.rst","2350","code","0","値・ディレクティブ・コメント > ヘッダ・コメント・空エントリ > 記述例（コメントとマーカーカラム） > YAMLの場合","yaml","setup_tables:
- table: TEST_TABLE
rows:"
"ja/development_tools/testing_framework/guide/development_guide/06_TestFWGuide/testdata/index.rst","2368","heading","3","値・ディレクティブ・コメント > ヘッダ・コメント・空エントリ","空エントリのスキップ",""
"ja/development_tools/testing_framework/guide/development_guide/06_TestFWGuide/testdata/index.rst","2370","para","0","値・ディレクティブ・コメント > ヘッダ・コメント・空エントリ > 空エントリのスキップ","","全要素が null または空文字のエントリは読み飛ばされる。"
"ja/development_tools/testing_framework/guide/development_guide/06_TestFWGuide/testdata/index.rst","2372","para","0","値・ディレクティブ・コメント > ヘッダ・コメント・空エントリ > 空エントリのスキップ","","- **Excel**: 行の全セルが空の場合にスキップされる。 - **YAML**: ``rows:`` 内の要素が空マッピング（ ``{}`` ）またはすべての値が空文字の場合にスキップされる。"
"ja/development_tools/testing_framework/guide/development_guide/06_TestFWGuide/testdata/index.rst","2376","heading","4","値・ディレクティブ・コメント > ヘッダ・コメント・空エントリ > 空エントリのスキップ","記述例",""
"ja/development_tools/testing_framework/guide/development_guide/06_TestFWGuide/testdata/index.rst","2379","heading","5","値・ディレクティブ・コメント > ヘッダ・コメント・空エントリ > 空エントリのスキップ > 記述例","Excelの場合",""
"ja/development_tools/testing_framework/guide/development_guide/06_TestFWGuide/testdata/index.rst","2381","code","0","値・ディレクティブ・コメント > ヘッダ・コメント・空エントリ > 空エントリのスキップ > 記述例 > Excelの場合","text","SETUP_TABLE=USER
| USER_ID | NAME     |
| 001     | 山田太郎 |"
"ja/development_tools/testing_framework/guide/development_guide/06_TestFWGuide/testdata/index.rst","2390","heading","5","値・ディレクティブ・コメント > ヘッダ・コメント・空エントリ > 空エントリのスキップ > 記述例","YAMLの場合",""
"ja/development_tools/testing_framework/guide/development_guide/06_TestFWGuide/testdata/index.rst","2392","code","0","値・ディレクティブ・コメント > ヘッダ・コメント・空エントリ > 空エントリのスキップ > 記述例 > YAMLの場合","yaml","setup_tables:
- table: USER
rows:"
"ja/development_tools/testing_framework/guide/development_guide/06_TestFWGuide/testdata/index.rst","2403","para","0","値・ディレクティブ・コメント > ヘッダ・コメント・空エントリ > 空エントリのスキップ > 記述例 > YAMLの場合","","記述例は :ref:`ntf_examples_values` を参照。"
"ja/development_tools/testing_framework/guide/development_guide/08_TestTools/index.rst","4","heading","1","","プログラミング工程で使用するツール",""
"ja/development_tools/testing_framework/guide/development_guide/08_TestTools/index.rst","6","toctree","0","プログラミング工程で使用するツール","toctree","01_HttpDumpTool/index;02_MasterDataSetup/index;03_HtmlCheckTool/index"
"ja/development_tools/testing_framework/guide/development_guide/08_TestTools/01_HttpDumpTool/01_HttpDumpTool.rst","5","heading","1","","リクエスト単体データ作成ツール",""
"ja/development_tools/testing_framework/guide/development_guide/08_TestTools/01_HttpDumpTool/01_HttpDumpTool.rst","8","heading","1","","概要",""
"ja/development_tools/testing_framework/guide/development_guide/08_TestTools/01_HttpDumpTool/01_HttpDumpTool.rst","10","para","0","概要","","リクエスト単体テスト(ウェブアプリケーション)では、HTMLからのリクエストパラメータにあるキーと値をテストデータとして作成する必要がある\ [*]_ 。 このリクエストパラメータ作成を人手で実施すると、リクエストパラメータ名（form内のname属性）を\ 写し間違える恐れがある。特に、登録画面などパラメータ数が多い"
"ja/development_tools/testing_framework/guide/development_guide/08_TestTools/01_HttpDumpTool/01_HttpDumpTool.rst","14","para","0","概要","","このような人手によるミスを解消するため、リクエスト単体テストで生成されたHTMLを使用して、\ 次画面へのリクエストパラメータを作成できるツールを提供する。"
"ja/development_tools/testing_framework/guide/development_guide/08_TestTools/01_HttpDumpTool/01_HttpDumpTool.rst","18","para","0","概要","",".. [*] リクエストパラメータのテストデータ記述方法については、\ :doc:`../../05_UnitTestGuide/02_RequestUnitTest/index`\ （特に「\  :ref:`request_test_req_params`\ 」の項 ）を参照"
"ja/development_tools/testing_framework/guide/development_guide/08_TestTools/01_HttpDumpTool/01_HttpDumpTool.rst","24","heading","1","","特徴",""
"ja/development_tools/testing_framework/guide/development_guide/08_TestTools/01_HttpDumpTool/01_HttpDumpTool.rst","26","para","0","特徴","","本ツールでは、リクエスト単体テストで生成されたHTMLをブラウザで操作することで、 次画面へのリクエストパラメータをExcel形式で取得できるようになっている。 ウェブアプリケーションを操作するような感覚で直感的にテストデータが作成できる。"
"ja/development_tools/testing_framework/guide/development_guide/08_TestTools/01_HttpDumpTool/01_HttpDumpTool.rst","32","heading","1","","使用方法",""
"ja/development_tools/testing_framework/guide/development_guide/08_TestTools/01_HttpDumpTool/01_HttpDumpTool.rst","34","para","0","使用方法","","下記の図に沿って、本ツールの使用方法を説明する。"
"ja/development_tools/testing_framework/guide/development_guide/08_TestTools/01_HttpDumpTool/01_HttpDumpTool.rst","37","figure","0","使用方法","","./_image/requestDumpToolAbstract.png"
"ja/development_tools/testing_framework/guide/development_guide/08_TestTools/01_HttpDumpTool/01_HttpDumpTool.rst","41","heading","2","使用方法","前提条件",""
"ja/development_tools/testing_framework/guide/development_guide/08_TestTools/01_HttpDumpTool/01_HttpDumpTool.rst","43","para","0","使用方法 > 前提条件","","* 開発環境構築ガイドに従って開発環境を構築済みであること。 * :doc:`02_SetUpHttpDumpTool`\ の\ :ref:`http_dump_tool_prerequisite`\ 参照"
"ja/development_tools/testing_framework/guide/development_guide/08_TestTools/01_HttpDumpTool/01_HttpDumpTool.rst","48","heading","2","使用方法","入力となるHTML生成",""
"ja/development_tools/testing_framework/guide/development_guide/08_TestTools/01_HttpDumpTool/01_HttpDumpTool.rst","50","para","0","使用方法 > 入力となるHTML生成","","リクエスト単体テストを実行し、HTMLファイルを生成する。"
"ja/development_tools/testing_framework/guide/development_guide/08_TestTools/01_HttpDumpTool/01_HttpDumpTool.rst","53","para","0","使用方法 > 入力となるHTML生成","","初期画面表示のリクエスト単体テスト用データだけは、手動で用意する必要がある。 初期画面表示リクエスト（例えば、メニューからの単純な画面遷移）には リクエストパラメータが含まれていないことがほとんどであるので、 通常は空のリクエストパラメータを作成すればよい。"
"ja/development_tools/testing_framework/guide/development_guide/08_TestTools/01_HttpDumpTool/01_HttpDumpTool.rst","62","heading","2","使用方法","ツール起動",""
"ja/development_tools/testing_framework/guide/development_guide/08_TestTools/01_HttpDumpTool/01_HttpDumpTool.rst","64","para","0","使用方法 > ツール起動","","Eclipse上からHTMLファイルを右クリックし、ツールを起動する。\ （\ :ref:`howToExecuteFromEclipse` を参照）"
"ja/development_tools/testing_framework/guide/development_guide/08_TestTools/01_HttpDumpTool/01_HttpDumpTool.rst","68","admonition","0","使用方法 > ツール起動","tip",""
"ja/development_tools/testing_framework/guide/development_guide/08_TestTools/01_HttpDumpTool/01_HttpDumpTool.rst","70","para","0","使用方法 > ツール起動","","Windows上で本ツールを起動するとコマンドプロンプトが現れるが、これはツール内部で使用される内蔵サーバのプロセスである。本ツールを使用する間はこのコマンドプロンプトは実行したままにしておくとよい。ツール起動時に、既にサーバが起動されている場合はサーバ起動がスキップされるので、２回目以降のツール起動が速くなる。誤って"
"ja/development_tools/testing_framework/guide/development_guide/08_TestTools/01_HttpDumpTool/01_HttpDumpTool.rst","75","heading","2","使用方法","データ入力",""
"ja/development_tools/testing_framework/guide/development_guide/08_TestTools/01_HttpDumpTool/01_HttpDumpTool.rst","76","para","0","使用方法 > データ入力","","HTMLファイルがブラウザで起動されるので、画面上で入力してサブミットを実行する。"
"ja/development_tools/testing_framework/guide/development_guide/08_TestTools/01_HttpDumpTool/01_HttpDumpTool.rst","80","heading","2","使用方法","Excelダウンロード",""
"ja/development_tools/testing_framework/guide/development_guide/08_TestTools/01_HttpDumpTool/01_HttpDumpTool.rst","82","para","0","使用方法 > Excelダウンロード","","サブミットで発生したHTTPリクエストがExcelファイルに記載された状態で ダウンロードできる。Excelファイルをローカル上に保存する必要はないので、 ブラウザから直接ExcelやOpenOfficeで起動すればよい。"
"ja/development_tools/testing_framework/guide/development_guide/08_TestTools/01_HttpDumpTool/01_HttpDumpTool.rst","88","heading","2","使用方法","データ編集",""
"ja/development_tools/testing_framework/guide/development_guide/08_TestTools/01_HttpDumpTool/01_HttpDumpTool.rst","90","para","0","使用方法 > データ編集","","ダウンロードしたExcelファイルに、HTTPリクエストパラメータのデータが記載されている。 そのデータをリクエスト単体テストのテストデータにコピーする。"
"ja/development_tools/testing_framework/guide/development_guide/08_TestTools/01_HttpDumpTool/02_SetUpHttpDumpTool.rst","3","heading","1","","リクエスト単体データ作成ツール インストールガイド",""
"ja/development_tools/testing_framework/guide/development_guide/08_TestTools/01_HttpDumpTool/02_SetUpHttpDumpTool.rst","5","para","0","リクエスト単体データ作成ツール インストールガイド","",":doc:`index`\ のインストール方法について説明する。"
"ja/development_tools/testing_framework/guide/development_guide/08_TestTools/01_HttpDumpTool/02_SetUpHttpDumpTool.rst","10","heading","1","","前提事項",""
"ja/development_tools/testing_framework/guide/development_guide/08_TestTools/01_HttpDumpTool/02_SetUpHttpDumpTool.rst","12","para","0","前提事項","","本ツールを使用する際、以下の前提事項を満たす必要がある。"
"ja/development_tools/testing_framework/guide/development_guide/08_TestTools/01_HttpDumpTool/02_SetUpHttpDumpTool.rst","14","para","0","前提事項","","* 以下のツールがインストール済みであること"
"ja/development_tools/testing_framework/guide/development_guide/08_TestTools/01_HttpDumpTool/02_SetUpHttpDumpTool.rst","16","para","0","前提事項","","* Java * Maven"
"ja/development_tools/testing_framework/guide/development_guide/08_TestTools/01_HttpDumpTool/02_SetUpHttpDumpTool.rst","19","para","0","前提事項","","* プロジェクトがMavenで管理されていること * htmlファイルがブラウザに関連付けされていること * ブラウザのプロキシ設定で、localhostが除外されていること"
"ja/development_tools/testing_framework/guide/development_guide/08_TestTools/01_HttpDumpTool/02_SetUpHttpDumpTool.rst","24","heading","1","","提供方法",""
"ja/development_tools/testing_framework/guide/development_guide/08_TestTools/01_HttpDumpTool/02_SetUpHttpDumpTool.rst","26","para","0","提供方法","","本ツールは以下のjarにて提供する。"
"ja/development_tools/testing_framework/guide/development_guide/08_TestTools/01_HttpDumpTool/02_SetUpHttpDumpTool.rst","28","para","0","提供方法","","* nablarch-testing-XXX.jar * nablarch-testing-jetty12-XXX.jar"
"ja/development_tools/testing_framework/guide/development_guide/08_TestTools/01_HttpDumpTool/02_SetUpHttpDumpTool.rst","31","para","0","提供方法","","そのため、pom.xmlのdependencies要素以下の記述があることを確認する。"
"ja/development_tools/testing_framework/guide/development_guide/08_TestTools/01_HttpDumpTool/02_SetUpHttpDumpTool.rst","33","code","0","提供方法","xml",""
"ja/development_tools/testing_framework/guide/development_guide/08_TestTools/01_HttpDumpTool/02_SetUpHttpDumpTool.rst","35","para","0","提供方法","","<dependencies> <!-- 中略 --> <dependency> <groupId>com.nablarch.framework</groupId> <artifactId>nablarch-testing</artifactId> <scope>test</scope> </dependency> <d"
"ja/development_tools/testing_framework/guide/development_guide/08_TestTools/01_HttpDumpTool/02_SetUpHttpDumpTool.rst","50","para","0","提供方法","","プロジェクトのディレクトリで以下のコマンドを実行し、jar ファイルをダウンロードする。"
"ja/development_tools/testing_framework/guide/development_guide/08_TestTools/01_HttpDumpTool/02_SetUpHttpDumpTool.rst","52","code","0","提供方法","text",""
"ja/development_tools/testing_framework/guide/development_guide/08_TestTools/01_HttpDumpTool/02_SetUpHttpDumpTool.rst","54","para","0","提供方法","","mvn dependency:copy-dependencies -DoutputDirectory=lib"
"ja/development_tools/testing_framework/guide/development_guide/08_TestTools/01_HttpDumpTool/02_SetUpHttpDumpTool.rst","57","para","0","提供方法","","以下のファイルをプロジェクトのpom.xmlと同じディレクトリに配置する。"
"ja/development_tools/testing_framework/guide/development_guide/08_TestTools/01_HttpDumpTool/02_SetUpHttpDumpTool.rst","59","para","0","提供方法","","* :download:`httpDump.bat <download/httpDump.bat>`"
"ja/development_tools/testing_framework/guide/development_guide/08_TestTools/01_HttpDumpTool/02_SetUpHttpDumpTool.rst","63","heading","1","","Eclipseとの連携",""
"ja/development_tools/testing_framework/guide/development_guide/08_TestTools/01_HttpDumpTool/02_SetUpHttpDumpTool.rst","65","para","0","Eclipseとの連携","","以下の設定をすることでEclipseから本ツールを起動できる。"
"ja/development_tools/testing_framework/guide/development_guide/08_TestTools/01_HttpDumpTool/02_SetUpHttpDumpTool.rst","69","heading","2","Eclipseとの連携","設定画面起動",""
"ja/development_tools/testing_framework/guide/development_guide/08_TestTools/01_HttpDumpTool/02_SetUpHttpDumpTool.rst","71","para","0","Eclipseとの連携 > 設定画面起動","","ツールバーから、ウィンドウ(Window)→設定(Prefernce)を選択する。 左側のペインから一般(General)→エディタ(Editors)→ファイルの関連付け(File Associations) を選択、右側のペインから*.htmlを選択し、追加(Add)ボタンを押下する。"
"ja/development_tools/testing_framework/guide/development_guide/08_TestTools/01_HttpDumpTool/02_SetUpHttpDumpTool.rst","75","figure","0","Eclipseとの連携 > 設定画面起動","","./_image/01_Eclipse_Preference.png"
"ja/development_tools/testing_framework/guide/development_guide/08_TestTools/01_HttpDumpTool/02_SetUpHttpDumpTool.rst","80","heading","2","Eclipseとの連携","外部プログラム選択",""
"ja/development_tools/testing_framework/guide/development_guide/08_TestTools/01_HttpDumpTool/02_SetUpHttpDumpTool.rst","82","para","0","Eclipseとの連携 > 外部プログラム選択","","ラジオボタンから外部プログラム(External program)を選択し、参照(Browse)ボタンを押下する。"
"ja/development_tools/testing_framework/guide/development_guide/08_TestTools/01_HttpDumpTool/02_SetUpHttpDumpTool.rst","84","figure","0","Eclipseとの連携 > 外部プログラム選択","","./_image/02_Eclipse_EditorSelection.png"
"ja/development_tools/testing_framework/guide/development_guide/08_TestTools/01_HttpDumpTool/02_SetUpHttpDumpTool.rst","89","heading","2","Eclipseとの連携","起動用バッチファイル（シェルスクリプト）選択",""
"ja/development_tools/testing_framework/guide/development_guide/08_TestTools/01_HttpDumpTool/02_SetUpHttpDumpTool.rst","91","para","0","Eclipseとの連携 > 起動用バッチファイル（シェルスクリプト）選択","","Windowsの場合はバッチファイル(httpDump.bat)を、 Linuxの場合はシェルスクリプト(httpDump.sh)を選択する。"
"ja/development_tools/testing_framework/guide/development_guide/08_TestTools/01_HttpDumpTool/02_SetUpHttpDumpTool.rst","94","figure","0","Eclipseとの連携 > 起動用バッチファイル（シェルスクリプト）選択","","./_image/03_Eclipse_OpenFile.png"
"ja/development_tools/testing_framework/guide/development_guide/08_TestTools/01_HttpDumpTool/02_SetUpHttpDumpTool.rst","101","heading","2","Eclipseとの連携","HTMLファイルからの起動方法",""
"ja/development_tools/testing_framework/guide/development_guide/08_TestTools/01_HttpDumpTool/02_SetUpHttpDumpTool.rst","103","para","0","Eclipseとの連携 > HTMLファイルからの起動方法","","Eclipseのパッケージエクスプローラ等からHTMLファイルを右クリックし、 httpDumpで開くことでツールを起動できる。"
"ja/development_tools/testing_framework/guide/development_guide/08_TestTools/01_HttpDumpTool/02_SetUpHttpDumpTool.rst","106","figure","0","Eclipseとの連携 > HTMLファイルからの起動方法","","./_image/04_Eclipse_OpenWith.png"
"ja/development_tools/testing_framework/guide/development_guide/08_TestTools/01_HttpDumpTool/02_SetUpHttpDumpTool.rst","111","para","0","Eclipseとの連携 > HTMLファイルからの起動方法","","<br/>"
"ja/development_tools/testing_framework/guide/development_guide/08_TestTools/01_HttpDumpTool/index.rst","3","heading","1","","リクエスト単体データ作成ツール",""
"ja/development_tools/testing_framework/guide/development_guide/08_TestTools/01_HttpDumpTool/index.rst","5","toctree","0","リクエスト単体データ作成ツール","toctree","01_HttpDumpTool;02_SetUpHttpDumpTool"
"ja/development_tools/testing_framework/guide/development_guide/08_TestTools/02_MasterDataSetup/01_MasterDataSetupTool.rst","5","heading","1","","マスタデータ投入ツール",""
"ja/development_tools/testing_framework/guide/development_guide/08_TestTools/02_MasterDataSetup/01_MasterDataSetupTool.rst","8","heading","1","","概要",""
"ja/development_tools/testing_framework/guide/development_guide/08_TestTools/02_MasterDataSetup/01_MasterDataSetupTool.rst","11","para","0","概要","","データベースにマスタデータを投入する機能を提供する。"
"ja/development_tools/testing_framework/guide/development_guide/08_TestTools/02_MasterDataSetup/01_MasterDataSetupTool.rst","15","heading","1","","特徴",""
"ja/development_tools/testing_framework/guide/development_guide/08_TestTools/02_MasterDataSetup/01_MasterDataSetupTool.rst","17","para","0","特徴","","* 自動テストのテストデータと同じ形式で記述できる。 * Nablarch Application Frameworkのコンポーネント設定ファイルを使用するので、別途設定ファイルを用意する必要がない。 * バックアップ用スキーマ\ [#]_\ へのデータ投入が同時に実行できる。"
"ja/development_tools/testing_framework/guide/development_guide/08_TestTools/02_MasterDataSetup/01_MasterDataSetupTool.rst","22","para","0","特徴","","バックアップ用スキーマとは、自動テストフレームワークの\ :doc:`../../06_TestFWGuide/04_MasterDataRestore`\ にて使用するスキーマのことである。バックアップ用スキーマには、自動テスト用スキーマと同じマスタデータを投入する必要があり、本ツールを使用することで2つのスキーマに"
"ja/development_tools/testing_framework/guide/development_guide/08_TestTools/02_MasterDataSetup/01_MasterDataSetupTool.rst","24","admonition","0","特徴","important",""
"ja/development_tools/testing_framework/guide/development_guide/08_TestTools/02_MasterDataSetup/01_MasterDataSetupTool.rst","26","para","0","特徴","","本ツールは、マルチスレッド機能には対応していない。 マルチスレッド機能のテストは、テスティングフレームワークを使用しないテスト(結合テストなど)で行うこと。"
"ja/development_tools/testing_framework/guide/development_guide/08_TestTools/02_MasterDataSetup/01_MasterDataSetupTool.rst","30","heading","1","","使用方法",""
"ja/development_tools/testing_framework/guide/development_guide/08_TestTools/02_MasterDataSetup/01_MasterDataSetupTool.rst","33","heading","2","使用方法","前提条件",""
"ja/development_tools/testing_framework/guide/development_guide/08_TestTools/02_MasterDataSetup/01_MasterDataSetupTool.rst","35","para","0","使用方法 > 前提条件","",":doc:`02_ConfigMasterDataSetupTool`\ の\ :ref:`master_data_setup_prerequisite`\ 参照"
"ja/development_tools/testing_framework/guide/development_guide/08_TestTools/02_MasterDataSetup/01_MasterDataSetupTool.rst","38","heading","2","使用方法","データ作成方法",""
"ja/development_tools/testing_framework/guide/development_guide/08_TestTools/02_MasterDataSetup/01_MasterDataSetupTool.rst","40","para","0","使用方法 > データ作成方法","","投入したいデータをMASTER_DATA.xlsxに記載する。記載方法は自動テストと同じ。 データ記載方法については、『\ :ref:`how_to_write_setup_table`\ 』を参照。"
"ja/development_tools/testing_framework/guide/development_guide/08_TestTools/02_MasterDataSetup/01_MasterDataSetupTool.rst","44","heading","2","使用方法","実行方法",""
"ja/development_tools/testing_framework/guide/development_guide/08_TestTools/02_MasterDataSetup/01_MasterDataSetupTool.rst","46","para","0","使用方法 > 実行方法","","Antビューから、実行したいターゲットをダブルクリックする。"
"ja/development_tools/testing_framework/guide/development_guide/08_TestTools/02_MasterDataSetup/01_MasterDataSetupTool.rst","49","figure","0","使用方法 > 実行方法","","./_image/build_file_in_view.png"
"ja/development_tools/testing_framework/guide/development_guide/08_TestTools/02_MasterDataSetup/01_MasterDataSetupTool.rst","52","admonition","0","使用方法 > 実行方法","tip",""
"ja/development_tools/testing_framework/guide/development_guide/08_TestTools/02_MasterDataSetup/01_MasterDataSetupTool.rst","53","para","0","使用方法 > 実行方法","","Antビューの設定については、\ :ref:`how_to_setup_ant_view_in_eclipse`\ を参照。"
"ja/development_tools/testing_framework/guide/development_guide/08_TestTools/02_MasterDataSetup/01_MasterDataSetupTool.rst","56","para","0","使用方法 > 実行方法","","ターゲットの詳細は下表を参照。"
"ja/development_tools/testing_framework/guide/development_guide/08_TestTools/02_MasterDataSetup/01_MasterDataSetupTool.rst","58","para","0","使用方法 > 実行方法","","+-----------------+----------------------------------------------------------------------------+ | ターゲット名    | 説明                                               "
"ja/development_tools/testing_framework/guide/development_guide/08_TestTools/02_MasterDataSetup/02_ConfigMasterDataSetupTool.rst","3","heading","1","","マスタデータ投入ツール インストールガイド",""
"ja/development_tools/testing_framework/guide/development_guide/08_TestTools/02_MasterDataSetup/02_ConfigMasterDataSetupTool.rst","5","para","0","マスタデータ投入ツール インストールガイド","",":doc:`index`\ のインストール方法について説明する。"
"ja/development_tools/testing_framework/guide/development_guide/08_TestTools/02_MasterDataSetup/02_ConfigMasterDataSetupTool.rst","10","heading","1","","前提事項",""
"ja/development_tools/testing_framework/guide/development_guide/08_TestTools/02_MasterDataSetup/02_ConfigMasterDataSetupTool.rst","13","para","0","前提事項","","* 以下のツールがインストール済みであること"
"ja/development_tools/testing_framework/guide/development_guide/08_TestTools/02_MasterDataSetup/02_ConfigMasterDataSetupTool.rst","15","para","0","前提事項","","* Eclipse * Maven"
"ja/development_tools/testing_framework/guide/development_guide/08_TestTools/02_MasterDataSetup/02_ConfigMasterDataSetupTool.rst","18","para","0","前提事項","","* :ref:`Nablarchのアーキタイプ <blank_project>` から生成されたプロジェクトであること * テーブルが作成済みであること * バックアップ用スキーマにテーブルが作成済みであること\ [#]_"
"ja/development_tools/testing_framework/guide/development_guide/08_TestTools/02_MasterDataSetup/02_ConfigMasterDataSetupTool.rst","23","para","0","前提事項","","バックアップ用スキーマおよびそのテーブルの作成については、\ 『\ :doc:`../../06_TestFWGuide/04_MasterDataRestore`\ 』の\ :ref:`master_data_backup_settings`\ を参照。"
"ja/development_tools/testing_framework/guide/development_guide/08_TestTools/02_MasterDataSetup/02_ConfigMasterDataSetupTool.rst","29","heading","1","","提供方法",""
"ja/development_tools/testing_framework/guide/development_guide/08_TestTools/02_MasterDataSetup/02_ConfigMasterDataSetupTool.rst","31","para","0","提供方法","","本ツールはnablarch-testing-XXX.jar にて提供する。"
"ja/development_tools/testing_framework/guide/development_guide/08_TestTools/02_MasterDataSetup/02_ConfigMasterDataSetupTool.rst","33","para","0","提供方法","","ツール使用前に、プロジェクトのユニットテストと同じDB設定を使用できるようにするためにプロジェクトのコンパイルと、ツールの実行に必要なjarファイルのダウンロードを行なう。 以下のコマンドを実行する。"
"ja/development_tools/testing_framework/guide/development_guide/08_TestTools/02_MasterDataSetup/02_ConfigMasterDataSetupTool.rst","36","code","0","提供方法","text",""
"ja/development_tools/testing_framework/guide/development_guide/08_TestTools/02_MasterDataSetup/02_ConfigMasterDataSetupTool.rst","38","para","0","提供方法","","mvn compile mvn dependency:copy-dependencies -DoutputDirectory=lib"
"ja/development_tools/testing_framework/guide/development_guide/08_TestTools/02_MasterDataSetup/02_ConfigMasterDataSetupTool.rst","41","para","0","提供方法","","以下のファイルをダウンロードし、プロジェクトのディレクトリ(pom.xmlが存在するディレクトリ）にディレクトリ付きで展開する。"
"ja/development_tools/testing_framework/guide/development_guide/08_TestTools/02_MasterDataSetup/02_ConfigMasterDataSetupTool.rst","43","para","0","提供方法","","* :download:`master-data-setup-tool.zip <download/master-data-setup-tool.zip>`"
"ja/development_tools/testing_framework/guide/development_guide/08_TestTools/02_MasterDataSetup/02_ConfigMasterDataSetupTool.rst","45","para","0","提供方法","","上記ファイルに含まれる設定ファイルを下記に示す。"
"ja/development_tools/testing_framework/guide/development_guide/08_TestTools/02_MasterDataSetup/02_ConfigMasterDataSetupTool.rst","47","table","0","提供方法","","ファイル名 | 説明"
"ja/development_tools/testing_framework/guide/development_guide/08_TestTools/02_MasterDataSetup/02_ConfigMasterDataSetupTool.rst","61","para","0","提供方法","","本ツールを実行する前に以下のコマンドを実行する。"
"ja/development_tools/testing_framework/guide/development_guide/08_TestTools/02_MasterDataSetup/02_ConfigMasterDataSetupTool.rst","63","code","0","提供方法","text",""
"ja/development_tools/testing_framework/guide/development_guide/08_TestTools/02_MasterDataSetup/02_ConfigMasterDataSetupTool.rst","65","para","0","提供方法","","mvn compile mvn dependency:copy-dependencies -DoutputDirectory=lib"
"ja/development_tools/testing_framework/guide/development_guide/08_TestTools/02_MasterDataSetup/02_ConfigMasterDataSetupTool.rst","70","heading","2","提供方法","プロパティファイルの書き換え",""
"ja/development_tools/testing_framework/guide/development_guide/08_TestTools/02_MasterDataSetup/02_ConfigMasterDataSetupTool.rst","72","para","0","提供方法 > プロパティファイルの書き換え","","マスタデータ自動復旧機能が使用する、バックアップスキーマ名を設定する。"
"ja/development_tools/testing_framework/guide/development_guide/08_TestTools/02_MasterDataSetup/02_ConfigMasterDataSetupTool.rst","75","code","0","提供方法 > プロパティファイルの書き換え","bash",""
"ja/development_tools/testing_framework/guide/development_guide/08_TestTools/02_MasterDataSetup/02_ConfigMasterDataSetupTool.rst","77","para","0","提供方法 > プロパティファイルの書き換え","","# テスト用マスタデータバックアップスキーマ名 masterdata.test.backup-schema=nablarch_test_master"
"ja/development_tools/testing_framework/guide/development_guide/08_TestTools/02_MasterDataSetup/02_ConfigMasterDataSetupTool.rst","81","para","0","提供方法 > プロパティファイルの書き換え","","その他の設定値については、ディレクトリ構造が変わらない限り修正の必要はない。"
"ja/development_tools/testing_framework/guide/development_guide/08_TestTools/02_MasterDataSetup/02_ConfigMasterDataSetupTool.rst","86","heading","1","","Eclipseとの連携設定",""
"ja/development_tools/testing_framework/guide/development_guide/08_TestTools/02_MasterDataSetup/02_ConfigMasterDataSetupTool.rst","88","para","0","Eclipseとの連携設定","","以下の設定をすることでEclipseから本ツールを起動できる。"
"ja/development_tools/testing_framework/guide/development_guide/08_TestTools/02_MasterDataSetup/02_ConfigMasterDataSetupTool.rst","92","heading","2","Eclipseとの連携設定","Antビュー起動",""
"ja/development_tools/testing_framework/guide/development_guide/08_TestTools/02_MasterDataSetup/02_ConfigMasterDataSetupTool.rst","94","para","0","Eclipseとの連携設定 > Antビュー起動","","ツールバーから、ウィンドウ(Window)→設定(Show View)を選択し、Antビューを開く。"
"ja/development_tools/testing_framework/guide/development_guide/08_TestTools/02_MasterDataSetup/02_ConfigMasterDataSetupTool.rst","98","figure","0","Eclipseとの連携設定 > Antビュー起動","","./_image/open_ant_view.png"
"ja/development_tools/testing_framework/guide/development_guide/08_TestTools/02_MasterDataSetup/02_ConfigMasterDataSetupTool.rst","103","heading","2","Eclipseとの連携設定","ビルドファイル登録",""
"ja/development_tools/testing_framework/guide/development_guide/08_TestTools/02_MasterDataSetup/02_ConfigMasterDataSetupTool.rst","105","para","0","Eclipseとの連携設定 > ビルドファイル登録","","＋印のアイコンを押下し、ビルドスクリプトを選択する。"
"ja/development_tools/testing_framework/guide/development_guide/08_TestTools/02_MasterDataSetup/02_ConfigMasterDataSetupTool.rst","107","figure","0","Eclipseとの連携設定 > ビルドファイル登録","","./_image/register_build_file.png"
"ja/development_tools/testing_framework/guide/development_guide/08_TestTools/02_MasterDataSetup/02_ConfigMasterDataSetupTool.rst","112","para","0","Eclipseとの連携設定 > ビルドファイル登録","","Antビルドファイル(master_data-build.xml)を選択する。"
"ja/development_tools/testing_framework/guide/development_guide/08_TestTools/02_MasterDataSetup/02_ConfigMasterDataSetupTool.rst","114","figure","0","Eclipseとの連携設定 > ビルドファイル登録","","./_image/select_build_file.png"
"ja/development_tools/testing_framework/guide/development_guide/08_TestTools/02_MasterDataSetup/02_ConfigMasterDataSetupTool.rst","118","para","0","Eclipseとの連携設定 > ビルドファイル登録","","Antビューに登録したビルドファイルが表示されることを確認する。"
"ja/development_tools/testing_framework/guide/development_guide/08_TestTools/02_MasterDataSetup/02_ConfigMasterDataSetupTool.rst","120","figure","0","Eclipseとの連携設定 > ビルドファイル登録","","./_image/build_file_in_view.png"
"ja/development_tools/testing_framework/guide/development_guide/08_TestTools/02_MasterDataSetup/index.rst","3","heading","1","","マスタデータ投入ツール",""
"ja/development_tools/testing_framework/guide/development_guide/08_TestTools/02_MasterDataSetup/index.rst","5","admonition","0","マスタデータ投入ツール","tip",""
"ja/development_tools/testing_framework/guide/development_guide/08_TestTools/02_MasterDataSetup/index.rst","7","para","0","マスタデータ投入ツール","",":ref:`blank_project` を使用してプロジェクトを構築した場合、 データベース関連のツールとして :ref:`gsp-dba-maven-plugin <gsp-maven-plugin>` が設定される。"
"ja/development_tools/testing_framework/guide/development_guide/08_TestTools/02_MasterDataSetup/index.rst","9","para","0","マスタデータ投入ツール","","このため、データベースに対するマスタデータの投入は、本ツールではなく :ref:`gsp-dba-maven-plugin  <gsp-maven-plugin>` の使用を推奨する。"
"ja/development_tools/testing_framework/guide/development_guide/08_TestTools/02_MasterDataSetup/index.rst","11","admonition","0","マスタデータ投入ツール","important",""
"ja/development_tools/testing_framework/guide/development_guide/08_TestTools/02_MasterDataSetup/index.rst","13","para","0","マスタデータ投入ツール","","本ツールは、マルチスレッド機能には対応していない。 マルチスレッド機能のテストは、テスティングフレームワークを使用しないテスト(結合テストなど)で行うこと。"
"ja/development_tools/testing_framework/guide/development_guide/08_TestTools/02_MasterDataSetup/index.rst","16","toctree","0","マスタデータ投入ツール","toctree","./01_MasterDataSetupTool;./02_ConfigMasterDataSetupTool"
"ja/development_tools/testing_framework/guide/development_guide/08_TestTools/03_HtmlCheckTool/index.rst","5","heading","1","","HTMLチェックツール",""
"ja/development_tools/testing_framework/guide/development_guide/08_TestTools/03_HtmlCheckTool/index.rst","7","para","0","HTMLチェックツール","","HTMLチェックツールの目的、仕様、使用方法に関して記述する。"
"ja/development_tools/testing_framework/guide/development_guide/08_TestTools/03_HtmlCheckTool/index.rst","11","heading","1","","目的",""
"ja/development_tools/testing_framework/guide/development_guide/08_TestTools/03_HtmlCheckTool/index.rst","13","para","0","目的","","* 終了タグ忘れ等の構文不正により、想定している画面表示とは異なる画面がユーザに表示されることを防ぐ。 * プロジェクトの規約により禁止されているタグが使用されることを防ぐ。"
"ja/development_tools/testing_framework/guide/development_guide/08_TestTools/03_HtmlCheckTool/index.rst","18","heading","1","","仕様",""
"ja/development_tools/testing_framework/guide/development_guide/08_TestTools/03_HtmlCheckTool/index.rst","20","para","0","仕様","","リクエスト単体テストにて自動生成されたHTMLファイルに対して下記のチェックを行い、不正なHTMLを検出した場合、テスト失敗とする。 本ツールはリクエスト単体テストに標準で組み込まれており、リクエスト単体テスト実行時に本ツールも実行される。"
"ja/development_tools/testing_framework/guide/development_guide/08_TestTools/03_HtmlCheckTool/index.rst","23","para","0","仕様","","* デフォルトでは\ [#]_\ HTML4.01に準拠してHTMLファイルの構文チェックを行う。\ [#]_\ * 開始タグ・終了タグの記述漏れをチェックする。 HTML4.01で省略可能と規定されているタグについても、省略を許可しない。 * 設定ファイル\ [#]_ \に記載されたタグ・属性を使用していないかチェッ"
"ja/development_tools/testing_framework/guide/development_guide/08_TestTools/03_HtmlCheckTool/index.rst","35","para","0","仕様","","デフォルトの設定では、 `W3C公式サイト <https://www.w3.org/TR/html401/>`_ にて非推奨とされているタグ・属性(以下では、「非推奨タグ・属性」と略記する)が設定されている。 設定ファイルをカスタマイズすることにより、使用を禁止するタグ・属性を変更できる。（カスタマイズ方法は :ref"
"ja/development_tools/testing_framework/guide/development_guide/08_TestTools/03_HtmlCheckTool/index.rst","38","admonition","0","仕様","tip",""
"ja/development_tools/testing_framework/guide/development_guide/08_TestTools/03_HtmlCheckTool/index.rst","40","para","0","仕様","","HTMLに直接記述したJavaScriptに「-」が2つ以上連続で現れた場合は、テスト失敗となる。\ テスト失敗となるJavaScript実装例とエラーメッセージを下記に示す。"
"ja/development_tools/testing_framework/guide/development_guide/08_TestTools/03_HtmlCheckTool/index.rst","43","para","0","仕様","","テスト失敗となるJavaScript実装例"
"ja/development_tools/testing_framework/guide/development_guide/08_TestTools/03_HtmlCheckTool/index.rst","45","code","0","仕様","jsp",""
"ja/development_tools/testing_framework/guide/development_guide/08_TestTools/03_HtmlCheckTool/index.rst","47","para","0","仕様","","var message = ""--""   // 文字列で「-」が連続する。 , count = 10; count--;             //  デクリメント演算子で「-」が連続する。"
"ja/development_tools/testing_framework/guide/development_guide/08_TestTools/03_HtmlCheckTool/index.rst","51","para","0","仕様","","エラーメッセージ"
"ja/development_tools/testing_framework/guide/development_guide/08_TestTools/03_HtmlCheckTool/index.rst","53","code","0","仕様","bash",""
"ja/development_tools/testing_framework/guide/development_guide/08_TestTools/03_HtmlCheckTool/index.rst","55","para","0","仕様","","Lexical error at line 965, column 31.  Encountered: ""-"" (45), after : ""--"""
"ja/development_tools/testing_framework/guide/development_guide/08_TestTools/03_HtmlCheckTool/index.rst","57","para","0","仕様","","対応方法"
"ja/development_tools/testing_framework/guide/development_guide/08_TestTools/03_HtmlCheckTool/index.rst","59","para","0","仕様","","JavaScriptをHTML(JSP)に直接記述するのではなく、外部ファイル化して記述するように対応する。"
"ja/development_tools/testing_framework/guide/development_guide/08_TestTools/03_HtmlCheckTool/index.rst","62","para","0","仕様","","【JavaScriptをHTMLに直接記述する場合、「-」（ハイフン）を2つ以上連続して記述しない。】\ を参照。"
"ja/development_tools/testing_framework/guide/development_guide/08_TestTools/03_HtmlCheckTool/index.rst","67","heading","2","仕様","HTML4.01との相違点",""
"ja/development_tools/testing_framework/guide/development_guide/08_TestTools/03_HtmlCheckTool/index.rst","69","para","0","仕様 > HTML4.01との相違点","","現状のウェブアプリケーションでは、クライントサイドで動的にDOMを操作することが一般化しているため、 本ツールではボディが空のタグを許容することとしている。"
"ja/development_tools/testing_framework/guide/development_guide/08_TestTools/03_HtmlCheckTool/index.rst","72","para","0","仕様 > HTML4.01との相違点","","例えば、以下のようなタグはエラーとはならない。"
"ja/development_tools/testing_framework/guide/development_guide/08_TestTools/03_HtmlCheckTool/index.rst","74","code","0","仕様 > HTML4.01との相違点","html",""
"ja/development_tools/testing_framework/guide/development_guide/08_TestTools/03_HtmlCheckTool/index.rst","76","para","0","仕様 > HTML4.01との相違点","","<!-- 空のspanタグ --> <span id=""foo""></span>"
"ja/development_tools/testing_framework/guide/development_guide/08_TestTools/03_HtmlCheckTool/index.rst","79","para","0","仕様 > HTML4.01との相違点","","<!-- optionのないselectタグ --> <select id=""bar""></select>"
"ja/development_tools/testing_framework/guide/development_guide/08_TestTools/03_HtmlCheckTool/index.rst","84","heading","1","","使用方法",""
"ja/development_tools/testing_framework/guide/development_guide/08_TestTools/03_HtmlCheckTool/index.rst","87","heading","2","使用方法","前提条件",""
"ja/development_tools/testing_framework/guide/development_guide/08_TestTools/03_HtmlCheckTool/index.rst","89","para","0","使用方法 > 前提条件","","* リクエスト単体テストを実行可能であること。"
"ja/development_tools/testing_framework/guide/development_guide/08_TestTools/03_HtmlCheckTool/index.rst","94","heading","2","使用方法","使用禁止タグ・属性のカスタマイズ方法",""
"ja/development_tools/testing_framework/guide/development_guide/08_TestTools/03_HtmlCheckTool/index.rst","96","para","0","使用方法 > 使用禁止タグ・属性のカスタマイズ方法","","デフォルトの設定をそのまま使用する場合、プロジェクト開始時に下記に述べる設定変更を行う必要はない。"
"ja/development_tools/testing_framework/guide/development_guide/08_TestTools/03_HtmlCheckTool/index.rst","98","para","0","使用方法 > 使用禁止タグ・属性のカスタマイズ方法","","テストプロジェクトの自動テスト用設定ファイルに禁止するタグ・属性を記述した設定ファイルへのパスが記述されている。 設定ファイルへのパスは、htmlCheckerConfigプロパティに指定するため、設定ファイルを配布時とは異なる場所に配置する場合にはこのプロパティを修正する。"
"ja/development_tools/testing_framework/guide/development_guide/08_TestTools/03_HtmlCheckTool/index.rst","101","code","0","使用方法 > 使用禁止タグ・属性のカスタマイズ方法","xml","<component name=""httpTestConfiguration"" class=""nablarch.test.core.http.HttpTestConfiguration"">
(省略)
<property name=""htmlCheckerConfig"" value=""test/resources/httprequesttest/html-check-config.csv"" />"
"ja/development_tools/testing_framework/guide/development_guide/08_TestTools/03_HtmlCheckTool/index.rst","113","para","0","使用方法 > 使用禁止タグ・属性のカスタマイズ方法","","設定ファイル（htmlCheckerConfigプロパティで指定したファイル）は、下記の記述方法で修正する。"
"ja/development_tools/testing_framework/guide/development_guide/08_TestTools/03_HtmlCheckTool/index.rst","115","para","0","使用方法 > 使用禁止タグ・属性のカスタマイズ方法","","設定ファイルは一行にカンマ区切りでタグ名と属性名を記述する。 一つのタグに複数の属性を設定する場合は、複数行にて記述する。 ::"
"ja/development_tools/testing_framework/guide/development_guide/08_TestTools/03_HtmlCheckTool/index.rst","119","para","0","使用方法 > 使用禁止タグ・属性のカスタマイズ方法","","body,bgcolor body,link body,text table,align table,bgcolor td,bgcolor td,height td,nowrap th,bgcolor th,height th,nowrap tr,bgcolor"
"ja/development_tools/testing_framework/guide/development_guide/08_TestTools/03_HtmlCheckTool/index.rst","132","para","0","使用方法 > 使用禁止タグ・属性のカスタマイズ方法","","また、属性欄を省略すれば、タグ自体の使用を指摘する。 ::"
"ja/development_tools/testing_framework/guide/development_guide/08_TestTools/03_HtmlCheckTool/index.rst","135","para","0","使用方法 > 使用禁止タグ・属性のカスタマイズ方法","","body,"
"ja/development_tools/testing_framework/guide/development_guide/08_TestTools/03_HtmlCheckTool/index.rst","137","para","0","使用方法 > 使用禁止タグ・属性のカスタマイズ方法","","属性欄を省略する際でも、カンマを省略することはできない。"
"ja/development_tools/testing_framework/guide/development_guide/08_TestTools/03_HtmlCheckTool/index.rst","141","heading","2","使用方法","HTMLチェック実行要否の設定方法",""
"ja/development_tools/testing_framework/guide/development_guide/08_TestTools/03_HtmlCheckTool/index.rst","143","para","0","使用方法 > HTMLチェック実行要否の設定方法","","リクエスト単体テスト実行時にHTMLチェックを実施するか否かは、自動テスト用設定ファイルを変更することにより、設定可能である。"
"ja/development_tools/testing_framework/guide/development_guide/08_TestTools/03_HtmlCheckTool/index.rst","145","para","0","使用方法 > HTMLチェック実行要否の設定方法","","checkHtmlプロパティがtrueの場合、HTMLチェックを実施する。falseの場合、実施しない。"
"ja/development_tools/testing_framework/guide/development_guide/08_TestTools/03_HtmlCheckTool/index.rst","147","code","0","使用方法 > HTMLチェック実行要否の設定方法","xml","<component name=""httpTestConfiguration"" class=""nablarch.test.core.http.HttpTestConfiguration"">
(省略)
<property name=""checkHtml"" value=""true"" />"
"ja/development_tools/testing_framework/guide/development_guide/08_TestTools/03_HtmlCheckTool/index.rst","162","heading","2","使用方法","HTMLチェック内容の変更",""
"ja/development_tools/testing_framework/guide/development_guide/08_TestTools/03_HtmlCheckTool/index.rst","164","para","0","使用方法 > HTMLチェック内容の変更","","リクエスト単体テスト実行時に実施するHTMLチェックの内容は、 nablarch.test.core.http.HttpTestConfiguration クラスの htmlChecker プロパティを 変更することで変更できる。"
"ja/development_tools/testing_framework/guide/development_guide/08_TestTools/03_HtmlCheckTool/index.rst","167","para","0","使用方法 > HTMLチェック内容の変更","","例えば <html> タグが必ず初めに始めるシンプルなHTMLチェックを行うクラスは下記のように実装する。"
"ja/development_tools/testing_framework/guide/development_guide/08_TestTools/03_HtmlCheckTool/index.rst","169","code","0","使用方法 > HTMLチェック内容の変更","java","public class SimpleHtmlChecker implements HtmlChecker {
private String encoding;
@Override"
"ja/development_tools/testing_framework/guide/development_guide/08_TestTools/03_HtmlCheckTool/index.rst","209","para","0","使用方法 > HTMLチェック内容の変更","","上記クラスを使用してHTMLチェックを行う場合、下記のように設定すればよい。"
"ja/development_tools/testing_framework/guide/development_guide/08_TestTools/03_HtmlCheckTool/index.rst","211","code","0","使用方法 > HTMLチェック内容の変更","xml","<component name=""httpTestConfiguration""
class=""nablarch.test.core.http.HttpTestConfiguration"">
(省略)"
"ja/development_tools/testing_framework/guide/development_guide/08_TestTools/03_HtmlCheckTool/index.rst","228","heading","2","使用方法","テスト実行時指摘確認方法",""
"ja/development_tools/testing_framework/guide/development_guide/08_TestTools/03_HtmlCheckTool/index.rst","230","para","0","使用方法 > テスト実行時指摘確認方法","","リクエスト単体テスト実行時、自動生成されたHTMLファイルに指摘が存在した場合、該当するテストケースは失敗する。"
"ja/development_tools/testing_framework/guide/development_guide/08_TestTools/03_HtmlCheckTool/index.rst","232","para","0","使用方法 > テスト実行時指摘確認方法","","下記のようにJUnitコンソールに指摘箇所と指摘内容が出力される。"
"ja/development_tools/testing_framework/guide/development_guide/08_TestTools/03_HtmlCheckTool/index.rst","234","figure","0","使用方法 > テスト実行時指摘確認方法","","./_image/how-to-trace-html.png"
"ja/development_tools/testing_framework/guide/development_guide/08_TestTools/03_HtmlCheckTool/index.rst","237","para","0","使用方法 > テスト実行時指摘確認方法","","該当するHTMLの出力元となるJSPを修正し、テストを再実行する。"
