mapping_id,src_section_id,src_type,src_file,src_body_start,src_body_end,heading_path,lines,audience,dest_part,dest_page,dest_section,disposition,note
current-0076,current-0076,current,ja/development_tools/testing_framework/guide/development_guide/05_UnitTestGuide/02_RequestUnitTest/index.rst,1,2,(冒頭),2,user,,,,DROP,内容は「.. _requestUnitTest:」というRST内部アンカーラベルのみで、直後の空行以外に実体的な記述がない。新構成のページ作成時に:refラベルを付与し直せば足りるため対応不要。
current-0077,current-0077,current,ja/development_tools/testing_framework/guide/development_guide/05_UnitTestGuide/02_RequestUnitTest/index.rst,11,37,リクエスト単体テストの実施方法 > テストクラスの書き方,27,user,第3部 テストの実装方法,リクエスト単体テスト（ウェブアプリケーション）,使用方法,MOVE,テストクラスの命名規則（<Action>RequestTest）、パッケージ規則、BasicHttpRequestTestTemplate継承の必須要件とコード例、DbAccessTestSupportを兼ねる旨のtipを記載。ウェブアプリケーションページの「テストクラスを作成する」手順の中核内容。
current-0078,current-0078,current,ja/development_tools/testing_framework/guide/development_guide/05_UnitTestGuide/02_RequestUnitTest/index.rst,41,70,リクエスト単体テストの実施方法 > テストメソッド分割,30,user,第3部 テストの実装方法,リクエスト単体テスト（ウェブアプリケーション）,使用方法,MOVE,正常系/異常系/画面表示検証でテストメソッドを分割する判断基準と分割例の表を記載。「テストメソッドを作成する」手順の一部。
current-0079,current-0079,current,ja/development_tools/testing_framework/guide/development_guide/05_UnitTestGuide/02_RequestUnitTest/index.rst,74,82,リクエスト単体テストの実施方法 > テストデータの書き方 > (L2直下),9,user,第3部 テストの実装方法,リクエスト単体テスト（ウェブアプリケーション）,使用方法,MOVE,Excelファイルの格納規則（テストソースと同じディレクトリ・同じ名前で拡張子のみ異なる）という実体的な規則と、詳細記法は:ref:`how_to_write_excel`（=テストデータの書き方ページ）を参照させる導線の両方を含む。「テストデータを作成する」手順としてMOVEし、テストデータの書き方ページへの参照を維持する。
current-0080,current-0080,current,ja/development_tools/testing_framework/guide/development_guide/05_UnitTestGuide/02_RequestUnitTest/index.rst,85,96,リクエスト単体テストの実施方法 > テストデータの書き方 > テストクラスで共通のデータベース初期値,12,user,第3部 テストの実装方法,テストデータの書き方,使用方法,MOVE,setUpDbシートによるDB初期値投入という記法仕様であり、design.md#4の方針（記法仕様はテストデータの書き方ページに集約）に従いMOVE。クラス単体テストとも共通の記法のため、リクエスト単体テスト固有ページではなくテストデータの書き方ページに寄せる。
current-0081,current-0081,current,ja/development_tools/testing_framework/guide/development_guide/05_UnitTestGuide/02_RequestUnitTest/index.rst,99,193,リクエスト単体テストの実施方法 > テストデータの書き方 > テストケース一覧,95,user,第3部 テストの実装方法,テストデータの書き方,使用方法,MOVE,testShots(LIST_MAP)の全カラム仕様（no/description/context/cookie/queryParams/isValidToken/setUpTable/expectedStatusCode/expectedMessageId/expectedSearch/expectedTable/forwardUri/expectedContentLength等/expectedMessage系）を定義する記法仕様。design.md#4「テストデータの書き方」に集約する方針によりMOVE。95行だが100行未満のためsplit-plan.mdの対象外、本バッチで直接判断。
current-0082,current-0082,current,ja/development_tools/testing_framework/guide/development_guide/05_UnitTestGuide/02_RequestUnitTest/index.rst,196,212,リクエスト単体テストの実施方法 > テストデータの書き方 > ユーザ情報,17,user,第3部 テストの実装方法,テストデータの書き方,使用方法,MOVE,リクエスト送信時のユーザ・HTTPメソッドをLIST_MAPで指定する記法仕様。テストデータの書き方ページの記法仕様に該当。
current-0083,current-0083,current,ja/development_tools/testing_framework/guide/development_guide/05_UnitTestGuide/02_RequestUnitTest/index.rst,215,228,リクエスト単体テストの実施方法 > テストデータの書き方 > Cookie情報,14,user,第3部 テストの実装方法,テストデータの書き方,使用方法,MOVE,Cookie情報をLIST_MAPで指定する記法仕様（任意項目）。テストデータの書き方ページに該当。
current-0084,current-0084,current,ja/development_tools/testing_framework/guide/development_guide/05_UnitTestGuide/02_RequestUnitTest/index.rst,231,243,リクエスト単体テストの実施方法 > テストデータの書き方 > クエリパラメータ情報,13,user,第3部 テストの実装方法,テストデータの書き方,使用方法,MOVE,クエリパラメータをLIST_MAPで指定する記法仕様（任意項目）。テストデータの書き方ページに該当。
current-0085,current-0085,current,ja/development_tools/testing_framework/guide/development_guide/05_UnitTestGuide/02_RequestUnitTest/index.rst,246,304,リクエスト単体テストの実施方法 > テストデータの書き方 > リクエストパラメータ,59,user,第3部 テストの実装方法,テストデータの書き方,使用方法,MOVE,requestParams(LIST_MAP)の記法、testShotsとの行単位対応、複数値のカンマ区切り表現とエスケープ規則を記載。記法仕様のためテストデータの書き方ページへMOVE。本文中の:ref:`http_dump_tool`は「リクエスト単体データ作成ツール」ページへの導線として維持想定。
current-0086,current-0086,current,ja/development_tools/testing_framework/guide/development_guide/05_UnitTestGuide/02_RequestUnitTest/index.rst,307,333,リクエスト単体テストの実施方法 > テストデータの書き方 > 各種期待値,27,user,第3部 テストの実装方法,テストデータの書き方,使用方法,MOVE,期待する検索結果・期待するデータベースの状態をテストケース一覧とID紐付けする記法仕様。テストデータの書き方ページに該当。
current-0087,current-0087,current,ja/development_tools/testing_framework/guide/development_guide/05_UnitTestGuide/02_RequestUnitTest/index.rst,340,381,リクエスト単体テストの実施方法 > テストメソッドの書き方 > スーパクラスについて,42,user,第3部 テストの実装方法,リクエスト単体テスト（ウェブアプリケーション）,使用方法,MOVE,BasicHttpRequestTestTemplateがtestShotsを基に実行する一連の処理（DB初期化、ExecutionContext/HTTPリクエスト生成、before/afterExecuteRequestフック呼出、検証）と、getBaseUri()オーバーライドのコード例。「テストクラスを作成する」「テストメソッドを作成する」手順の前提説明として使用方法にMOVE。Nablarch開発者向けの内部実装解説ではなく、利用者がフックを使うために必要な動作説明のため audience=user。
current-0088,current-0088,current,ja/development_tools/testing_framework/guide/development_guide/05_UnitTestGuide/02_RequestUnitTest/index.rst,384,395,リクエスト単体テストの実施方法 > テストメソッドの書き方 > テストメソッド作成,12,user,第3部 テストの実装方法,リクエスト単体テスト（ウェブアプリケーション）,使用方法,MOVE,準備したテストシートに対応する@Testメソッドを作成する最小例。「テストメソッドを作成する」手順の中核。
current-0089,current-0089,current,ja/development_tools/testing_framework/guide/development_guide/05_UnitTestGuide/02_RequestUnitTest/index.rst,398,652,リクエスト単体テストの実施方法 > テストメソッドの書き方 > スーパクラスのメソッド呼び出し,255,user,第3部 テストの実装方法,リクエスト単体テスト（ウェブアプリケーション）,使用方法,MOVE,255行(>=100)のため mapping/split-plan.md を確認（grep -n '^| current-0089' split-plan.md）。同ファイルの既承認結果は「no split」で、内容はexecute()/execute(Advice)の呼び出し方とAdvice内での各種検証コード例（Entity/SqlRow/リクエストパラメータ検証等）のみであり、全てテストメソッド実装手順（アプリ開発者向け）、設定・拡張の説明はないと判定済み。宛先も第3部 > ウェブアプリケーション > 使用方法（テストメソッドを作成する）とsplit-plan.mdに明記されており、そのまま採用（分割なし・単一行）。
current-0090,current-0090,current,ja/development_tools/testing_framework/guide/development_guide/05_UnitTestGuide/02_RequestUnitTest/index.rst,655,694,リクエスト単体テストの実施方法 > テストメソッドの書き方 > ダウンロードファイルのテスト,40,user,第3部 テストの実装方法,リクエスト単体テスト（ウェブアプリケーション）,使用方法,MOVE,ダウンロードファイルのアサート方法（ダンプファイル命名規則、FileSupport#assertFileのコード例）。「テストメソッドを作成する」手順の一部としてMOVE。
current-0091,current-0091,current,ja/development_tools/testing_framework/guide/development_guide/05_UnitTestGuide/02_RequestUnitTest/index.rst,698,701,リクエスト単体テストの実施方法 > テスト起動方法,4,user,第3部 テストの実装方法,リクエスト単体テスト（ウェブアプリケーション）,使用方法,MOVE,「クラス単体テストと同様、通常のJUnitテストと同じように実行する」という短い記述。「テストを実行する」手順に対応。
current-0092,current-0092,current,ja/development_tools/testing_framework/guide/development_guide/05_UnitTestGuide/02_RequestUnitTest/index.rst,705,716,リクエスト単体テストの実施方法 > テスト結果確認（目視） > (L2直下),12,user,第3部 テストの実装方法,リクエスト単体テスト（ウェブアプリケーション）,使用方法,MOVE,HTMLダンプファイルを目視確認する旨と、自動テストフレームワークがHtmlCheckToolで自動チェックする旨のtip。「テスト結果を確認する」手順に対応。tip中の:doc:`../../08_TestTools/03_HtmlCheckTool/index`は別ファイルの参照で本バッチの対象外だが、宛先ページから見た外部参照として維持想定。
current-0093,current-0093,current,ja/development_tools/testing_framework/guide/development_guide/05_UnitTestGuide/02_RequestUnitTest/index.rst,719,730,リクエスト単体テストの実施方法 > テスト結果確認（目視） > HTMLダンプ出力結果,12,user,第3部 テストの実装方法,リクエスト単体テスト（ウェブアプリケーション）,使用方法,MOVE,HTMLダンプの出力先ディレクトリ（tmp/html_dump）とファイル命名（testShotsのdescription使用）を説明。「テスト結果を確認する」手順の一部。
current-0094,current-0094,current,ja/development_tools/testing_framework/guide/development_guide/05_UnitTestGuide/02_RequestUnitTest/index.rst,734,737,リクエスト単体テストの実施方法 > リクエスト単体テストクラス作成時の注意点 > (L2直下),4,user,第3部 テストの実装方法,リクエスト単体テスト（ウェブアプリケーション）,使用方法,MOVE,「Web Frameworkのハンドラを経由して呼び出される点がクラス単体テストと異なる」という前提の導入文で、後続の2小見出し(095/096)への橋渡し。ページ固有の前提事項としてMOVE。
current-0095,current-0095,current,ja/development_tools/testing_framework/guide/development_guide/05_UnitTestGuide/02_RequestUnitTest/index.rst,740,747,リクエスト単体テストの実施方法 > リクエスト単体テストクラス作成時の注意点 > ThreadContextへの値設定は不要,8,user,第3部 テストの実装方法,リクエスト単体テスト（ウェブアプリケーション）,使用方法,MOVE,ハンドラがThreadContextへの値設定を行うため、テストクラス側での設定が不要である旨の注意点。テストクラス作成時の実装上の注意としてMOVE。
current-0096,current-0096,current,ja/development_tools/testing_framework/guide/development_guide/05_UnitTestGuide/02_RequestUnitTest/index.rst,750,755,リクエスト単体テストの実施方法 > リクエスト単体テストクラス作成時の注意点 > テストクラスでのトランザクション制御は不要,6,user,第3部 テストの実装方法,リクエスト単体テスト（ウェブアプリケーション）,使用方法,MOVE,ハンドラがトランザクション制御を行うため、テストクラス内で明示的なコミットが不要である旨の注意点。テストクラス作成時の実装上の注意としてMOVE。
input-0182,input-0182,input,.rn/20260724-ntf-yaml-support/input/testdata-converter-design.md,2,9,NTF テストデータ変換ツール 設計書 > (L1直下),8,developer,,,,DROP,文書全体の冒頭で「読み込みロジックを本体と共有し解釈をズレさせない」という設計方針そのものを述べた導入文。ツール利用者向けの入出力仕様ではなく、この設計文書自身の構成根拠（内部設計判断）の宣言であり、末尾のntf-testdata-loading.md参照も内部設計資料への案内のため、Nablarch開発者向けとしてDROP。ツールの目的自体はinput-0183でカバーする。
input-0183,input-0183,input,.rn/20260724-ntf-yaml-support/input/testdata-converter-design.md,13,15,NTF テストデータ変換ツール 設計書 > 1. 何を作るか（背景と決定） > 解くべき課題,3,user,第4部 ツール,テストデータ変換ツール,機能概要,MOVE,「ExcelのNTFテストデータをAIエージェントが扱えるYAMLにも対応させるため、両形式を相互変換するツールを作る」という目的説明。テストデータ変換ツールページの機能概要（全体像）に該当する短い導入文としてMOVE。
input-0184,input-0184,input,.rn/20260724-ntf-yaml-support/input/testdata-converter-design.md,17,33,NTF テストデータ変換ツール 設計書 > 1. 何を作るか（背景と決定） > 基準は「形式」ではなく「NTF 仕様上の意味」,17,user,第4部 ツール,テストデータ変換ツール,機能概要,MOVE,中間モデルを介したExcel⇔YAML変換の可逆性を説明。特殊記法は値のまま保持、マーカーカラム・空エントリ・空欄レコード種別は保持、コメント・完全な空行・行末空セルは除去という、変換結果として利用者が期待できる入出力対応を規定。色・書式・結合セル等の意味を持たない情報は可逆性の対象外である旨も含み、機能概要の前提事項に該当するためMOVE。
input-0185,input-0185,input,.rn/20260724-ntf-yaml-support/input/testdata-converter-design.md,35,53,NTF テストデータ変換ツール 設計書 > 1. 何を作るか（背景と決定） > 保持するか捨てるかの判断基準,19,developer,,,,DROP,本体の読み込み4処理（読む・掃除・特殊記法変換・組み立て）の各段を変換ツールが実行するか否かを判断した内部設計表。design.md#8がntf-testdata-loading.mdの内部処理段階（読み込みの4段階等）を対象外とした方針と同種の内部実装詳細であり、利用者は入出力の対応（input-0184でカバー）を知れば足りるためDROP。
input-0186,input-0186,input,.rn/20260724-ntf-yaml-support/input/testdata-converter-design.md,55,61,NTF テストデータ変換ツール 設計書 > 1. 何を作るか（背景と決定） > 制約,7,developer,,,,DROP,既存Excel読み込みの後方互換維持義務、YAML対応・変換ツールの新規開発可否、対象バージョン(v6のみ)、実装完了後の別リポジトリ分割方針という開発時の制約事項。開発プロジェクトの計画情報であり、テスティングフレームワーク利用者には不要のためDROP。
input-0187,input-0187,input,.rn/20260724-ntf-yaml-support/input/testdata-converter-design.md,63,69,NTF テストデータ変換ツール 設計書 > 2. どう作るか（設計判断） > (L2直下),7,developer,,,,DROP,「2. どう作るか」章の導入文（L2直下）。本体と同じ器に行き着けば構造解釈がズレないという内部設計方針と、Excel/YAML経路ごとに判断を示すという章の見取り図を述べる。同章の子セクションの大半（0188、0189、0191〜0193）が内部実装設計としてDROPであり、判断ルール1に従い導入文も同じくDROPとする。
input-0188,input-0188,input,.rn/20260724-ntf-yaml-support/input/testdata-converter-design.md,71,92,NTF テストデータ変換ツール 設計書 > 2. どう作るか（設計判断） > 判断 A：Excel 経路 — アダプタで再利用,22,developer,,,,DROP,Excel経路の再利用方式（BasicTestDataParserの公開APIを避け、空interpretersで配線するアダプタTestCoreReaderAdapter/TestCoreFileAdapterを新設する判断）を説明する内部アーキテクチャ設計。クラス名・パッケージ配置に踏み込む実装詳細のため開発者向けDROP。
input-0189,input-0189,input,.rn/20260724-ntf-yaml-support/input/testdata-converter-design.md,94,104,NTF テストデータ変換ツール 設計書 > 2. どう作るか（設計判断） > 判断 B：YAML 経路 — 本体の構造解釈を再利用（本体器を空インタープリタで取得）,11,developer,,,,DROP,YAML経路の再利用方式（本体のYamlビルダ群を空インタープリタで配線するYamlTestCoreAdapterを新設する判断）を説明する内部アーキテクチャ設計。0188と対称の実装詳細のためDROP。
input-0190,input-0190,input,.rn/20260724-ntf-yaml-support/input/testdata-converter-design.md,106,115,NTF テストデータ変換ツール 設計書 > 2. どう作るか（設計判断） > 特殊記法の扱い：形式に依存するか否かで分ける,10,user,第4部 ツール,テストデータ変換ツール,機能概要,MOVE,NTF独自記法(${systemTime}等)は変換ツールが解決せず記法のまま保持される点、およびYAML出力では数値・null・空白を文字列として保つため全値をダブルクォートで囲む(NTF仕様として確定)という、変換結果として利用者が観測できる入出力仕様。機能概要の前提事項に該当するためMOVE。
input-0191,input-0191,input,.rn/20260724-ntf-yaml-support/input/testdata-converter-design.md,117,128,NTF テストデータ変換ツール 設計書 > 2. どう作るか（設計判断） > 共通：器の中身を読む手段,12,developer,,,,DROP,TableData/DataFile/MessagePool/LIST_MAPそれぞれの内部値をどのAPI・アダプタで読み出すかを列挙した内部実装詳細（TestCoreFileAdapterの相乗り方式等）。利用者向け情報ではないためDROP。
input-0192,input-0192,input,.rn/20260724-ntf-yaml-support/input/testdata-converter-design.md,130,141,NTF テストデータ変換ツール 設計書 > 2. どう作るか（設計判断） > 共通：器が正規化する値の原文復元,12,developer,,,,DROP,器が正規化する値（カラム名大文字化・長さ省略・型表記・LIST_MAP列順）の原文をExcel生行/YamlLoaderのMapから復元する内部処理の詳細。実装上のindex/キー対応の仕組みであり利用者向け情報ではないためDROP。
input-0193,input-0193,input,.rn/20260724-ntf-yaml-support/input/testdata-converter-design.md,143,153,NTF テストデータ変換ツール 設計書 > 2. どう作るか（設計判断） > 重複実装を避ける：ロジックの共通化,11,developer,,,,DROP,マーカー列判定・コメント/空行判定・行末空セル除去といった判定ロジックを本体とユーティリティで共有する開発方針。コード実装の一元化に関する変換ツール内部の設計方針であり、NTF開発者向け内部設計のためDROP（audience=developer。ドキュメント記述同士が重なっているという意味ではない）。
input-0194,input-0194,input,.rn/20260724-ntf-yaml-support/input/testdata-converter-design.md,155,171,NTF テストデータ変換ツール 設計書 > 2. どう作るか（設計判断） > 書き出し（OUT）の整形方針,17,user,第4部 ツール,テストデータ変換ツール,使用方法,MOVE,書き出し方針としてYAML出力は機械可読重視(全値クォート等)、Excel出力は人が編集する前提で装飾・レイアウトを設定可能とする旨、および設定項目（データタイプ識別行等の背景色・列幅・罫線・データブロック間の空行）とデフォルト値の表を記載。利用者が実際に設定できる項目のため使用方法にMOVE。
input-0195,input-0195,input,.rn/20260724-ntf-yaml-support/input/testdata-converter-design.md,173,175,NTF テストデータ変換ツール 設計書 > 3. 構造 > (L2直下),3,developer,,,,DROP,「3. 構造」章の導入文（L2直下）。「中間モデルを介するReader/Writer構成。図に役割を持たせ、文は補足に絞る」という後続図の読み方を示すのみの編集上の注記で、実体的な内容を持たない。同章の子セクション（中間モデル/IN/OUT）は内部クラス図でありDROPのため、判断ルール1に従い導入文も同じくDROPとする。
input-0196,input-0196,input,.rn/20260724-ntf-yaml-support/input/testdata-converter-design.md,177,213,NTF テストデータ変換ツール 設計書 > 3. 構造 > 中間モデル,37,developer,,,,DROP,変換ツール内部の中間モデルのクラス図（TestDataContainer/TestDataSection/TestDataBlock等の継承構造）。読み込み単位とExcelシート/YAMLファイルの対応関係に触れるが、この対応自体はグロッサリ5.9（テストデータファイルの単位）で別途定義済みであり、本セクションの主眼は変換ツール内部のクラス設計のため開発者向けDROP。
input-0197,input-0197,input,.rn/20260724-ntf-yaml-support/input/testdata-converter-design.md,215,271,NTF テストデータ変換ツール 設計書 > 3. 構造 > IN（形式 → 中間モデル）,57,developer,,,,DROP,IN方向（形式→中間モデル）のReader内部アーキテクチャのクラス図（TestCoreReaderAdapter/YamlTestCoreAdapter/TestCoreFileAdapter等のパッケージ相乗り構成）。実装の内部構造説明でありDROP。
input-0198-a,input-0198,input,.rn/20260724-ntf-yaml-support/input/testdata-converter-design.md,273,294,NTF テストデータ変換ツール 設計書 > 3. 構造 > OUT（中間モデル → 形式）,22,developer,,,,DROP,#5c差し戻し対応で3分割。OUT方向（中間モデル→形式）のWriter内部アーキテクチャのmermaidクラス図（TestDataFormatWriter/YamlFormatWriter/XlsFormatWriter/ExcelFormatConfig/YamlTestDataValidatorの実装関係）。クラス設計そのものであり利用者向け情報を含まないため開発者向けDROP。
input-0198-b,input-0198,input,.rn/20260724-ntf-yaml-support/input/testdata-converter-design.md,295,295,NTF テストデータ変換ツール 設計書 > 3. 構造 > OUT（中間モデル → 形式）,1,user,第4部 ツール,テストデータ変換ツール,機能概要,MERGE,#5c差し戻し対応で3分割。YamlTestDataValidator（ValidationErrorと対）はYAML OUT後にスキーマ検証を行うリンターで、不正なYAMLが生成された場合はValidationErrorリストを返す、という説明1文。変換ツールがYAML出力時に不正なYAMLを自動検出するという「何ができるか」に該当する利用者向けの機能情報のためaudience=user。元note「input-0194で既にカバー」は誤り（#5c差し戻し指摘）。input-0194（testdata-converter-design.md 155-171、書き出しの整形方針）を実測すると内容はExcel/YAML整形方針（全値クォート・列幅/罫線/空行等の設定表）のみでスキーマ検証への言及は一切なく、別トピックと確認。テストデータ変換ツールの機能概要へMERGE。
input-0198-c,input-0198,input,.rn/20260724-ntf-yaml-support/input/testdata-converter-design.md,296,298,NTF テストデータ変換ツール 設計書 > 3. 構造 > OUT（中間モデル → 形式）,3,developer,,,,DROP,#5c差し戻し対応で3分割。YamlFormatWriterは記法どおり（全値クォート）、XlsFormatWriterはExcelFormatConfig（2章の整形表）を参照して整形付きで書き出す、という実装クラスの参照関係説明。整形方針自体はinput-0194（書き出しの整形方針、第4部ツール使用方法へMOVE済み）で利用者向けにカバー済みであり、本文は実装クラス名を挙げた内部参照の再掲にとどまり新規の利用者向け情報を追加しないため開発者向けDROP。
input-0199,input-0199,input,.rn/20260724-ntf-yaml-support/input/testdata-converter-design.md,300,326,NTF テストデータ変換ツール 設計書 > 3. 構造 > 利用の入口,27,user,第4部 ツール,テストデータ変換ツール,使用方法,MOVE,利用PJ・Nablarch開発チームとも共通の入口TestDataConverterを使う旨、NTF利用PJはConversionRequest(include/exclude・上書き可否等)とともに呼び出す使い方を説明。実際の呼び出し方を示す使用方法の中核情報のためMOVE。
input-0200,input-0200,input,.rn/20260724-ntf-yaml-support/input/testdata-converter-design.md,328,337,NTF テストデータ変換ツール 設計書 > 4. 品質担保,10,developer,,,,DROP,変換ツール開発時の品質担保4段階（各クラスのユニットテスト、往復変換確認、本体テストのYAML変換、サンプルアプリでの動作確認）という開発プロセス上のテスト戦略。テスティングフレームワーク利用者の操作とは無関係の開発工程情報のためDROP。
input-0201,input-0201,input,.rn/20260724-ntf-yaml-support/input/testdata-converter-design.md,341,349,NTF テストデータ変換ツール 設計書 > 5. 開発とバージョン展開 > 開発とリポジトリ分割の手順,9,developer,,,,DROP,nablarch-testing内での分割開発からレビュー・承認を経て別リポジトリ(nablarch-testing-yaml/nablarch-testing-converter)へ分割するまでの開発手順。開発プロジェクトの内部プロセスのためDROP。
input-0202,input-0202,input,.rn/20260724-ntf-yaml-support/input/testdata-converter-design.md,351,363,NTF テストデータ変換ツール 設計書 > 5. 開発とバージョン展開 > 過去バージョンへの展開,13,developer,,,,DROP,過去バージョン(v5・v1.4〜v1.2)へのYAML対応展開可否の検討結果と、NTF1.1系・1.2.0・v5での読み込み挙動の変遷（空行の扱い、xlsx対応、空文字→null変換）。過去バージョンへの機能移植計画であり、現行フレームワーク利用者向けの情報ではないためDROP。
current-0161,current-0161,current,ja/development_tools/testing_framework/guide/development_guide/06_TestFWGuide/01_Abstract.rst,1,2,(冒頭),2,user,,,,DROP,本文は「.. _auto-test-framework:」というRST内部アンカーラベルと空行のみで、実体的な記述がない。新規ページ作成時に:refラベルを付与し直せば足りるため対応不要。
current-0162,current-0162,current,ja/development_tools/testing_framework/guide/development_guide/06_TestFWGuide/01_Abstract.rst,13,20,自動テストフレームワーク > 特徴 > JUnit4ベース,8,user,第1部 テスティングフレームワークとは,テスティングフレームワークとは,全体像,MOVE,自動テストフレームワークがJUnit4をベースとし、各種annotation・assertメソッド・Matcherクラスを使用する旨と、JUnit5上で動かす場合の参照tipを記載。design.md#2の全体像「JUnitベースであること」の説明に該当するためMOVE。tip先の:ref:`run_ntf_on_junit5_with_vintage_engine`は本ファイル内のcurrent-0178以降が対応。
current-0163,current-0163,current,ja/development_tools/testing_framework/guide/development_guide/06_TestFWGuide/01_Abstract.rst,23,27,自動テストフレームワーク > 特徴 > テストデータの外部化,5,user,第1部 テスティングフレームワークとは,テスティングフレームワークとは,全体像,MOVE,テストデータをExcelファイルに記述できる旨、準備データや期待するテスト結果をAPI経由で使用できる旨を説明。design.md#2の「テストデータを外部ファイル化する意味」に該当する概念説明のためMOVE。2026-08-05 #8フィードバック（「テストデータ、この記載必要ですか？外部化は特徴へ」）を受けて再判定: 独立した「テストデータ」節を廃止し、外部化の事実は「特徴」2点目（テストコードは定型・少量で済む）の前提として統合するため、dest_sectionをテストデータから全体像へ変更（design.md §2改訂）。
current-0164,current-0164,current,ja/development_tools/testing_framework/guide/development_guide/06_TestFWGuide/01_Abstract.rst,30,135,自動テストフレームワーク > 特徴 > Nablarchに特化したテスト補助機能を提供,106,user,第1部 テスティングフレームワークとは,テスティングフレームワークとは,全体像,MOVE,実際に描画される文章は冒頭の1文「トランザクション制御やシステム日付設定など、Nablarchアプリケーションに特化したAPIを用意する。」のみで、残り（未実装/未検討/取り下げの各項目）はすべて「.. 」で始まるRSTコメントであり解説書には出力されない旧要求管理メモ。生きた内容が1文しかないため分割の余地がなく、split-plan.mdでも同様に判定済み。第1部 全体像（NTFの位置づけ・提供機能）にMOVE。
current-0165,current-0165,current,ja/development_tools/testing_framework/guide/development_guide/06_TestFWGuide/01_Abstract.rst,139,166,自動テストフレームワーク > 自動テストフレームワークの構成,28,user,第1部 テスティングフレームワークとは,テスティングフレームワークとは,アーキテクチャ,MOVE,自動テストフレームワークの構成図と、テストクラス・テスト対象クラス・Excelファイル・コンポーネント設定ファイル/環境設定ファイル・自動テストフレームワーク本体・Nablarch Application Frameworkの役割と作成者を示す表。design.md#2のアーキテクチャ「自動テストフレームワークの構成」に直接該当するためMOVE。
current-0166,current-0166,current,ja/development_tools/testing_framework/guide/development_guide/06_TestFWGuide/01_Abstract.rst,170,194,自動テストフレームワーク > テストメソッド記述方法,25,user,第1部 テスティングフレームワークとは,テスティングフレームワークとは,全体像,MOVE,JUnit4のannotationを使用してテストメソッドを作成する基本（@Testアノテーション付与のコード例）と、@Before/@Afterの利用および参照tipを記載。特定の処理方式に依存しないJUnitベースの基本的な書き方であり、design.md#2の全体像「JUnitベースであること」の具体的な現れとしてMOVE。処理方式ごとの「テストメソッドを作成する」手順は各処理方式ページで別途扱うため、ここでは総論に留める。tip先の:ref:`using_junit_annotation`は本ファイル範囲外で対応関係は未確認。
current-0167,current-0167,current,ja/development_tools/testing_framework/guide/development_guide/06_TestFWGuide/01_Abstract.rst,198,202,自動テストフレームワーク > Excelによるテストデータ記述 > (L2直下),5,user,第3部 テストの実装方法,テストデータの書き方,テストデータの構造,MOVE,「Excelによるテストデータ記述」の導入文（L2直下）で、Javaソースコードよりスプレッドシートのほうが可読性・編集のしやすさで有利という記述理由を説明。判断ルール1により、後続の命名規約以下の子セクション（0168〜0174）と同じテストデータの書き方ページにMOVE。
current-0168,current-0168,current,ja/development_tools/testing_framework/guide/development_guide/06_TestFWGuide/01_Abstract.rst,205,255,自動テストフレームワーク > Excelによるテストデータ記述 > 命名規約,51,user,第3部 テストの実装方法,テストデータの書き方,テストデータの構造,MOVE,Excelファイル名・配置パス（テストソースと同名・同ディレクトリ）とExcelシート名（テストメソッド名と同名）の命名規約を規定する記法仕様。判断ルール2により、処理方式非依存のExcel記法としてテストデータの書き方ページにMOVE。
current-0169,current-0169,current,ja/development_tools/testing_framework/guide/development_guide/06_TestFWGuide/01_Abstract.rst,258,325,自動テストフレームワーク > Excelによるテストデータ記述 > シート内の構造,68,user,第3部 テストの実装方法,テストデータの書き方,テストデータの構造,MOVE,シート内のデータタイプ（SETUP_TABLE/EXPECTED_TABLE/EXPECTED_COMPLETE_TABLE/LIST_MAP/SETUP_FIXED/EXPECTED_FIXED/SETUP_VARIABLE/EXPECTED_VARIABLE/MESSAGE/EXPECTED_REQUEST_HEADER_MESSAGES等）の一覧表と「データタイプ=値」の共通書式を定義する記法仕様。テストデータの書き方ページの中核的内容としてMOVE。
current-0170,current-0170,current,ja/development_tools/testing_framework/guide/development_guide/06_TestFWGuide/01_Abstract.rst,328,347,自動テストフレームワーク > Excelによるテストデータ記述 > コメント,20,user,第3部 テストの実装方法,テストデータの書き方,使用方法,MOVE,セル内の「//」から始まる文字列をコメントとして扱い、そのセルから右を読み込み対象外にする記法を説明。データ記述の可読性向上のための記法仕様のためMOVE。
current-0171,current-0171,current,ja/development_tools/testing_framework/guide/development_guide/06_TestFWGuide/01_Abstract.rst,350,390,自動テストフレームワーク > Excelによるテストデータ記述 > マーカーカラム,41,user,第3部 テストの実装方法,テストデータの書き方,使用方法,MOVE,カラム名を半角角括弧で囲むと「マーカーカラム」として読み込み対象外になる記法を説明。glossary.md 5.8のマーカーカラムの出典箇所そのもの。記法仕様のためMOVE。
current-0172,current-0172,current,ja/development_tools/testing_framework/guide/development_guide/06_TestFWGuide/01_Abstract.rst,393,402,自動テストフレームワーク > Excelによるテストデータ記述 > セルの書式,10,user,第3部 テストの実装方法,テストデータの書き方,テストデータの構造,MOVE,Excelセルの書式は文字列のみを使用しなければならない旨と、罫線・色付けは任意である旨のimportant/注意を記載。テストデータ記述時の前提となる記法仕様のためMOVE。
current-0173,current-0173,current,ja/development_tools/testing_framework/guide/development_guide/06_TestFWGuide/01_Abstract.rst,405,445,自動テストフレームワーク > Excelによるテストデータ記述 > 日付の記述方法,41,user,第3部 テストの実装方法,テストデータの書き方,使用方法,MOVE,日付の記述形式（yyyyMMddHHmmssSSS等）と、時刻・ミリ秒省略時の扱い、記述例と評価結果の対応表を記載。記法仕様のためMOVE。
current-0174,current-0174,current,ja/development_tools/testing_framework/guide/development_guide/06_TestFWGuide/01_Abstract.rst,448,580,自動テストフレームワーク > Excelによるテストデータ記述 > セルへの特殊な記述方法,133,user,第3部 テストの実装方法,テストデータの書き方,使用方法,MOVE,"133行(>=100)のためsplit-plan.mdを確認（grep -n '^| current-0174' split-plan.md）。同ファイルの既承認結果は「no split」で、セルにnull・ダブルクォート囲み文字列・${systemTime}・${updateTime}・${setUpTime}・${文字種,文字数}・改行コード(\r\n)などを記述したときの解釈規則の一覧表と例のみで設定ファイルの記述は含まないと判定済み。glossary.md 5.8の特殊記法の出典箇所そのもの。宛先も第3部テストデータの書き方（記法の仕様）とsplit-plan.mdに明記されており、そのまま採用（分割なし・単一行）。"
current-0175,current-0175,current,ja/development_tools/testing_framework/guide/development_guide/06_TestFWGuide/01_Abstract.rst,587,612,自動テストフレームワーク > 注意事項 > テストメソッドの実行順序に依存しないテストを作成する,26,user,第3部 テストの実装方法,テストデータの書き方,テストデータの構造,MOVE,本フレームワークはテスト中にコミットが行われるため前後のテストでDB内容が変わる可能性がある旨、自テストクラスで必要な事前条件は全て自テストクラス内で準備すべき旨を説明。マスタデータのような読み取り専用データは共通Excelファイルで再利用する手法にも触れる。design.md#2のテストデータ「セットアップデータと期待値の考え方」に関する説明としてMOVE。tip中のマスタデータ投入ツール・マスタデータ復旧機能への参照は第2部・第4部の該当ページへの導線として維持想定。2026-08-05 #8フィードバック（「独立性はテストデータのページに書くことでは？全体像の話しではないよね」）を受けて再判定: 「これは何か」に答える第1部の概念ページではなく「どう書くべきか」という実装上の注意事項であるため、input-0002/input-0116と同じ理由でdest_part/dest_page/dest_sectionを第1部テスティングフレームワークとは/テストデータから第3部テストの実装方法/テストデータの書き方/使用方法へ変更（design.md §2改訂）。マスタデータ投入ツール（第4部に確定ページあり）・マスタデータ復旧機能（第2部に確定ページあり）とも、現行解説書・input資料に非推奨の記録は無いことを確認済み。
current-0176,current-0176,current,ja/development_tools/testing_framework/guide/development_guide/06_TestFWGuide/01_Abstract.rst,615,624,自動テストフレームワーク > 注意事項 > テストデータは全てExcelシートに記述する,10,user,第1部 テスティングフレームワークとは,テスティングフレームワークとは,全体像,MOVE,テストソースコードとExcelにテストデータが混在すると可読性・保守性が低下するため、テストデータは全てExcelシートに記述すべき旨とその利点（バリエーションの把握・役割分担・重複削減）を説明。design.md#2のテストデータ「テストデータを外部ファイル化する意味」に直接該当する概念説明のためMOVE。2026-08-05 #8フィードバック（「テストデータ、この記載必要ですか？外部化は特徴へ」）を受けて再判定: 独立した「テストデータ」節を廃止し、外部化の利点は「特徴」2点目の前提として統合するため、dest_sectionをテストデータから全体像へ変更（design.md §2改訂）。
current-0177,current-0177,current,ja/development_tools/testing_framework/guide/development_guide/06_TestFWGuide/01_Abstract.rst,627,664,自動テストフレームワーク > 注意事項 > 複数のデータタイプ使用時はデータタイプごとにまとめてデータを記述する,38,user,第3部 テストの実装方法,テストデータの書き方,テストデータの構造,MOVE,複数のデータタイプを使用する場合はデータタイプごとにまとめて記述する必要がある旨と、混在させた場合に読み込みが途中終了し誤りが検出されないままテストが成功してしまう事例をコード例で説明。データ記述順序に関する記法仕様のため判断ルール2によりテストデータの書き方ページへMOVE。
current-0178,current-0178,current,ja/development_tools/testing_framework/guide/development_guide/06_TestFWGuide/01_Abstract.rst,671,688,自動テストフレームワーク > JUnit 5で自動テストフレームワークを動かす > JUnit Vintage,18,user,第2部 導入と設定,JUnit 5用拡張機能,機能概要,MOVE,JUnit VintageがJUnit5上でJUnit4テストを実行可能にするプロジェクトである旨、あくまでJUnit4のテストとして動作するに過ぎずJUnit5の機能が使えるわけではない旨のimportant、JUnit5のテストで自動テストフレームワークを使う方法は別途:ref:`ntf_junit5_extension`を参照する旨のtipを記載。JUnit 5用拡張機能ページの前提となる背景説明として機能概要にMOVE。
current-0179,current-0179,current,ja/development_tools/testing_framework/guide/development_guide/06_TestFWGuide/01_Abstract.rst,691,695,自動テストフレームワーク > JUnit 5で自動テストフレームワークを動かす > 前提条件,5,user,第2部 導入と設定,JUnit 5用拡張機能,機能概要,MOVE,JUnit5を使用するにはmaven-surefire-pluginが2.22.0以上である必要がある旨の前提条件。design.mdの機能概要「前提事項」に該当するためMOVE。
current-0180,current-0180,current,ja/development_tools/testing_framework/guide/development_guide/06_TestFWGuide/01_Abstract.rst,698,739,自動テストフレームワーク > JUnit 5で自動テストフレームワークを動かす > 依存関係の追加,42,user,第2部 導入と設定,JUnit 5用拡張機能,使用方法,MOVE,JUnit Vintageを有効にするためpom.xmlにjunit-jupiter/junit-vintage-engineの2アーティファクトを依存関係に追加する手順と、dependencyManagement込みのpom.xml記述例を記載。#6でdesign.md §2「モジュール一覧の集約」に従い第1部稼動環境へ一時的にMOVEしていたが、2026-08-05 ユーザーフィードバック「詳細は参照なので、依存関係の生データは全体像ページに不要では？リンク先に書くべきでは」を受けて元のJUnit 5用拡張機能ページ使用方法へ差し戻した（design.md §2改訂）。
current-0214,current-0214,current,ja/development_tools/testing_framework/guide/development_guide/06_TestFWGuide/03_Tips.rst,5,27,目的別API使用方法 > (L1直下),23,user,,,,DROP,「目的別API使用方法」ファイル全体の扉部分（L1直下）。1文の趣旨説明と、ファイル内全16項目（本バッチ範囲外の項目を含む）への:ref:リンク列挙のみで、実体的な解説内容を持たない。design.md#6により「〜したい」形式の見出し自体を廃止し個々の項目は各項目単位でMERGEするため、このTOCを移す先の単一ページが存在しない。rule3（アンカーラベルのみのDROP）に準ずる判断として、各tip項目は個別に別行でMERGE済みであることを前提にDROPする。特別ルールの「必ずMERGE」の原則から外れる判断のため要確認。
current-0215,current-0215,current,ja/development_tools/testing_framework/guide/development_guide/06_TestFWGuide/03_Tips.rst,31,47,目的別API使用方法 > Excelファイルから、入力パラメータや戻り値に対する期待値などを取得したい > (L2直下),17,user,第3部 テストの実装方法,テストデータの書き方,使用方法,MERGE,"Excel上でList-Map形式（List<Map<String,String>>）のデータを取得するためのLIST_MAPデータタイプの記法（2行目をKey、3行目以降をValueと解釈する規則）と、TestSupport#getListMap/DbAccessTestSupport#getListMapという取得APIの存在を説明。記法仕様が主眼のためテストデータの書き方ページの使用方法へMERGE。"
current-0216,current-0216,current,ja/development_tools/testing_framework/guide/development_guide/06_TestFWGuide/03_Tips.rst,50,75,目的別API使用方法 > Excelファイルから、入力パラメータや戻り値に対する期待値などを取得したい > テストソースコード実装例,26,user,第3部 テストの実装方法,コンポーネント単体テスト,使用方法,MERGE,EmployeeComponentTest（DbAccessTestSupportを継承）がgetListMapで引数・期待値を取得し、テスト対象メソッドを起動して結果を検証するテストソースコード実装例。DBアクセスを伴うコンポーネント単体テストの典型的な書き方であるためコンポーネント単体テストページの使用方法へMERGE。
current-0217,current-0217,current,ja/development_tools/testing_framework/guide/development_guide/06_TestFWGuide/03_Tips.rst,78,105,目的別API使用方法 > Excelファイルから、入力パラメータや戻り値に対する期待値などを取得したい > Excelファイル記述例,28,user,第3部 テストの実装方法,テストデータの書き方,使用方法,MERGE,"current-0215のLIST_MAP記法の具体例。Excelのテーブル形式での記述と、それが解釈された結果のJavaのList<Map<String,String>>オブジェクトを対比して示す。記法がどう解釈されるかを示す純粋な記述例のためテストデータの書き方ページの使用方法へMERGE。"
current-0218,current-0218,current,ja/development_tools/testing_framework/guide/development_guide/06_TestFWGuide/03_Tips.rst,109,114,目的別API使用方法 > 同じテストメソッドをテストデータを変えて実行したい > (L2直下),6,user,第3部 テストの実装方法,コンポーネント単体テスト,使用方法,MERGE,同一テストメソッドに対し、前述のList-Map取得メソッドを使ってExcelデータを追加するだけでバリエーションを増やせるというテスト技法の説明（L2直下）。特定のデータ記法ではなくコンポーネント単体テストの書き方の技法説明のためコンポーネント単体テストページの使用方法へMERGE。
current-0219,current-0219,current,ja/development_tools/testing_framework/guide/development_guide/06_TestFWGuide/03_Tips.rst,117,144,目的別API使用方法 > 同じテストメソッドをテストデータを変えて実行したい > テストソースコード実装例,28,user,第3部 テストの実装方法,コンポーネント単体テスト,使用方法,MERGE,setUpDb〜getListMapのループでパラメータ一覧を取得し、for文で複数ケースを1メソッドでテストするテストソースコード実装例。current-0218の技法の具体的コード例のため同じくコンポーネント単体テストページの使用方法へMERGE。
current-0220,current-0220,current,ja/development_tools/testing_framework/guide/development_guide/06_TestFWGuide/03_Tips.rst,147,201,目的別API使用方法 > 同じテストメソッドをテストデータを変えて実行したい > Excelファイル記述例,55,user,第3部 テストの実装方法,コンポーネント単体テスト,使用方法,MERGE,ループ対象のLIST_MAPデータ、DB準備データ(SETUP_TABLE)、複数件の期待値(LIST_MAP)のExcel記述例に加え、「更新系テストではループ内でsetUpDbを呼ぶ必要がある（呼ばないと結果がデータ順序に依存する）」という技法固有の重要な注意点(important)を含む。単なる記法説明ではなく技法の挙動説明を伴うため、テストデータの書き方ページではなくcurrent-0218/0219と同じコンポーネント単体テストページの使用方法へMERGE。
current-0221,current-0221,current,ja/development_tools/testing_framework/guide/development_guide/06_TestFWGuide/03_Tips.rst,205,228,目的別API使用方法 > 一つのシートに複数テストケースのデータを記載したい > (L2直下),24,user,第3部 テストの実装方法,テストデータの書き方,テストデータの構造,MERGE,1シートに複数テストケースを混在させるためのグループID記法（データタイプ[グループID]=テーブル名）の説明（L2直下）。対応データタイプはEXPECTED_TABLE/SETUP_TABLEの2つ。純粋な記法仕様のためテストデータの書き方ページの使用方法へMERGE。
current-0222,current-0222,current,ja/development_tools/testing_framework/guide/development_guide/06_TestFWGuide/03_Tips.rst,231,242,目的別API使用方法 > 一つのシートに複数テストケースのデータを記載したい > テストソースコード実装例,12,user,第3部 テストの実装方法,コンポーネント単体テスト,使用方法,MERGE,setUpDb/assertTableEqualsにグループID引数を渡すテストソースコード実装例。current-0221のグループID記法をテストコードから使う手順のためコンポーネント単体テストページの使用方法へMERGE。
current-0223,current-0223,current,ja/development_tools/testing_framework/guide/development_guide/06_TestFWGuide/03_Tips.rst,245,292,目的別API使用方法 > 一つのシートに複数テストケースのデータを記載したい > Excelファイル記述例,48,user,第3部 テストの実装方法,テストデータの書き方,テストデータの構造,MERGE,SETUP_TABLE[case_001]/EXPECTED_TABLE[case_001]、[case_002]によるグループID記法の具体的なExcel記述例。current-0221の記法をそのまま例示するのみで技法上の注意は含まないためテストデータの書き方ページの使用方法へMERGE。
current-0224,current-0224,current,ja/development_tools/testing_framework/guide/development_guide/06_TestFWGuide/03_Tips.rst,295,300,目的別API使用方法 > 一つのシートに複数テストケースのデータを記載したい > 注意事項,6,user,第3部 テストの実装方法,テストデータの書き方,テストデータの構造,MERGE,複数のグループIDのデータはグループIDごとにまとめて記述しないと読み込みが途中終了しテストが正しく実行されないという注意事項。batch-03のcurrent-0177（データタイプごとにまとめて記述する注意）と同種のデータ記述順序に関する記法制約のためテストデータの書き方ページの使用方法へMERGE。
current-0225,current-0225,current,ja/development_tools/testing_framework/guide/development_guide/06_TestFWGuide/03_Tips.rst,304,309,目的別API使用方法 > システム日時を任意の値に固定したい > (L2直下),6,user,第2部 導入と設定,共通設定,使用方法,MERGE,システム日付に依存したテストが実行日によって結果が変わってしまう課題と、SystemTimeProviderの実装差し替えにより固定日時を返せる機能の説明（L2直下）。design.md#3「共通設定」ページの記載内容『日時固定』に該当するため共通設定ページの使用方法へMERGE。
current-0226,current-0226,current,ja/development_tools/testing_framework/guide/development_guide/06_TestFWGuide/03_Tips.rst,312,342,目的別API使用方法 > システム日時を任意の値に固定したい > 設定ファイル例,31,user,第2部 導入と設定,共通設定,使用方法,MERGE,コンポーネント設定ファイルでFixedSystemTimeProviderのfixedDateプロパティに固定日時を設定する記述例（XML）と、SystemTimeProviderからDateを取得するコード例。日時固定機能の設定方法そのもののため共通設定ページの使用方法へMERGE。
current-0227,current-0227,current,ja/development_tools/testing_framework/guide/development_guide/06_TestFWGuide/03_Tips.rst,346,356,目的別API使用方法 > シーケンスオブジェクトを使った採番のテストをしたい > (L2直下),11,user,第2部 導入と設定,共通設定,使用方法,MERGE,シーケンスオブジェクトによる採番は次の採番値を事前に予測できず期待値を設定できないという課題と、設定ファイルの変更のみでテーブル採番に置き換えてテスト可能にする機能の説明（L2直下）、準備データ投入→期待値設定という手順の概要。design.md#3「共通設定」ページの記載内容『採番』に該当するため共通設定ページの使用方法へMERGE。
current-0228,current-0228,current,ja/development_tools/testing_framework/guide/development_guide/06_TestFWGuide/03_Tips.rst,359,388,目的別API使用方法 > シーケンスオブジェクトを使った採番のテストをしたい > 設定ファイルの例,30,user,第2部 導入と設定,共通設定,使用方法,MERGE,本番用のOracleSequenceIdGenerator設定をテスト用のFastTableIdGenerator設定に置き換えるコンポーネント設定ファイルの記述例（XML）2種と参照tip。採番機能の設定方法そのもののため共通設定ページの使用方法へMERGE。
current-0229,current-0229,current,ja/development_tools/testing_framework/guide/development_guide/06_TestFWGuide/03_Tips.rst,391,433,目的別API使用方法 > シーケンスオブジェクトを使った採番のテストをしたい > Excelファイル記述例,43,user,第3部 テストの実装方法,テストデータの記載例,使用方法,MERGE,採番対象テーブル(TEST_SBN_TBL)への準備データ・期待値のSETUP_TABLE/EXPECTED_TABLE記述例と、採番結果が反映されるUSER_INFOの期待値、および「準備データの値+1が期待値になる」という採番機能固有の挙動を説明するtipを含む。単なるテーブル記法ではなく採番機能の挙動説明を伴うため、テストデータの書き方ページではなくcurrent-0227/0228と同じ共通設定ページの使用方法へMERGE。 [3観点レビュー対応] dest_partを第2部共通設定から第3部テストデータの記載例へ修正。実体はSETUP_TABLE=TEST_SBN_TBL等の具体的なExcelデータ値を伴う記述例そのものであり、design.md§3記載範囲表が第2部に「記載しない」と明記する「テストデータの記述例」に該当するため。採番機能の設定説明（current-0227/0228、XML設定例）はPart2共通設定に残す。
current-0230,current-0230,current,ja/development_tools/testing_framework/guide/development_guide/06_TestFWGuide/03_Tips.rst,437,452,目的別API使用方法 > ThreadContextにユーザID、リクエストIDなどを設定したい > (L2直下),16,user,第3部 テストの実装方法,コンポーネント単体テスト,使用方法,MERGE,データベースアクセスクラスの単体テストではフレームワークのハンドラを経由せずテスト対象クラスを直接起動するためThreadContextに値が未設定になる旨と、TestSupport#setThreadContextValues/DbAccessTestSupport#setThreadContextValuesでExcelから値を設定できる旨、自動設定項目使用時はユーザID・リクエストIDの設定が必要という tip（L2直下）。フレームワークを経由しない直接起動というコンポーネント単体テストの性質そのものの説明のためコンポーネント単体テストページの使用方法へMERGE。
current-0231,current-0231,current,ja/development_tools/testing_framework/guide/development_guide/06_TestFWGuide/03_Tips.rst,455,468,目的別API使用方法 > ThreadContextにユーザID、リクエストIDなどを設定したい > テストソースコード実装例,14,user,第3部 テストの実装方法,コンポーネント単体テスト,使用方法,MERGE,DbAccessTestSampleでsetThreadContextValuesを呼び出してからテスト対象を起動するテストソースコード実装例。current-0230の手順の具体例のため同じくコンポーネント単体テストページの使用方法へMERGE。
current-0232,current-0232,current,ja/development_tools/testing_framework/guide/development_guide/06_TestFWGuide/03_Tips.rst,471,487,目的別API使用方法 > ThreadContextにユーザID、リクエストIDなどを設定したい > テストデータ記述例,17,user,第3部 テストの実装方法,テストデータの書き方,使用方法,MERGE,ThreadContextに設定するUSER_ID/REQUEST_ID/LANGをLIST_MAPで記述するExcelの記述例。技法説明を伴わない純粋なLIST_MAP記法の具体例のためテストデータの書き方ページの使用方法へMERGE。
current-0135,current-0135,current,ja/development_tools/testing_framework/guide/development_guide/05_UnitTestGuide/03_DealUnitTest/delayed_receive.rst,4,7,取引単体テストの実施方法（応答不要メッセージ受信処理）,4,user,第3部 テストの実装方法,取引単体テスト（MOMによるメッセージング）,使用方法,REFERENCE,応答不要メッセージ受信処理の取引単体テストの実施方法は同期応答メッセージ受信処理と同じである旨と、詳細は同ディレクトリのreal.rst（同期応答メッセージ受信処理）を参照させる導線のみの短い節。実体的な手順の記述はなく参照のみのためREFERENCEとし、宛先は同フォルダ配下(03_DealUnitTest)の既存割当実績に合わせ取引単体テスト（MOMによるメッセージング）とした。
current-0233,current-0233,current,ja/development_tools/testing_framework/guide/development_guide/06_TestFWGuide/03_Tips.rst,491,496,目的別API使用方法 > 任意のディレクトリのExcelファイルを読み込みたい > (L2直下),6,user,第3部 テストの実装方法,コンポーネント単体テスト,使用方法,MERGE,テストソースコードと同じディレクトリ以外にあるExcelファイルを、TestDataParser実装クラスを直接使用して読み込む方法の説明（L2直下）。TestSupport経由でなくAPIを直接操作する点でcurrent-0230（ThreadContext設定）と同種の技法であり本来処理方式非依存だが、単一の帰属先を選ぶ必要がありコンポーネント単体テストページの使用方法へMERGE。処理方式非依存のためあいまいさが残る（要確認）。
current-0234,current-0234,current,ja/development_tools/testing_framework/guide/development_guide/06_TestFWGuide/03_Tips.rst,499,507,目的別API使用方法 > 任意のディレクトリのExcelファイルを読み込みたい > テストソースコード実装例,9,user,第3部 テストの実装方法,コンポーネント単体テスト,使用方法,MERGE,current-0233のTestDataParser直接使用の具体的なJavaコード実装例（SystemRepositoryからtestDataParserを取得しgetListMapを呼び出す）。current-0233と同じ判断でコンポーネント単体テストページの使用方法へMERGE。
current-0235,current-0235,current,ja/development_tools/testing_framework/guide/development_guide/06_TestFWGuide/03_Tips.rst,511,514,目的別API使用方法 > テスト実行前後に共通処理を行いたい。 > (L2直下),4,user,第3部 テストの実装方法,コンポーネント単体テスト,使用方法,MERGE,JUnit4の@Before/@After/@BeforeClass/@AfterClassアノテーションでテスト前後の共通処理を実行できるという説明（L2直下）。特定の処理方式に依存しない一般的なJUnit知識だが、周辺のtips項目がDbAccessTestSupport中心であることを踏まえコンポーネント単体テストページの使用方法へMERGE。処理方式非依存のためあいまいさが残る（要確認）。
current-0236,current-0236,current,ja/development_tools/testing_framework/guide/development_guide/06_TestFWGuide/03_Tips.rst,517,553,目的別API使用方法 > テスト実行前後に共通処理を行いたい。 > 注意事項,37,user,第3部 テストの実装方法,コンポーネント単体テスト,使用方法,MERGE,@BeforeClass/@AfterClassをサブクラスで同名メソッド・同種アノテーションで上書きするとスーパークラスのメソッドが起動されなくなるという注意点と、TestSuper/TestSubによるコード例。current-0235と同じJUnitアノテーション技法の注意事項のため同じくコンポーネント単体テストページの使用方法へMERGE。
current-0237,current-0237,current,ja/development_tools/testing_framework/guide/development_guide/06_TestFWGuide/03_Tips.rst,557,570,目的別API使用方法 > デフォルト以外のトランザクションを使用したい,14,user,第3部 テストの実装方法,コンポーネント単体テスト,使用方法,MERGE,"データベースアクセスクラスの単体テストではテストクラス側でトランザクション制御が必要であり、DbAccessTestSupportを継承することでテスティングフレームワークが自動的にトランザクション制御を行うという説明。02_DbAccessTest.rstの「主なクラス,リソース」表から:ref:`using_transactions`として参照されるDbAccessTestSupport固有の機能のためコンポーネント単体テストページの使用方法へMERGE。"
current-0238,current-0238,current,ja/development_tools/testing_framework/guide/development_guide/06_TestFWGuide/03_Tips.rst,574,580,目的別API使用方法 > 本フレームワークのクラスを継承せずに使用したい > (L2直下),7,user,第3部 テストの実装方法,コンポーネント単体テスト,使用方法,MERGE,別クラスの継承等の理由で本フレームワークのスーパークラスを継承できない場合、スーパークラスをインスタンス化し処理を委譲することで代替できるという説明（L2直下）。委譲先の具体例がDbAccessTestSupport（コンポーネント単体テスト用サポートクラス）であるためコンポーネント単体テストページの使用方法へMERGE。
current-0239,current-0239,current,ja/development_tools/testing_framework/guide/development_guide/06_TestFWGuide/03_Tips.rst,583,618,目的別API使用方法 > 本フレームワークのクラスを継承せずに使用したい > テストソースコード実装例,36,user,第3部 テストの実装方法,コンポーネント単体テスト,使用方法,MERGE,AnotherSuperClassを継承したSampleTestがDbAccessTestSupportをフィールドに保持し、@Before/@AfterでbeginTransactions/endTransactionsを明示的に呼び出し、テストメソッド内でsetUpDb/assertSqlResultSetEqualsを使うテストソースコード実装例。current-0238の委譲手法の具体例でありDbAccessTestSupport中心のためコンポーネント単体テストページの使用方法へMERGE。
current-0240,current-0240,current,ja/development_tools/testing_framework/guide/development_guide/06_TestFWGuide/03_Tips.rst,622,635,目的別API使用方法 > クラスのプロパティを検証したい,14,user,第3部 テストの実装方法,リクエスト単体テスト（ウェブアプリケーション）,使用方法,MERGE,HttpRequestTestSupport#assertObjectPropertyEquals/assertObjectArrayPropertyEquals/assertObjectListPropertyEqualsによりクラスのプロパティ値をExcelデータと比較検証できるという説明。テストデータの記法はLIST_MAP（2行目がプロパティ名、3行目以降が値）でcurrent-0215と同形式。HttpRequestTestSupportを使うウェブアプリケーションのリクエスト単体テスト固有のAPIのためリクエスト単体テスト（ウェブアプリケーション）ページの使用方法へMERGE。
current-0241,current-0241,current,ja/development_tools/testing_framework/guide/development_guide/06_TestFWGuide/03_Tips.rst,638,662,目的別API使用方法 > クラスのプロパティを検証したい > テストソースコード実装例,25,user,第3部 テストの実装方法,リクエスト単体テスト（ウェブアプリケーション）,使用方法,MERGE,HttpRequestTestSupportを継承したUserUpdateActionRequestTestがexecuteのBasicAdvice#afterExecute内でassertObjectPropertyEqualsを呼び出すテストソースコード実装例。current-0240の具体例のため同じくリクエスト単体テスト（ウェブアプリケーション）ページの使用方法へMERGE。
current-0242,current-0242,current,ja/development_tools/testing_framework/guide/development_guide/06_TestFWGuide/03_Tips.rst,665,676,目的別API使用方法 > クラスのプロパティを検証したい > Excelファイル記述例,12,user,第3部 テストの実装方法,テストデータの書き方,使用方法,MERGE,LIST_MAP=expectedUsersでkanjiName/kanaName/mailAddressの3列を記述するExcel記述例。技法説明を伴わない純粋なLIST_MAP記法の具体例のため、batch-04のcurrent-0217/current-0232と同じ判断でテストデータの書き方ページの使用方法へMERGE。
current-0243,current-0243,current,ja/development_tools/testing_framework/guide/development_guide/06_TestFWGuide/03_Tips.rst,680,688,目的別API使用方法 > テストデータに空白、空文字、改行やnullを記述したい,9,user,第3部 テストの実装方法,テストデータの書き方,使用方法,MERGE,「:ref:`special_notation_in_cell`を参照」のみの1文で構成される、セル内特殊記法の説明への導線のみの節。実体的な解説はないがアンカーラベルのみではなく本文（参照文）を持つため、特別ルールの「必ずMERGE」に従い参照先と同テーマのテストデータの書き方ページの使用方法へMERGE。
current-0244,current-0244,current,ja/development_tools/testing_framework/guide/development_guide/06_TestFWGuide/03_Tips.rst,692,721,目的別API使用方法 > テストデータに空行を記述したい,30,user,第3部 テストの実装方法,テストデータの書き方,使用方法,MERGE,"可変長ファイルで空行を表す際は\ ``""""``\ で空文字列を記述するという記法説明と、SETUP_VARIABLEのExcel記述例（表形式）、および「全セルを\ ``""""``\ で埋める必要はなく左端セル1つでよい」というtip。純粋なテストデータ記法の説明のためテストデータの書き方ページの使用方法へMERGE。"
current-0245,current-0245,current,ja/development_tools/testing_framework/guide/development_guide/06_TestFWGuide/03_Tips.rst,725,730,目的別API使用方法 > マスタデータを変更してテストを行いたい,6,user,第2部 導入と設定,マスタデータ復旧機能,使用方法,MERGE,「:doc:`04_MasterDataRestore`を参照」のみの1文で構成される、マスタデータ復旧機能のページへの導線のみの節。design.md#3の「マスタデータ復旧機能」ページに該当する内容のため同ページの使用方法へMERGE。
current-0246,current-0246,current,ja/development_tools/testing_framework/guide/development_guide/06_TestFWGuide/03_Tips.rst,734,784,目的別API使用方法 > テストデータ読み込みディレクトリを変更したい,51,user,第2部 導入と設定,共通設定,使用方法,MERGE,デフォルトのテストデータ読み込み先（test/java配下）をコンポーネント設定ファイルのnablarch.test.resource-rootプロパティで変更する方法、VM引数による一時的な変更方法、セミコロン区切りで複数ディレクトリを指定する方法を説明。design.md#3「共通設定」ページの記載内容『テストデータの配置』に該当するため共通設定ページの使用方法へMERGE。
current-0247,current-0247,current,ja/development_tools/testing_framework/guide/development_guide/06_TestFWGuide/03_Tips.rst,788,794,目的別API使用方法 > メッセージング処理でテストデータに対し定型的な変換処理を追加したい > (L2直下),7,user,第2部 導入と設定,リクエスト単体テストの設定（MOMによるメッセージング）,拡張例,MERGE,Excelに記述したテストデータはデフォルトでは指定エンコーディングでバイト列変換されるのみで、URLエンコーディング等が必要な場合はExcelに直接エンコード済みの値を書くのは非現実的という課題と、インタフェース実装＋システムリポジトリ登録で定型変換処理を追加できるという説明（L2直下）。RequestUnitTest_real.rst/RequestUnitTest_send_sync.rst（メッセージ受信/同期応答メッセージ送信、いずれもキュー経由のMOMメッセージング）のTestDataConvertorと同一機構で「アーキテクトが実装する」拡張点のため、design.md記載区分の「拡張方法（クラス差し替え、独自Extension等）」に該当しリクエスト単体テストの設定（MOMによるメッセージング）ページの拡張例へMERGE。
current-0248,current-0248,current,ja/development_tools/testing_framework/guide/development_guide/06_TestFWGuide/03_Tips.rst,797,799,目的別API使用方法 > メッセージング処理でテストデータに対し定型的な変換処理を追加したい > 実装するインタフェース,3,user,第2部 導入と設定,リクエスト単体テストの設定（MOMによるメッセージング）,拡張例,MERGE,実装対象インタフェースがnablarch.test.core.file.TestDataConverterであることを示す。current-0247と同じ拡張機構の一部のため同じくリクエスト単体テストの設定（MOMによるメッセージング）ページの拡張例へMERGE。
current-0249,current-0249,current,ja/development_tools/testing_framework/guide/development_guide/06_TestFWGuide/03_Tips.rst,802,809,目的別API使用方法 > メッセージング処理でテストデータに対し定型的な変換処理を追加したい > システムリポジトリ登録内容,8,user,第2部 導入と設定,リクエスト単体テストの設定（MOMによるメッセージング）,拡張例,MERGE,実装クラスを「TestDataConverter_<データ種別>」というキー名でシステムリポジトリに登録するという設定項目の説明表。拡張クラスの登録手順のため同じくリクエスト単体テストの設定（MOMによるメッセージング）ページの拡張例へMERGE。
current-0250,current-0250,current,ja/development_tools/testing_framework/guide/development_guide/06_TestFWGuide/03_Tips.rst,812,818,目的別API使用方法 > メッセージング処理でテストデータに対し定型的な変換処理を追加したい > システムリポジトリ登録例,7,user,第2部 導入と設定,リクエスト単体テストの設定（MOMによるメッセージング）,拡張例,MERGE,FormUrlEncodedTestDataConverterをTestDataConverter_FormUrlEncodedという名前でコンポーネント定義するXML記述例。登録手順の具体例のため同じくリクエスト単体テストの設定（MOMによるメッセージング）ページの拡張例へMERGE。
current-0251,current-0251,current,ja/development_tools/testing_framework/guide/development_guide/06_TestFWGuide/03_Tips.rst,821,832,目的別API使用方法 > メッセージング処理でテストデータに対し定型的な変換処理を追加したい > Excelファイル記述例,12,user,第2部 導入と設定,リクエスト単体テストの設定（MOMによるメッセージング）,拡張例,MERGE,変換前のExcelデータと変換後にフレームワーク内部で扱われるデータの対応を画像（data_convert_example.png/data_convert_internal.png）で示す例。TestDataConverter拡張機能の効果を示す例示のため同じくリクエスト単体テストの設定（MOMによるメッセージング）ページの拡張例へMERGE。
current-0136,current-0136,current,ja/development_tools/testing_framework/guide/development_guide/05_UnitTestGuide/03_DealUnitTest/delayed_send.rst,4,7,取引単体テストの実施方法（応答不要メッセージ送信処理）,4,user,第3部 テストの実装方法,取引単体テスト（MOMによるメッセージング）,使用方法,REFERENCE,応答不要メッセージ送信処理の取引単体テストの実施方法は同期応答メッセージ送信処理と同じである旨と、詳細は同ディレクトリのreal.rst（同期応答メッセージ送信処理）を参照させる導線のみの短い節。batch-04のcurrent-0135（応答不要メッセージ受信処理、同型の内容）と同じ判断でREFERENCEとし、宛先は同フォルダ配下(03_DealUnitTest)の既存割当実績に合わせ取引単体テスト（MOMによるメッセージング）とした。
input-0001,input-0001,input,.rn/20260724-ntf-yaml-support/input/ntf-doc-terms.md,2,11,NTF 解説書（v6）用語リファレンス > (L1直下),10,developer,,,,DROP,「ntf-testdata-doc.mdの見直しで解説書の正式な用語名・表記・仕様を引くために使う」という、ntf-doc-terms.md自身の作成目的と取得元URLを述べた前置き。解説書の内容ではなくドキュメント整備作業のための内部資料の説明であり、利用者・NTF開発者いずれにも不要のためDROP。
input-0002,input-0002,input,.rn/20260724-ntf-yaml-support/input/ntf-doc-terms.md,13,35,NTF 解説書（v6）用語リファレンス > 用語ドメインの全体像,23,user,第3部 テストの実装方法,テストデータの書き方,テストデータの構造,MERGE,データタイプを起点にグループID・testShots/requestParams・ファイルデータ・メッセージングが紐づき、特殊記法・コメント・マーカーカラムは全データタイプに横断するというmermaid図と説明文。個々の用語定義ではなくデータタイプとその他概念の関係を図示するもので、glossary.md §11.1の申し送り事項3「データブロックとデータタイプの関係の図示を第1部テストデータの執筆時に検討」に対応する図材料としてMERGE。2026-08-05 #8フィードバック（「テストデータのページあるよね？なんでここに書いてるの？」）を受けて再判定: 本セクションはデータブロックの記法仕様そのものであり、design.md §4「テストデータの書き方」ページ（記法の仕様。どう書けばどう解釈されるか）の主題に該当する。第1部は「テストデータを外部ファイル化する意味」という概念レベルにとどめ、記法仕様の詳細はテストデータの書き方ページに集約する（design.md §2改訂）。dest_part/dest_page/dest_sectionを第3部「テストデータの書き方」の使用方法へ変更（旧: 第1部テスティングフレームワークとは/テストデータ）。同ページの機能概要（input-0114）が後続本体として参照していたのは本行と同種の内容であり、同一ページへ集約することで input-0114 の [セクション境界] を解消する。
input-0003,input-0003,input,.rn/20260724-ntf-yaml-support/input/ntf-doc-terms.md,37,60,NTF 解説書（v6）用語リファレンス > データタイプ（Data Types）,24,user,,,,DROP,SETUP_TABLE等14種のデータタイプ一覧表。batch-03のcurrent-0169（自動テストフレームワーク > Excelによるテストデータ記述 > シート内の構造、テストデータの書き方/使用方法へMOVE済み）が同じ一覧表をより詳しい説明付きで含んでおり完全に重複するためDROP。glossary.md L612「データタイプ（L36）採用」は用語表記としての採用であり、本文表としてはcurrent-0169に一本化する。
input-0004,input-0004,input,.rn/20260724-ntf-yaml-support/input/ntf-doc-terms.md,62,79,NTF 解説書（v6）用語リファレンス > シート・行・列・セル,18,user,,,,DROP,ファイル名・シート名・setUpDbシート・1〜3行目の書式・カラム・セルの定義表。ファイル名/シート名の命名規約はbatch-03のcurrent-0168（命名規約）、setUpDbシートはbatch-01のcurrent-0080（テストクラスで共通のデータベース初期値）、1行目〜3行目の書式はbatch-03のcurrent-0169（シート内の構造）がいずれもMOVE済みで重複。セルはglossary.md L248で定義済み（§5.9）。カラムのみ他に定義がないが一般語彙の説明にとどまり実質的な新規情報がないためDROP。
input-0005,input-0005,input,.rn/20260724-ntf-yaml-support/input/ntf-doc-terms.md,81,83,NTF 解説書（v6）用語リファレンス > セル値の解釈規則（特殊記法・マーカーカラム・コメント） > (L2直下),3,user,,,,DROP,本文は「出典: `06_TestFWGuide/01_Abstract.html`」という出典表記1行のみで実体的な記述がない。判断ルール3（実体のない節）によりDROP。子セクション（特殊記法=input-0006・マーカーカラム=input-0007・コメント=input-0008・日付記述フォーマット=input-0009・設計原則=input-0010）もいずれも既存内容と重なる内容としてDROPのため、判断ルール1に従い導入部も同じくDROPとする。
input-0006,input-0006,input,.rn/20260724-ntf-yaml-support/input/ntf-doc-terms.md,85,97,NTF 解説書（v6）用語リファレンス > セル値の解釈規則（特殊記法・マーカーカラム・コメント） > 特殊記法,13,user,,,,DROP,"null・""null""・${systemTime}・${setUpTime}・${文字種,文字数}・${binaryFile:パス}・\r・\nの解釈規則を示す表。batch-03のcurrent-0174（セルへの特殊な記述方法、133行でsplit-plan.md確認済み・分割なし、テストデータの書き方/使用方法へMOVE済み）がより詳細な例・注記付きで同じ規則を網羅しており重複するためDROP。glossary.md L614「特殊記法（L84）採用」は用語表記としての採用であり、本文はcurrent-0174に一本化する。"
input-0007,input-0007,input,.rn/20260724-ntf-yaml-support/input/ntf-doc-terms.md,99,101,NTF 解説書（v6）用語リファレンス > セル値の解釈規則（特殊記法・マーカーカラム・コメント） > マーカーカラム,3,user,,,,DROP,カラム名を半角角括弧で囲むと読み込み対象外になるという説明。batch-03のcurrent-0171（マーカーカラム、テストデータの書き方/使用方法へMOVE済み）がExcel記述例付きで同内容をカバーしており重複するためDROP。glossary.md L615「マーカーカラム（L98）採用」は用語表記としての採用。
input-0008,input-0008,input,.rn/20260724-ntf-yaml-support/input/ntf-doc-terms.md,103,105,NTF 解説書（v6）用語リファレンス > セル値の解釈規則（特殊記法・マーカーカラム・コメント） > コメント,3,user,,,,DROP,セル値の「//」以降を読み込み対象外とする記法の説明。batch-03のcurrent-0170（コメント、テストデータの書き方/使用方法へMOVE済み）が同内容をカバーしており重複するためDROP。glossary.md L616「コメント（L102）採用」は用語表記としての採用。
input-0009,input-0009,input,.rn/20260724-ntf-yaml-support/input/ntf-doc-terms.md,107,109,NTF 解説書（v6）用語リファレンス > セル値の解釈規則（特殊記法・マーカーカラム・コメント） > 日付記述フォーマット,3,user,,,,DROP,yyyyMMddHHmmssSSSまたはyyyy-MM-dd HH:mm:ss.SSS形式で記述し、ミリ秒・時刻部分は省略可という説明。batch-03のcurrent-0173（日付の記述方法、41行・記述例と評価結果の対応表付きでテストデータの書き方/使用方法へMOVE済み）が同内容をより詳細にカバーしており重複するためDROP。
input-0010,input-0010,input,.rn/20260724-ntf-yaml-support/input/ntf-doc-terms.md,111,117,NTF 解説書（v6）用語リファレンス > セル値の解釈規則（特殊記法・マーカーカラム・コメント） > 設計原則（用語として登場する概念）,7,user,,,,DROP,テスト独立性・データ集約・データタイプまとめ記述という3つの設計原則の箇条書き。glossary.md L617で「3語とも造語で現行・FW解説書に0件、現行は文で書く」として不採用と裁定済み。実体はテスト独立性がbatch-05のcurrent-0175（テストメソッドの実行順序に依存しないテストを作成する、第1部テストデータへMOVE済み）、データタイプまとめ記述がbatch-03のcurrent-0177（複数のデータタイプ使用時はデータタイプごとにまとめてデータを記述する、テストデータの書き方/使用方法へMOVE済み）で既にカバーされているため重複としてDROP。
input-0011,input-0011,input,.rn/20260724-ntf-yaml-support/input/ntf-doc-terms.md,119,128,NTF 解説書（v6）用語リファレンス > グループ ID,10,user,第3部 テストの実装方法,テストデータの書き方,テストデータの構造,MERGE,グループIDの定義・書式（データタイプ[グループID]=値）はbatch-04のcurrent-0221（一つのシートに複数テストケースのデータを記載したい、テストデータの書き方/使用方法へMERGE済み）およびglossary.md L213の定義と重複するが、「default: デフォルトグループID（省略時に使用される）」という省略時の挙動は現行解説書（06_TestFWGuide/RequestUnitTest_batch.rst等を含む全体）に記載がなく新規情報のためMERGE。
input-0012,input-0012,input,.rn/20260724-ntf-yaml-support/input/ntf-doc-terms.md,132,166,NTF 解説書（v6）用語リファレンス > データタイプ別の行構造 > DB 系（SETUP_TABLE / EXPECTED_TABLE / EXPECTED_COMPLETE_TABLE / LIST_MAP）,35,user,第3部 テストの実装方法,テストデータの書き方,使用方法,MERGE,DB系4データタイプの1〜3行目の書式表、デフォルト値（数値型0/文字列型半角スペース/日付型1970-01-01）、カラム省略の制約（主キー省略不可、デフォルト値適用はEXPECTED_COMPLETE_TABLEのみ）、java.sql.Timestamp形式を説明。batch01-05で処理済みの現行解説書には未収載で新規情報のためMERGE。末尾のマスタデータ復旧機能の1文（外部キー設定テーブルの親子関係データを扱う際に利用）は本来第2部マスタデータ復旧機能ページの話題だが、35行中2行の付随言及でありセクション全体を割くほどではないため主要内容に合わせテストデータの書き方へ寄せた（要確認・分割候補）。
input-0013,input-0013,input,.rn/20260724-ntf-yaml-support/input/ntf-doc-terms.md,168,184,NTF 解説書（v6）用語リファレンス > データタイプ別の行構造 > 固定長ファイル（SETUP_FIXED / EXPECTED_FIXED）,17,user,第3部 テストの実装方法,テストデータの書き方,使用方法,MERGE,SETUP_FIXED/EXPECTED_FIXEDのファイル内行構成（ディレクティブ行・レコード種別行・フィールド名称行・データ型行・フィールド長行・データ行）の図解と、バイナリデータの16進表記、フィールド長に対するパディングの説明。記法仕様であり、batch01-05で処理済みの現行解説書には未収載のためMERGE。
input-0014,input-0014,input,.rn/20260724-ntf-yaml-support/input/ntf-doc-terms.md,186,201,NTF 解説書（v6）用語リファレンス > データタイプ別の行構造 > 可変長ファイル（SETUP_VARIABLE / EXPECTED_VARIABLE）,16,user,第3部 テストの実装方法,テストデータの書き方,使用方法,MERGE,SETUP_VARIABLE/EXPECTED_VARIABLEのファイル内行構成を図解し、固定長との違い（フィールド長行が存在しない）を説明。記法仕様であり、batch01-05で処理済みの現行解説書には未収載のためMERGE。
input-0015,input-0015,input,.rn/20260724-ntf-yaml-support/input/ntf-doc-terms.md,203,212,NTF 解説書（v6）用語リファレンス > データタイプ別の行構造 > ファイルデータのフィールド定義用語,10,user,第3部 テストの実装方法,テストデータの書き方,使用方法,MERGE,レコード種別行・フィールド名称行・データ型行・フィールド長行・データ行・パディングの定義表。前4語はglossary.md §5.10（L260-263）に用語として掲載済みだが、データ行・パディングは掲載されておらず、6語をまとめた記法リファレンス表としての実用価値があるためMERGE。glossary.md §10未解決事項3の「レコード種別行の根拠の弱さ」の再確認対象でもある。
input-0016-a,input-0016,input,.rn/20260724-ntf-yaml-support/input/ntf-doc-terms.md,214,226,NTF 解説書（v6）用語リファレンス > データタイプ別の行構造 > ディレクティブ,13,user,第3部 テストの実装方法,テストデータの書き方,使用方法,MERGE,ファイル・電文フォーマット定義の設定行（text-encoding/record-separator/quoting-delimiter/file-type/record-length）の一覧表。記法仕様でありbatch01-05で処理済みの現行解説書には未収載のためMERGE。末尾のデフォルト値設定用コンポーネントプロパティ（defaultDirectives/fixedLengthDirectives/variableLengthDirectives）は本来第2部（リクエスト単体テストの設定）の設定項目一覧の話題だが、20行中3行の付随言及でありテストデータの書き方の記法説明に含めた（要確認・分割候補）。 [3観点レビュー対応] ディレクティブキー表（text-encoding/record-separator/quoting-delimiter/file-type/record-length）部分のみ。214-226行に範囲を縮小。
input-0016-b,input-0016,input,.rn/20260724-ntf-yaml-support/input/ntf-doc-terms.md,227,233,NTF 解説書（v6）用語リファレンス > データタイプ別の行構造 > ディレクティブ,7,user,,,,DROP,実測: 「デフォルト値設定のコンポーネントプロパティ: defaultDirectives/fixedLengthDirectives/variableLengthDirectives」という3項目の箇条書き。current-0292（`RequestUnitTest_batch.rst`225-262行、同じ3キーをXML設定例付きでより詳細に説明、第2部リクエスト単体テストの設定（Nablarchバッチアプリケーション）使用方法へMOVE済み）と重複するため判断ルール5によりDROP（[3観点レビュー対応]、重複先: current-0292。227-233行に分割）。
input-0017,input-0017,input,.rn/20260724-ntf-yaml-support/input/ntf-doc-terms.md,235,244,NTF 解説書（v6）用語リファレンス > testShots / requestParams（テストケース一覧） > (L2直下),10,user,,,,DROP,testShots/TestShot/requestParams/行単位の関連付けの定義表（L2直下）。testShotsとrequestParamsの固定IDとしての役割はbatch-01のcurrent-0081・current-0085（テストデータの書き方/使用方法へMOVE済み）に、行単位の関連付けはcurrent-0085本文の「行単位で関連付けられる」に既に含まれ重複。TestShotクラスの役割説明のみ新規だが1行の識別子的言及にとどまるため、判断ルール1に従い子セクション（input-0018、重複によりDROP）と同じ扱いとしてDROP。
input-0018,input-0018,input,.rn/20260724-ntf-yaml-support/input/ntf-doc-terms.md,246,276,NTF 解説書（v6）用語リファレンス > testShots / requestParams（テストケース一覧） > testShots カラム一覧（ウェブアプリケーション）,31,user,,,,DROP,testShots全19カラム（no/description/context/cookie/queryParams/isValidToken/setUpTable/expectedStatusCode/expectedMessageId/expectedSearch/expectedTable/forwardUri/expectedContentLength等/expectedMessage系）の一覧表と、requestParamsの仕様（LIST_MAP=requestParams定義、ダミー行必須、カンマ区切り複数値とエスケープ規則）。batch-01のcurrent-0081（testShots全カラム仕様）とcurrent-0085（requestParamsの仕様）が共に同内容をテストデータの書き方/使用方法へMOVE済みで完全に重複するためDROP。
current-0022,current-0022,current,ja/development_tools/testing_framework/guide/development_guide/05_UnitTestGuide/01_ClassUnitTest/01_entityUnitTest/index.rst,1,2,(冒頭),2,user,,,,DROP,本文は「.. _entityUnitTestGuide:」というRST内部アンカーラベルと空行のみで、実体的な記述がない。新規ページ作成時に:refラベルを付与し直せば足りるため対応不要。
current-0023,current-0023,current,ja/development_tools/testing_framework/guide/development_guide/05_UnitTestGuide/01_ClassUnitTest/01_entityUnitTest/index.rst,6,12,Form/Entityの単体テスト,7,user,,,,DROP,「Form/Entityの単体テスト」という章題と、配下の2ページ（01_entityUnitTestWithBeanValidation/02_entityUnitTestWithNablarchValidation）へのtoctreeディレクティブのみで、実体的な解説内容を持たない純粋なナビゲーションTOC。判断ルール3によりDROP。配下2ページの実内容は別セクションとして個別にマッピングされる想定。
current-0029,current-0029,current,ja/development_tools/testing_framework/guide/development_guide/05_UnitTestGuide/01_ClassUnitTest/index.rst,1,2,(冒頭),2,user,,,,DROP,本文は「.. _classUnitTestGuide:」というRST内部アンカーラベルと空行のみで、実体的な記述がない。新規ページ作成時に:refラベルを付与し直せば足りるため対応不要（current-0022・current-0161と同型のDROPパターン）。
current-0030,current-0030,current,ja/development_tools/testing_framework/guide/development_guide/05_UnitTestGuide/01_ClassUnitTest/index.rst,6,13,クラス単体テストの実施方法,8,user,,,,DROP,「クラス単体テストの実施方法」という章題と、配下2ページ（01_entityUnitTest/index、02_componentUnitTest）へのtoctreeディレクティブのみで、実体的な解説内容を持たない純粋なナビゲーションTOC。判断ルール3によりDROP（current-0023と同型）。配下ページの実内容はエンティティ単体テスト/コンポーネント単体テストページとして別セクションで個別にマッピングされる想定。
input-0114,input-0114,input,.rn/20260724-ntf-yaml-support/input/ntf-testdata-doc.md,2,6,NTF テストデータ リファレンス > (L1直下),5,user,第3部 テストの実装方法,テストデータの書き方,機能概要,MERGE,ntf-testdata-doc.md全体の導入文。テストデータの記述仕様がExcel・YAMLのどちらでも共通して適用される旨と、各節末尾のリンクからExcel表とYAMLコードブロックの対比例を参照できる旨を説明。design.mdの「『書き方』から『記載例』へのリンクを必須とする」（design.md:156）という方針に直接対応する導入文。#6でdest_section=機能概要へ変更（テストデータの書き方ページで唯一のページ全体を対象にした導入文であり、design.md §4「機能概要=このページで何ができるようになるか」に該当するため。checks/task-06.md分類6参照）。2026-08-05 #8フィードバック対応でinput-0002/input-0116を第1部から本ページ（使用方法）へ再割当したことにより、本行が導入する本体は同一ページ内の使用方法セクションに収まった。[セクション境界]（導入文と本体が別dest_pageに分かれる状態）は解消済み。ページ作成時、導入文と本体の接続をページ内で再構成すること（design.md §8「出典の文面をそのまま流用しない」の範囲で対応可能）という指示のみ残す。
input-0115,input-0115,input,.rn/20260724-ntf-yaml-support/input/ntf-testdata-doc.md,8,21,NTF テストデータ リファレンス > 目次,14,user,,,,DROP,1〜10章への内部リンクのみからなる目次で、実体的な記述がない。判断ルール3によりDROP。各章の内容は本ファイルの子セクション（input-0116以降）として個別にマッピングされる。
input-0116,input-0116,input,.rn/20260724-ntf-yaml-support/input/ntf-testdata-doc.md,23,48,NTF テストデータ リファレンス > 1. 全体像,26,user,第3部 テストの実装方法,テストデータの書き方,テストデータの構造,MERGE,テストデータの用途をテストケース/セットアップ/検証の3分類で示す表、テストクラス→読み込み単位→データブロックという格納階層を示すmermaid図、データブロックが種別と識別子の値の組み合わせで区別されるという定義を説明。batch-05のcurrent-0175・current-0176（テスト独立性・外部化の理由）とは異なる観点（データの格納階層構造）の図解のため重複しない。glossary.md「読み込み単位」の出典（S:input/ntf-testdata-doc.md:32）はこのセクション内にある。2026-08-05 #8フィードバック（「テストデータのページあるよね？なんでここに書いてるの？」）を受けて再判定: 本セクションはデータブロックの記法仕様そのものであり、design.md §4「テストデータの書き方」ページ（記法の仕様。どう書けばどう解釈されるか）の主題に該当する。第1部は「テストデータを外部ファイル化する意味」という概念レベルにとどめ、記法仕様の詳細はテストデータの書き方ページに集約する（design.md §2改訂）。dest_part/dest_page/dest_sectionを第3部「テストデータの書き方」の使用方法へ変更（旧: 第1部テスティングフレームワークとは/テストデータ）。同ページの機能概要（input-0114）が後続本体として参照していたのは本行であり、同一ページへ集約することで input-0114 の [セクション境界] を解消する。
input-0117,input-0117,input,.rn/20260724-ntf-yaml-support/input/ntf-testdata-doc.md,50,81,NTF テストデータ リファレンス > 2. テストデータの基本構造 > (L2直下),32,user,第3部 テストの実装方法,テストデータの書き方,テストデータの構造,MERGE,テストデータの基本構造（Excel: 同名の1ブック・1シート／YAML: 同名のディレクトリ・1ファイル）の対応表とディレクトリ構造図、YAML 1.2に準拠する旨（YAML 1.1との違いとしてyes/no/on/offは文字列扱い）、JSON Schemaによる検証とYamlSchemaValidationExceptionの説明。現行解説書はYAML形式策定前でExcel専用の記述しかなく、YAML形式の基本構造という新規情報のためMERGE。判断ルール1により、後続の子セクション（入力側の6章までの各節）と同じテストデータの書き方ページに寄せる。
input-0118,input-0118,input,.rn/20260724-ntf-yaml-support/input/ntf-testdata-doc.md,83,91,NTF テストデータ リファレンス > 2. テストデータの基本構造 > ファイルの読み込みルール,9,user,第3部 テストの実装方法,テストデータの書き方,テストデータの構造,MERGE,ファイルなし時・空ファイル時・値の書き方（Excel: 文字列書式限定／YAML: ダブルクォート必須）の挙動をExcel/YAML対比表で示す。YAML固有の挙動を含む新規のファイル読み込みルールのためMERGE。
input-0119,input-0119,input,.rn/20260724-ntf-yaml-support/input/ntf-testdata-doc.md,95,129,NTF テストデータ リファレンス > 3. データブロック識別 > 3.1 識別の構成要素,35,user,第3部 テストの実装方法,テストデータの書き方,テストデータの構造,MERGE,データブロックの識別方法（種別と識別子の値の組み合わせ）を説明。Excel側の「データブロック種別=識別子の値」前方一致はbatch-03のcurrent-0169と一部重複するが、YAML側の専用トップレベルキー対応表（11種）は現行解説書に無い新規情報のため、セクション全体をMERGE（分割はしない）。
input-0120,input-0120,input,.rn/20260724-ntf-yaml-support/input/ntf-testdata-doc.md,131,150,NTF テストデータ リファレンス > 3. データブロック識別 > 3.2 データブロック種別の一覧,20,user,第3部 テストの実装方法,テストデータの書き方,テストデータの構造,MERGE,14種のデータブロック種別を用途と「同一IDが複数ある場合」の挙動（全件収集/最初の1件のみ有効/groupId指定時全件収集・ID直接指定時は最初の1件）で一覧化した表。種別名と用途の列はbatch-03のcurrent-0169（シート内の構造）と重複するが、同一ID重複時の挙動列とDEFAULT型（フレームワーク内部用、通常使用しない）は現行解説書に無い新規情報のため、セクション全体をMERGE。
input-0121,input-0121,input,.rn/20260724-ntf-yaml-support/input/ntf-testdata-doc.md,152,162,NTF テストデータ リファレンス > 3. データブロック識別 > 3.3 同一ファイル（シート）内に複数のデータブロックを書く場合の注意,11,user,第3部 テストの実装方法,テストデータの書き方,テストデータの構造,MERGE,同一読み込み単位内に複数データブロックを書く場合の注意（全件収集タイプの複数テーブルINSERT、YAMLのセクションキーごとの独立取得、LIST_MAP/MESSAGEの重複ID時は先着1件優先）を説明。Excel（旧形式）が行を順に読む方式のため生じる制約への言及はbatch-03のcurrent-0177（複数のデータタイプ使用時はデータタイプごとにまとめてデータを記述する）と同一事象を指すが、本セクションの主眼は「YAMLはセクションキーで構造化されるためこの制約がなく、移行時にまとめ直す必要がない」という現行解説書に無い対比情報のためMERGE。
input-0122,input-0122,input,.rn/20260724-ntf-yaml-support/input/ntf-testdata-doc.md,166,174,NTF テストデータ リファレンス > 4. テストケース定義 > 4.1 testShots,9,user,第3部 テストの実装方法,テストデータの書き方,使用方法,MERGE,testShotsがテストケース定義の予約IDであること、フレームワークが自動的に読み込み各エントリを1テストケースとして実行すること、旧称testCasesも動作するが新規作成ではtestShotsを使うこと、1件以上のエントリが必須（0件はエラー）であること、Excel（LIST_MAP=testShots）とYAML（list_maps:のid: testShotsエントリ）双方の記述位置を説明。batch-01のcurrent-0081はウェブアプリケーションのtestShotsカラム仕様に限定されるのに対し、本セクションは処理方式非依存のtestShots自体の性質（予約ID・旧称・エントリ数制約）を扱う新規情報のためMERGE。
input-0123,input-0123,input,.rn/20260724-ntf-yaml-support/input/ntf-testdata-doc.md,176,185,NTF テストデータ リファレンス > 4. テストケース定義 > 4.2 testShots のカラム仕様,10,user,,,,DROP,「カラムは処理方式によって異なる」という1文と、ウェブアプリケーション/バッチ処理/メッセージング/エンティティバリデーション別のtestShotsカラム仕様への:refリンク一覧のみで、実体的な記述を持たない純粋なナビゲーション。リンク先の各処理方式の実体的なカラム仕様はntf-testdata-doc-examples-testshots.md（batch-15）側で個別にマッピング済み（ウェブアプリケーション: input-0100〜0103、バッチ処理: input-0104〜0106、メッセージング: input-0107〜0109、エンティティバリデーション: input-0110〜0113）であり、本節はそれらへの案内のみで独自の新規情報を持たないため判断ルール3（実体のない節）によりDROP。
input-0124,input-0124,input,.rn/20260724-ntf-yaml-support/input/ntf-testdata-doc.md,187,210,NTF テストデータ リファレンス > 4. テストケース定義 > 4.3 データブロックのグループ化（groupId）,24,user,第3部 テストの実装方法,テストデータの書き方,テストデータの構造,MERGE,複数テストケースで異なるセットアップ・期待値を使い分けるgroupIdの仕組みを説明。Excel（DataType名の直後に[groupId]）の書式や、groupId省略時のデフォルトグループ収集、バッチ固有でgroupIdに「default」を指定した場合の挙動はbatch-06のinput-0011（グループ ID）と一部重複するが、YAML側のgroup_id:フィールドとそのコード例は現行解説書・batch-06いずれにも無い新規情報のため、セクション全体をMERGE。
input-0125,input-0125,input,.rn/20260724-ntf-yaml-support/input/ntf-testdata-doc.md,214,239,NTF テストデータ リファレンス > 5. テーブルデータ > 5.1 データの形式,26,user,第3部 テストの実装方法,テストデータの書き方,使用方法,MERGE,テーブルデータの記述形式（Excel: 1行目カラム名・2行目以降データの表形式、YAML: rows:配列にオブジェクト列挙）を対比するコード例と、YAML必須キー（setup_tables/expected_tables/expected_complete_tablesの各エントリにtableキーが必須、省略時エラー）を説明。行構造の骨子はbatch-06のinput-0012の1〜3行目書式表と一部重なるが、具体的なExcel/YAML記述例とYAML必須キー制約は現行解説書・batch-06いずれにも無い新規情報のためMERGE。
input-0126,input-0126,input,.rn/20260724-ntf-yaml-support/input/ntf-testdata-doc.md,241,263,NTF テストデータ リファレンス > 5. テーブルデータ > 5.2 SETUP_TABLE,23,user,第3部 テストの実装方法,テストデータの書き方,使用方法,MERGE,SETUP_TABLEの記法。主キーカラムは省略しないという制約はbatch-06のinput-0012の「カラム省略の制約」（主キーカラムは省略不可）と重複するが、FK付き数値カラムを省略した場合にFK違反が起きうる注意、null値・空文字の扱いをExcel/YAMLで対比する表、SETUP_TABLE実行前の全件DELETEとFK制約による失敗を避けるための子テーブル列挙ルールは現行解説書・batch-06いずれにも無い新規情報のため、セクション全体をMERGE。
input-0127,input-0127,input,.rn/20260724-ntf-yaml-support/input/ntf-testdata-doc.md,265,275,NTF テストデータ リファレンス > 5. テーブルデータ > 5.3 EXPECTED_TABLE,11,user,第3部 テストの実装方法,テストデータの書き方,使用方法,MERGE,EXPECTED_TABLEの記法。省略カラムが比較対象外になる点はbatch-06のinput-0012の表（EXPECTED_TABLEは省略カラムを比較対象外とする）と重複するが、期待行とDB行の対応付けがDBの主キーで行われる点、対象テーブルの全DB行を列挙する必要がある点（部分検証は不可）、主キーが自動採番の場合は複数行の検証が成立しないという注意は現行解説書・batch-06いずれにも無い新規情報のため、セクション全体をMERGE。
input-0128,input-0128,input,.rn/20260724-ntf-yaml-support/input/ntf-testdata-doc.md,277,296,NTF テストデータ リファレンス > 5. テーブルデータ > 5.4 EXPECTED_COMPLETE_TABLE,20,user,第3部 テストの実装方法,テストデータの書き方,使用方法,MERGE,EXPECTED_COMPLETE_TABLEの省略カラムへのデフォルト値補完規則。数値型・文字列型・日付型の3型のみを示すbatch-06のinput-0012のデフォルト値表より詳細で、固定長文字列型（CHAR/NCHAR）と可変長文字列型（VARCHAR等）の区別、バイナリ型、Boolean型のデフォルト値、DATEカラムがJVMのタイムゾーン設定に依存する注意、Excel上でEXPECTED_TABLEとの混在を禁止するルール（YAMLは別キーのため混在可）を追加で説明。数値・文字列・日付の3型はinput-0012と重複するが、残り3型と混在禁止ルールが新規情報のため、セクション全体をMERGE（分割はしない）。
input-0129,input-0129,input,.rn/20260724-ntf-yaml-support/input/ntf-testdata-doc.md,298,333,NTF テストデータ リファレンス > 5. テーブルデータ > 5.5 LIST_MAP,36,user,第3部 テストの実装方法,テストデータの書き方,使用方法,MERGE,LIST_MAPの一般的な記法（キーバリュー形式の汎用データ、Excel/YAMLの記述例）とID解決規則（完全一致検索、同一ID重複時は先着1件のみ有効、存在しないIDは空データ扱いでエラーにならない）を説明。batch-06のinput-0012はLIST_MAPをDB系データタイプのSELECT結果格納用途に限定して扱うのに対し、本セクションはLIST_MAP全般のID解決規則を扱う新規情報のためMERGE。
input-0130,input-0130,input,.rn/20260724-ntf-yaml-support/input/ntf-testdata-doc.md,337,341,NTF テストデータ リファレンス > 6. ファイルデータ > 6.1 固定長・可変長の統合,5,user,第3部 テストの実装方法,テストデータの書き方,使用方法,MERGE,SETUP_FIXED/SETUP_VARIABLE（およびEXPECTED_FIXED/EXPECTED_VARIABLE）が固定長・可変長の区別なくまとめて収集される旨と、YAML必須キー（setup_files/expected_filesの各エントリにpathキーが必須、省略時エラー）を説明。batch-06のinput-0013・input-0014（固定長・可変長ファイルの行構造）とは異なる観点（収集単位・YAML必須キー）のためMERGE。
input-0131,input-0131,input,.rn/20260724-ntf-yaml-support/input/ntf-testdata-doc.md,343,391,NTF テストデータ リファレンス > 6. ファイルデータ > 6.2 ファイルデータブロックの構造,49,user,第3部 テストの実装方法,テストデータの書き方,使用方法,MERGE,ファイルデータブロックの記述順序（ディレクティブ→レコード種別＋フィールド名称→データ型→フィールド長→データ）を示すmermaid図、Excel固有の制約（データ行の先頭要素は空にする）、Excelの6行構成記述例、YAMLのfields:/records:/rows:によるネスト構造の記述例を説明。行の出現順序自体はbatch-06のinput-0013・input-0014（固定長・可変長ファイルの行構造）と重複するが、具体的なExcel記述例とYAMLのネスト構造（fields配列・rows配列・length指定形式）は現行解説書・batch-06いずれにも無い新規情報のため、セクション全体をMERGE。
input-0132,input-0132,input,.rn/20260724-ntf-yaml-support/input/ntf-testdata-doc.md,393,397,NTF テストデータ リファレンス > 6. ファイルデータ > 6.3 固定長ファイル固有の仕様,5,user,第3部 テストの実装方法,テストデータの書き方,使用方法,MERGE,固定長ファイル固有の記法制約（フィールド名称・データ型・フィールド長の3リストが同サイズ必須、1データブロック内は同一レコード長必須、フィールド長超過時エラー）を箇条書きで説明。batch-06/07で処理済みの現行解説書・input資料のいずれにも無い固定長ファイル特有の制約情報のためMERGE。
input-0133,input-0133,input,.rn/20260724-ntf-yaml-support/input/ntf-testdata-doc.md,399,402,NTF テストデータ リファレンス > 6. ファイルデータ > 6.4 可変長ファイル固有の仕様,4,user,第3部 テストの実装方法,テストデータの書き方,使用方法,MERGE,可変長ファイル固有の記法制約（フィールド名称・データ型の2リストのみ必須でフィールド長は不要、空エントリの扱いが固定長・可変長で異なる）を説明。新規情報のためMERGE。
input-0134,input-0134,input,.rn/20260724-ntf-yaml-support/input/ntf-testdata-doc.md,404,408,NTF テストデータ リファレンス > 6. ファイルデータ > 6.5 複数レコードレイアウト,5,user,第3部 テストの実装方法,テストデータの書き方,使用方法,MERGE,1ファイルデータブロック内に複数のレコードレイアウトを連続記述できる仕組みを説明。glossary.md「複数レコードレイアウト」の定義に対応する記法仕様であり、現行解説書・batch-06/07いずれにも該当節が無い新規情報のためMERGE。
input-0135,input-0135,input,.rn/20260724-ntf-yaml-support/input/ntf-testdata-doc.md,410,414,NTF テストデータ リファレンス > 6. ファイルデータ > 6.6 空ファイル,5,user,第3部 テストの実装方法,テストデータの書き方,使用方法,MERGE,0バイトの空ファイルを表現するにはディレクティブのみを記述しレコード定義を省略するという記法を説明。新規情報のためMERGE。
input-0136,input-0136,input,.rn/20260724-ntf-yaml-support/input/ntf-testdata-doc.md,416,418,"NTF テストデータ リファレンス > 6. ファイルデータ > 6.7 `""-""` 長フィールド",3,user,第3部 テストの実装方法,テストデータの書き方,使用方法,MERGE,"フィールド長に`""-""`を指定すると追加された全レコードの最大バイト長に自動拡張されるという記法を説明。新規情報のためMERGE。"
input-0137,input-0137,input,.rn/20260724-ntf-yaml-support/input/ntf-testdata-doc.md,420,431,NTF テストデータ リファレンス > 6. ファイルデータ > 6.8 エラーになるケース,12,user,第3部 テストの実装方法,テストデータの書き方,使用方法,MERGE,ファイルデータ記述時にエラーとなる8ケース（フィールド名称重複、リスト未指定・空、リストサイズ不一致、存在しないフィールド名称指定、データ要素数不正、ディレクティブ/レコード定義の要素数不足、IOエラー、日付型パース失敗）を列挙。テストデータ作成者が把握すべき挙動であり新規情報のためMERGE。
input-0138,input-0138,input,.rn/20260724-ntf-yaml-support/input/ntf-testdata-doc.md,435,440,NTF テストデータ リファレンス > 7. メッセージングテストデータ > 7.1 sendSyncTestData の配置規則,6,user,第3部 テストの実装方法,テストデータの書き方,使用方法,MERGE,同期応答メッセージ送信のテストデータファイル配置パス（`sendSyncTestData/{requestId}/message`）と、ExcelのMESSAGE識別子・YAMLのmessages.idそれぞれでの記述方法を説明。batch-01〜07いずれにも該当節が無いメッセージングテストデータ記法の新規情報のためMERGE。
input-0139,input-0139,input,.rn/20260724-ntf-yaml-support/input/ntf-testdata-doc.md,442,475,NTF テストデータ リファレンス > 7. メッセージングテストデータ > 7.2 FW 制御ヘッダフィールド,34,user,第3部 テストの実装方法,テストデータの書き方,使用方法,MERGE,fw_headerマップ（messagesでのみ使用）の適用範囲、フィールド名がプロジェクトごとに異なる旨、Excel（no行より前の名前｜値形式）とYAML（fw_header:マップ）の記法対比、コード例を説明。既存解説書・batch01-07いずれにも同内容の記法節は無く新規情報のためMERGE。「SystemRepositoryのreader.fwHeaderfieldsキーでプロジェクトが任意の名前に変更できる」という1文（3行程度）はsplit-plan.mdのcurrent-0066/0106で第2部（リクエスト単体テストの設定）に切り出し済みの同種プロパティ設定と同型の内容だが、本セクション全体（記法説明が主）の中の付随言及にとどまるため分割せずMERGE（要確認・分割候補）。
input-0140,input-0140,input,.rn/20260724-ntf-yaml-support/input/ntf-testdata-doc.md,477,480,NTF テストデータ リファレンス > 7. メッセージングテストデータ > 7.3 HEADER / BODY MESSAGES の構造と件数制約,4,user,第3部 テストの実装方法,テストデータの書き方,使用方法,MERGE,EXPECTED_REQUEST_HEADER_MESSAGESとEXPECTED_REQUEST_BODY_MESSAGESのエントリ数一致制約、HTTP同期応答メッセージの各データエントリの文字列長一致制約を説明。新規情報のためMERGE。
input-0141,input-0141,input,.rn/20260724-ntf-yaml-support/input/ntf-testdata-doc.md,482,493,NTF テストデータ リファレンス > 7. メッセージングテストデータ > 7.4 no 行（フィールド名称行）と errorMode,12,user,第3部 テストの実装方法,テストデータの書き方,使用方法,MERGE,電文の行構造（no行以降のフィールド名称行・データ型行・フィールド長行・データ行）のExcel/YAML対比と、errorMode（response系・MockMessaging経路限定でtimeout/msgExceptionをシミュレートする値）の挙動、RequestTestingSendSyncSupport経路では使用されない旨を説明。利用者が観測できる送受信エラーのシミュレーション方法であり新規情報のためMERGE。
input-0142,input-0142,input,.rn/20260724-ntf-yaml-support/input/ntf-testdata-doc.md,495,497,NTF テストデータ リファレンス > 7. メッセージングテストデータ > 7.5 複数回送信,3,user,第3部 テストの実装方法,テストデータの書き方,使用方法,MERGE,N回送信する場合はヘッダ・ボディ件数をともにN件ずつ記述し、同一リクエストIDで複数回送信する場合はno値を変えて送信順序と一致させる旨を説明。新規情報のためMERGE。
input-0143,input-0143,input,.rn/20260724-ntf-yaml-support/input/ntf-testdata-doc.md,499,501,NTF テストデータ リファレンス > 7. メッセージングテストデータ > 7.6 メッセージの groupId 収集,3,user,第3部 テストの実装方法,テストデータの書き方,使用方法,MERGE,同一groupIdを持つ複数のメッセージプールを収集し、識別子の値をリクエストIDとして使用するという挙動を説明。batch-06のinput-0011・batch-07のinput-0124が扱うテストケース単位のgroupIdグループ化とは異なる、メッセージング固有のgroupId収集の説明のため重複せずMERGE。
input-0144,input-0144,input,.rn/20260724-ntf-yaml-support/input/ntf-testdata-doc.md,503,505,NTF テストデータ リファレンス > 7. メッセージングテストデータ > 7.7 ステータスコード,3,user,第3部 テストの実装方法,テストデータの書き方,使用方法,MERGE,"ステータスコードカラムがない場合のデフォルト値""200""がExcel・YAML共通で使用される旨を説明。新規情報のためMERGE。"
input-0145,input-0145,input,.rn/20260724-ntf-yaml-support/input/ntf-testdata-doc.md,507,510,NTF テストデータ リファレンス > 7. メッセージングテストデータ > 7.8 フォーマット定義ファイルの命名規則,4,user,第3部 テストの実装方法,テストデータの書き方,使用方法,MERGE,応答電文（{requestId}_RECEIVE）・要求電文（{requestId}_SEND）というフォーマット定義ファイルの命名規則を説明。batch-03のcurrent-0168はExcelファイル名・シート名の命名規約でありフォーマット定義ファイルとは対象が異なるため重複せず新規情報としてMERGE。
input-0146,input-0146,input,.rn/20260724-ntf-yaml-support/input/ntf-testdata-doc.md,512,514,NTF テストデータ リファレンス > 7. メッセージングテストデータ > 7.9 アサート方式の切り替え,3,user,第3部 テストの実装方法,テストデータの書き方,使用方法,MERGE,"SystemRepositoryのmessaging.assertAsMapFileTypeキーの設定値でアサート方式が切り替わり、未設定時のデフォルトは""Fixed""形式（項目単位アサート）である旨を説明。SystemRepositoryキーの説明でありdesign.mdの第2部「コンポーネント設定ファイルの設定項目一覧」に該当しうるが、本セクションの主眼はテストデータの書き方（アサート方式）に直結する挙動でありbatch-06のinput-0012・input-0016と同型の小規模な付随設定言及のため分割せずMERGE（要確認・分割候補）。"
input-0147,input-0147,input,.rn/20260724-ntf-yaml-support/input/ntf-testdata-doc.md,516,527,NTF テストデータ リファレンス > 7. メッセージングテストデータ > 7.10 record_type の扱い,12,user,第3部 テストの実装方法,テストデータの書き方,使用方法,MERGE,"messages/expected_request_*_messages/response_*_messagesのrecord_type値はフレームワーク内部で常に""default""に置き換えられ、Excel・YAMLいずれも任意の値を装飾的に記述できるだけで実行時挙動に影響しない旨、旧版でFW制御ヘッダをrecord_type: FW_HEADERのレコードとして表していたが本仕様ではfw_headerマップで記述する旨の移行注意を説明。新規情報のためMERGE。"
input-0148,input-0148,input,.rn/20260724-ntf-yaml-support/input/ntf-testdata-doc.md,531,553,NTF テストデータ リファレンス > 8. 値の書き方 > 8.1 値の種類と Excel / YAML 対比,23,user,第3部 テストの実装方法,テストデータの書き方,使用方法,MERGE,通常の文字列・null・空文字・先頭ゼロ付き数値・true/false・半角スペース・ダブルクォート・日時プレースホルダ・バイナリファイル参照・文字種生成・改行文字(CR)の11種の値をExcel/YAML双方の記述形式で対比した表と、YAMLのクォートルール・Excelのセル書式（文字列書式限定）を説明。null・ダブルクォート・日時プレースホルダ・文字種生成・改行文字の行はbatch-03のcurrent-0174（セルへの特殊な記述方法、テストデータの書き方/使用方法へMOVE済み）と概念が重複するが、YAML側の記述列とクォートルール、および通常の文字列・空文字・先頭ゼロ付き数値・true/falseの4行は現行解説書に無い新規情報のため、セクション全体をMERGE（分割はしない）。
input-0149,input-0149,input,.rn/20260724-ntf-yaml-support/input/ntf-testdata-doc.md,555,557,NTF テストデータ リファレンス > 8. 値の書き方 > 8.2 インタープリタチェーンの仕組み,3,user,第3部 テストの実装方法,テストデータの書き方,使用方法,MERGE,テストデータの値はパース時にインタープリタチェーンを通過して変換され、DI設定で注入されたインタープリタが順番に適用されるという仕組みを説明。特殊記法（8.1・current-0174）がどのように解釈されるかの前提知識であり新規情報のためMERGE。
current-0159,current-0159,current,ja/development_tools/testing_framework/guide/development_guide/05_UnitTestGuide/index.rst,1,2,(冒頭),2,user,,,,DROP,本文は「.. _unitTestGuide:」というRST内部アンカーラベルと空行のみで、実体的な記述がない。新規ページ作成時に:refラベルを付与し直せば足りるため対応不要（current-0022・current-0029と同型のDROPパターン）。
current-0160,current-0160,current,ja/development_tools/testing_framework/guide/development_guide/05_UnitTestGuide/index.rst,6,106,単体テスト実施方法,101,user,,,,DROP,「単体テスト実施方法」という章題の下、共通・ウェブアプリケーション・RESTfulウェブサービス・バッチ処理・メッセージング処理（各方式）・その他の処理という区分ごとに配下ページへのtoctreeディレクティブを列挙するのみで、プロセス文・説明文を一切含まない純粋なナビゲーションTOC。split-plan.md（current-0160行）で「本文はtoctreeのみでプロセス文・説明文を含まない。特定の1ページ本文に割り付けるべき地の文が存在しない」としてsplit=noと事前承認済み。判断ルール3によりDROP。配下各ページの実内容は該当する処理方式別セクションとして別途マッピングされる想定。
current-0097,current-0097,current,ja/development_tools/testing_framework/guide/development_guide/05_UnitTestGuide/02_RequestUnitTest/mail.rst,1,2,(冒頭),2,user,,,,DROP,.. _`mail_request_test`: というRST内部アンカーラベルのみで実体的な記述がない。判断ルール3によりDROP。新規ページ作成時に:refラベルを付与し直せば足りる。
current-0098,current-0098,current,ja/development_tools/testing_framework/guide/development_guide/05_UnitTestGuide/02_RequestUnitTest/mail.rst,9,20,リクエスト単体テストの実施方法(メール送信) > メール送信処理の構造とテスト範囲,12,user,第3部 テストの実装方法,リクエスト単体テスト（ウェブアプリケーション）,使用方法,MOVE,メール送信は業務アプリケーションがフレームワーク提供のメール送信要求APIを呼ぶだけであり、リクエスト単体テストの範囲はメール送信要求がDB（メール送信要求・送信先・添付ファイルの3テーブル）へ正しく格納されることの確認までである旨と処理概要図。design.mdにメール送信固有の受け皿ページはなく（用語集§11.1申し送り）、同フォルダの処理方式非依存節（index.rst由来）がリクエスト単体テスト（ウェブアプリケーション）へ割り当てられた前例（batch-01 current-0079）に倣い同ページへMOVE。処理方式非依存のため要確認。
current-0099,current-0099,current,ja/development_tools/testing_framework/guide/development_guide/05_UnitTestGuide/02_RequestUnitTest/mail.rst,23,28,リクエスト単体テストの実施方法(メール送信) > テストの実施方法,6,user,第3部 テストの実装方法,リクエスト単体テスト（ウェブアプリケーション）,使用方法,MOVE,前述のメール送信要求・送信先・添付ファイルの3テーブルについて、他の単体テストと同様に期待値をExcelシートに記述すればよいという実施手順。current-0098と同一ファイル内の直後の手順のため同じくリクエスト単体テスト（ウェブアプリケーション）の使用方法へMOVE。
current-0181,current-0181,current,ja/development_tools/testing_framework/guide/development_guide/06_TestFWGuide/02_DbAccessTest.rst,8,15,データベースを使用するクラスのテスト > 概要 > (L2直下),8,user,第3部 テストの実装方法,コンポーネント単体テスト,機能概要,MOVE,「データベースアクセスクラスなど、データベースを使用するクラスをテストする方法を記載する」という本ページの導入文（L2直下）。split-plan.mdのcurrent-0184/0185判定と同じく、データベースを使用するクラスのテストはAction/Componentクラスを対象とするコンポーネント単体テストの一種として扱い、コンポーネント単体テストページの機能概要へ割り当てる。判断ルール1によりサブ見出し（全体像）と同じdest_sectionとする。
current-0182,current-0182,current,ja/development_tools/testing_framework/guide/development_guide/06_TestFWGuide/02_DbAccessTest.rst,18,44,データベースを使用するクラスのテスト > 概要 > 全体像,27,user,第3部 テストの実装方法,コンポーネント単体テスト,機能概要,MOVE,"class_structure.png（全体像図）と「テストクラス／テストデータ（Excelファイル）／テスト対象クラス／DbAccessTestSupport」の役割・作成単位を示す「主なクラス, リソース」表。design.md第3部の機能概要（全体像図・主なクラスとリソース表）に一致する内容のため、current-0181と同じくコンポーネント単体テストページの機能概要へMOVE。"
current-0183,current-0183,current,ja/development_tools/testing_framework/guide/development_guide/06_TestFWGuide/02_DbAccessTest.rst,48,52,データベースを使用するクラスのテスト > 基本的なテスト方法 > (L2直下),5,user,第3部 テストの実装方法,コンポーネント単体テスト,使用方法,MOVE,「目的に応じた、本フレームワークのAPIの使用方法を以下に記載する」という基本的なテスト方法の導入文（L2直下）。直後の参照系のテスト・更新系のテスト（current-0184-a/0185-aとしてコンポーネント単体テストの使用方法へ帰属）を導く文のため、判断ルール1により同じdest_sectionへMOVE。
current-0184-a,current-0184,current,ja/development_tools/testing_framework/guide/development_guide/06_TestFWGuide/02_DbAccessTest.rst,55,100,データベースを使用するクラスのテスト > 基本的なテスト方法 > 参照系のテスト,46,user,第3部 テストの実装方法,コンポーネント単体テスト,使用方法,SPLIT,参照系テストの手順（準備データ登録→対象メソッド起動→戻り値検証）、シーケンス図、テストソースコード実装例。split-plan.md（current-0184）が確定した分割どおり55-100行をコンポーネント単体テストの使用方法へ割り当てる。101-165行のテストデータ記述例は別行(current-0184-b)でテストデータの書き方へ割り当てる。
current-0184-b,current-0184,current,ja/development_tools/testing_framework/guide/development_guide/06_TestFWGuide/02_DbAccessTest.rst,101,165,データベースを使用するクラスのテスト > 基本的なテスト方法 > 参照系のテスト,65,user,第3部 テストの実装方法,テストデータの書き方,使用方法,SPLIT,SETUP_TABLE／LIST_MAPを使ったDBテーブルの事前登録データ・検索結果期待値の記法説明（101-165行）。split-plan.mdの確定分割どおり、current-0189（SETUP_TABLE/EXPECTED_TABLE/EXPECTED_COMPLETE_TABLEの省略記法の具体例、同じくテストデータの書き方へ割当）と同一種類の記法のため、design.md§4の記法統合方針に従いテストデータの書き方ページへ割り当てる。
current-0185-a,current-0185,current,ja/development_tools/testing_framework/guide/development_guide/06_TestFWGuide/02_DbAccessTest.rst,168,220,データベースを使用するクラスのテスト > 基本的なテスト方法 > 更新系のテスト,53,user,第3部 テストの実装方法,コンポーネント単体テスト,使用方法,SPLIT,更新系テストの手順（準備データ登録→対象メソッド起動→コミット→更新結果確認）、コミットに関するimportant/tip、シーケンス図、テストソースコード実装例。split-plan.md（current-0185）が確定した分割どおり168-220行をコンポーネント単体テストの使用方法へ割り当てる。221-268行の記法部分は別行(current-0185-b)。
current-0185-b,current-0185,current,ja/development_tools/testing_framework/guide/development_guide/06_TestFWGuide/02_DbAccessTest.rst,221,268,データベースを使用するクラスのテスト > 基本的なテスト方法 > 更新系のテスト,48,user,第3部 テストの実装方法,テストデータの書き方,使用方法,SPLIT,SETUP_TABLE／EXPECTED_TABLEを使った更新系テストの事前登録データ・期待値の記法説明（221-268行）。current-0184-bと同型でsplit-plan.mdの確定分割どおりテストデータの書き方ページへ割り当てる。
current-0186,current-0186,current,ja/development_tools/testing_framework/guide/development_guide/06_TestFWGuide/02_DbAccessTest.rst,272,291,データベースを使用するクラスのテスト > データベーステストデータの省略記述方法 > (L2直下),20,user,第3部 テストの実装方法,テストデータの書き方,使用方法,MOVE,カラムを省略できる理由（可読性・保守性向上）と、省略時にデフォルト値が適用されること、検索結果・登録系テストでは省略不可という制約を説明する省略記法の導入節（L2直下）。判断ルール2の「純粋なテストデータ記法説明」に該当し、直後のDBに準備データのカラムを省略する場合／DB期待値のカラムを省略する場合（current-0187/0188）と同じテストデータの書き方ページへMOVE。
current-0187,current-0187,current,ja/development_tools/testing_framework/guide/development_guide/06_TestFWGuide/02_DbAccessTest.rst,294,300,データベースを使用するクラスのテスト > データベーステストデータの省略記述方法 > DBに準備データのカラムを省略する場合,7,user,第3部 テストの実装方法,テストデータの書き方,使用方法,MOVE,準備データのカラムを省略した場合、省略カラムには:ref:`default_values_when_column_omitted`（デフォルト値）が設定される旨、主キーカラムは省略不可という記法上の制約。純粋なテストデータ記法のためテストデータの書き方ページへMOVE。
current-0188,current-0188,current,ja/development_tools/testing_framework/guide/development_guide/06_TestFWGuide/02_DbAccessTest.rst,303,312,データベースを使用するクラスのテスト > データベーステストデータの省略記述方法 > DB期待値のカラムを省略する場合,10,user,第3部 テストの実装方法,テストデータの書き方,使用方法,MOVE,期待値のカラムを省略した場合、EXPECTED_TABLEでは比較対象外・EXPECTED_COMPLETE_TABLEではデフォルト値とみなして比較、というデータタイプ別の省略記法の挙動差。純粋な記法説明のためテストデータの書き方ページへMOVE。
current-0189,current-0189,current,ja/development_tools/testing_framework/guide/development_guide/06_TestFWGuide/02_DbAccessTest.rst,315,426,データベースを使用するクラスのテスト > データベーステストデータの省略記述方法 > 具体例,112,user,第3部 テストの実装方法,テストデータの書き方,使用方法,MOVE,SETUP_TABLE/EXPECTED_TABLE/EXPECTED_COMPLETE_TABLEを使った省略記法の具体例（全カラム記載の悪い例と関係カラムのみの良い例の対比）。split-plan.mdがcurrent-0184/0185の記法部分の合流先として明示的に指定した先例。テストデータの書き方ページへMOVE。
current-0190,current-0190,current,ja/development_tools/testing_framework/guide/development_guide/06_TestFWGuide/02_DbAccessTest.rst,429,443,データベースを使用するクラスのテスト > データベーステストデータの省略記述方法 > デフォルト値,15,user,第3部 テストの実装方法,テストデータの書き方,使用方法,MOVE,省略時のデフォルト値一覧表（数値型=0、文字列型=半角スペース、日付型=1970-01-01 00:00:00.0）。省略記法を解釈するために必要な参照情報であり、記法説明の一部としてテストデータの書き方ページへMOVE。デフォルト値を変更する設定手順(current-0191)とは異なりコンポーネント設定ファイルへの言及がないため第2部には送らない。
current-0191,current-0191,current,ja/development_tools/testing_framework/guide/development_guide/06_TestFWGuide/02_DbAccessTest.rst,446,495,データベースを使用するクラスのテスト > データベーステストデータの省略記述方法 > デフォルト値の変更方法,50,user,第2部 導入と設定,クラス単体テストの設定,使用方法,MOVE,BasicDefaultValuesクラスのcharValue/numberValue/dateValueのコンポーネント設定項目一覧と、設定を反映したコンポーネント設定ファイルの記述例（XML）。design.md§3の第2部記載範囲表が定める「コンポーネント設定ファイルの設定項目一覧」「設定ファイルの記述例」そのものであり、design.mdに専用ページがないため、クラス単体テストの設定（データベースを使用するクラスのテストもクラス単体テストの一種）へMOVE。
current-0192,current-0192,current,ja/development_tools/testing_framework/guide/development_guide/06_TestFWGuide/02_DbAccessTest.rst,503,511,データベースを使用するクラスのテスト > 注意点 > setUpDbメソッドに関する注意点,9,user,第3部 テストの実装方法,テストデータの書き方,使用方法,MOVE,setUpDbメソッドの注意点2点：(1)Excelファイルは全カラム記述不要で省略カラムにはデフォルト値が設定される（current-0187と一部重複）、(2)1シート内に複数のSETUP_TABLEを記述でき、setUpDb(sheetName)実行時は指定シート内の全SETUP_TABLEが登録対象になるという記法。(2)は新規のテストデータ記法（1シート複数テーブル）のため、判断ルール2に従いテストデータの書き方ページへMOVE。(1)はcurrent-0187と重複するが同一節内のため分離せずまとめて移す。
current-0193,current-0193,current,ja/development_tools/testing_framework/guide/development_guide/06_TestFWGuide/02_DbAccessTest.rst,514,524,データベースを使用するクラスのテスト > 注意点 > assertTableEqualsメソッドに関する注意点,11,user,第3部 テストの実装方法,テストデータの書き方,使用方法,MOVE,assertTableEqualsメソッドの注意点4点：期待値の省略カラムは比較対象外（current-0188と同型の記法）、レコード順序は主キー突合のため意識不要（挙動）、1シート内の複数EXPECTED_TABLEが比較対象になる記法、Timestamp型の期待値フォーマット（yyyy-mm-dd hh:mm:ss.fffffffff・末尾ゼロ要）という記法上の要求。大半が記法説明のためテストデータの書き方ページへMOVE。レコード順不問の挙動説明が混在するが小節のため分離しない（要確認）。
current-0194,current-0194,current,ja/development_tools/testing_framework/guide/development_guide/06_TestFWGuide/02_DbAccessTest.rst,527,535,データベースを使用するクラスのテスト > 注意点 > assertSqlResultSetEqualsメソッドに関する注意点,9,user,第3部 テストの実装方法,コンポーネント単体テスト,使用方法,MOVE,assertSqlResultSetEqualsメソッドの比較挙動の注意点：SELECT文で指定した全カラムが比較対象になり除外不可であること、主キーがSELECT対象に含まれるとは限らずORDER BY指定があるためレコード順序が異なる場合はアサート失敗になること。テストデータの記法ではなくメソッドの比較アルゴリズムの説明のため、判断ルール2の「手順・挙動の説明は機能別ページに残す」によりコンポーネント単体テストの使用方法へMOVE。
current-0195,current-0195,current,ja/development_tools/testing_framework/guide/development_guide/06_TestFWGuide/02_DbAccessTest.rst,538,543,データベースを使用するクラスのテスト > 注意点 > クラス単体テストにおける登録・更新系テストの注意点,6,user,第3部 テストの実装方法,コンポーネント単体テスト,使用方法,MOVE,登録・更新系テストではThreadContextにリクエストID・ユーザIDの設定が必要（自動設定項目利用時）、デフォルト以外のトランザクションを使う場合はフレームワークにトランザクション制御させる設定が必要という、テスト実行前の準備手順の注意点。記法ではなく実施手順の説明のためコンポーネント単体テストの使用方法へMOVE。
current-0196,current-0196,current,ja/development_tools/testing_framework/guide/development_guide/06_TestFWGuide/02_DbAccessTest.rst,546,548,データベースを使用するクラスのテスト > 注意点 > 外部キーが設定されたテーブルにデータをセットアップしたい,3,user,第3部 テストの実装方法,コンポーネント単体テスト,使用方法,REFERENCE,外部キーが設定されたテーブルへのデータセットアップは:ref:`master_data_backup`と同じ機能（親子関係判断による削除・登録）を使う旨を述べ、詳細は:ref:`MasterDataRestore-fk_key`（マスタデータ復旧機能）を参照させる導線のみの短い節。current-0135/0136と同型の参照のみの節のためREFERENCEとし、コンポーネント単体テストの使用方法へ割り当てる。
current-0197,current-0197,current,ja/development_tools/testing_framework/guide/development_guide/06_TestFWGuide/02_DbAccessTest.rst,551,554,データベースを使用するクラスのテスト > 注意点 > Excelファイルに記述できるカラムのデータ型に関する注意点,4,user,第3部 テストの実装方法,テストデータの書き方,使用方法,MOVE,Excelファイルのテストデータとして記述できるカラムのデータ型はSqlPStatementが対応する型に限られ、それ以外（Oracle ROWID、PostgreSQL OID等）は記述できないという、テストデータとして書けるデータ型の制約を示す記法上の注意。純粋なテストデータ記法のためテストデータの書き方ページへMOVE。
input-0019,input-0019,input,.rn/20260724-ntf-yaml-support/input/ntf-doc-terms.md,278,295,NTF 解説書（v6）用語リファレンス > testShots / requestParams（テストケース一覧） > testShots カラム一覧（バッチ処理）,18,user,第3部 テストの実装方法,テストデータの書き方,使用方法,MOVE,バッチ処理向けtestShotsの全12カラム（no/description/expectedStatusCode/diConfig/requestPath/userId/setUpTable/setUpFile/expectedTable/expectedFile/expectedLog/args[n]）の一覧表。出典の06_TestFWGuide/RequestUnitTest_batch.rstおよび05_UnitTestGuide/02_RequestUnitTest/batch.rstはbatch-01〜09いずれの現行解説書処理でも未着手（今後のバッチで処理予定）のため重複なし。testShotsはウェブアプリケーション版（batch-01のcurrent-0081）と同じくテストデータの記法であり同一のテストデータの書き方ページへMOVE。
input-0020,input-0020,input,.rn/20260724-ntf-yaml-support/input/ntf-doc-terms.md,297,311,NTF 解説書（v6）用語リファレンス > testShots / requestParams（テストケース一覧） > testShots カラム一覧（メッセージング受信）,15,user,第3部 テストの実装方法,テストデータの書き方,使用方法,MOVE,メッセージング受信処理向けtestShotsの9カラム（no/description/expectedStatusCode/diConfig/requestPath/userId/setUpTable/expectedTable/expectedLog）の一覧表。出典のRequestUnitTest_real.rst/real.rstは未処理のため重複なし。バッチ処理版（input-0019）と同型の記法のため同じくテストデータの書き方ページへMOVE。
input-0021,input-0021,input,.rn/20260724-ntf-yaml-support/input/ntf-doc-terms.md,313,324,NTF 解説書（v6）用語リファレンス > testShots / requestParams（テストケース一覧） > ログ検証（expectedLog）,12,user,第3部 テストの実装方法,テストデータの書き方,使用方法,MOVE,LIST_MAP=expectedLogMessagesとして定義するログ検証用データの2カラム（logLevel・message1／message2など複数設定可能な文言カラム）の記法。出典のRequestUnitTest_batch.rstは未処理で重複なし。expectedLogカラム自体はinput-0019/0020のtestShots表にも登場する関連記法のため同じくテストデータの書き方ページへMOVE。
input-0022,input-0022,input,.rn/20260724-ntf-yaml-support/input/ntf-doc-terms.md,328,340,NTF 解説書（v6）用語リファレンス > メッセージング > 基本用語,13,user,第3部 テストの実装方法,テストデータの書き方,使用方法,MERGE,電文・要求電文・応答電文・電文種別・フレームワーク制御ヘッダ・メッセージボディという一般的なメッセージング処理の用語と、setUpMessages/expectedMessages（メッセージング受信テストの固定ID）・no（電文内の連番フィールド）というNTF固有用語を混在させた定義表。batch-08で扱ったntf-testdata-doc.mdのメッセージングテストデータ記法（7.1〜7.10）はこれらの用語を前提として使うのみで定義自体は与えておらず重複しない。後続のメッセージデータ構造説明を読むための前提語彙のためテストデータの書き方ページへMERGE。
input-0023,input-0023,input,.rn/20260724-ntf-yaml-support/input/ntf-doc-terms.md,342,363,NTF 解説書（v6）用語リファレンス > メッセージング > メッセージデータ構造（受信: setUpMessages / expectedMessages）,22,user,第3部 テストの実装方法,テストデータの書き方,使用方法,MERGE,MESSAGE=setUpMessagesまたはMESSAGE=expectedMessagesの記法仕様。ディレクティブ行（text-encoding・record-separator・requestId・file-type）とメッセージボディの行構造（フィールド名称行・データ型行・フィールド長行・実データ行）を説明。batch-06のinput-0016（ファイルデータ向けディレクティブ表）とは対象データ型が異なり重複しない新規のメッセージ向け記法情報のためMERGE。末尾のFwHeaderDefinition/fwHeaderDefinitionコンポーネント登録に関する記述はコンポーネント設定寄りの話題だが記法説明が主眼の節内の付随言及のため分割せずまとめてテストデータの書き方ページへ含める（要確認・分割候補）。
input-0024,input-0024,input,.rn/20260724-ntf-yaml-support/input/ntf-doc-terms.md,365,382,NTF 解説書（v6）用語リファレンス > メッセージング > メッセージデータタイプ（同期応答メッセージ送信）,18,user,第3部 テストの実装方法,テストデータの書き方,使用方法,MOVE,同期応答メッセージ送信テストのデータタイプ4種（EXPECTED_REQUEST_HEADER_MESSAGES/EXPECTED_REQUEST_BODY_MESSAGES/RESPONSE_HEADER_MESSAGES/RESPONSE_BODY_MESSAGES）の用途表と、グループID付き書式例・電文データの行構造・ディレクティブ記載不要項目（file-type・record-length）を説明。出典のRequestUnitTest_send_sync.rstは未処理で重複なし。データタイプ一覧はDB系（batch-06のinput-0012）と同種の記法情報のため同じくテストデータの書き方ページへMOVE。
input-0025,input-0025,input,.rn/20260724-ntf-yaml-support/input/ntf-doc-terms.md,384,391,NTF 解説書（v6）用語リファレンス > メッセージング > 障害系テスト用特殊値,8,user,,,,DROP,応答電文の最初のフィールドに設定するerrorMode:timeout（MessageSendSyncTimeoutException）・errorMode:msgException（MessagingException）という障害シミュレーション用特殊値の説明。batch-08のinput-0141「7.4 no行（フィールド名称行）とerrorMode」がerrorMode:timeout/msgExceptionの挙動（response系・MockMessaging経路限定でRequestTestingSendSyncSupport経路では使用されない旨を含む）をより詳しく説明済みで完全に重複するためDROP。
input-0026,input-0026,input,.rn/20260724-ntf-yaml-support/input/ntf-doc-terms.md,393,397,NTF 解説書（v6）用語リファレンス > メッセージング > 制約事項（同期応答メッセージ送信）,5,user,第3部 テストの実装方法,テストデータの書き方,使用方法,MERGE,フィールド名称の重複禁止・複数レコード電文でのヘッダと本文の交互記載・expectedMessageまたはresponseMessageが空欄で送信された場合にテスト失敗となる旨の3制約。batch-08のinput-0140「7.3 HEADER/BODY MESSAGESの構造と件数制約」はエントリ数一致制約と文字列長一致制約を扱っており本節の3制約とは対象が異なり重複しないためMERGE。
input-0027,input-0027,input,.rn/20260724-ntf-yaml-support/input/ntf-doc-terms.md,399,411,NTF 解説書（v6）用語リファレンス > メッセージング > HTTP 同期応答メッセージ送信の用語読み替え,13,user,第3部 テストの実装方法,リクエスト単体テスト（HTTPメッセージング）,使用方法,MERGE,「同期応答メッセージ送信」との差分のみを示す節で、MockMessagingContext→MockMessagingClient・RequestTestingMessagingProvider→RequestTestingMessagingClientという用語読み替え表。出典のRequestUnitTest_http_send_sync.rstは未処理で重複なし。読み替え元クラス（input-0034参照）はMOMによるメッセージング処理方式のクラスであり、読み替え表自体はHTTPメッセージング処理方式固有の情報のためリクエスト単体テスト（HTTPメッセージング）ページの使用方法へMERGE。
input-0028,input-0028,input,.rn/20260724-ntf-yaml-support/input/ntf-doc-terms.md,415,426,NTF 解説書（v6）用語リファレンス > テスト種別と主要クラス > テスト種別の正式名称,12,user,第1部 テスティングフレームワークとは,テスティングフレームワークとは,テストの種類,MERGE,クラス単体テスト・リクエスト単体テスト（ウェブアプリケーション/RESTfulウェブサービス/バッチ処理/メッセージ受信処理/同期応答メッセージ送信処理/HTTP同期応答メッセージ送信処理の6区分）・取引単体テストという正式名称と一行説明の一覧表。design.md第1部「テストの種類」が定めるクラス単体テスト/リクエスト単体テスト/取引単体テストの対比表を補う名称確定情報であり、既存解説書には未収載の新規情報のため第1部テスティングフレームワークとはページのテストの種類セクションへMERGE。
input-0029,input-0029,input,.rn/20260724-ntf-yaml-support/input/ntf-doc-terms.md,428,442,NTF 解説書（v6）用語リファレンス > テスト種別と主要クラス > DB アクセステスト,15,user,,,,DROP,参照系テスト（SELECT/setUpDb/assertSqlResultSetEquals）と更新系テスト（INSERT・UPDATE・DELETE/commitTransactions必須/assertTableEquals）の分類表、およびsetUpDb・assertSqlResultSetEquals・assertTableEquals・commitTransactionsの4メソッド一覧表。batch-09が06_TestFWGuide/02_DbAccessTest.rstを処理済みで、current-0182（DbAccessTestSupport等の主なクラスとリソース表）・current-0192（setUpDbメソッドに関する注意点）・current-0193（assertTableEqualsメソッドに関する注意点）・current-0194（assertSqlResultSetEqualsメソッドに関する注意点）が同じ4メソッドの挙動をより詳細に説明済みで完全に重複するためDROP。
input-0030-a,input-0030,input,.rn/20260724-ntf-yaml-support/input/ntf-doc-terms.md,444,462,NTF 解説書（v6）用語リファレンス > テスト種別と主要クラス > リクエスト単体テスト（ウェブアプリケーション）の主要クラス,19,user,第3部 テストの実装方法,リクエスト単体テスト（ウェブアプリケーション）,使用方法,MERGE,DbAccessTestSupport・HttpServer・HttpRequestTestSupport・BasicHttpRequestTestTemplate・TestCaseInfoの主要クラス表、setUpDb/testShots/requestParamsのシート構成、HTMLダンプ出力先（tmp/html_dump）とファイル命名、htmlDumpDir等5項目のコンポーネント設定表を含む。シート構成はbatch-01のcurrent-0079〜0081・current-0085と、HTMLダンプ出力先はcurrent-0093とそれぞれ重複するが、主要クラス表とコンポーネント設定表は出典06_TestFWGuide/02_RequestUnitTest.rstが未処理のため新規情報であり、判断ルール5に従いセクション全体をリクエスト単体テスト（ウェブアプリケーション）ページの使用方法へMERGE。コンポーネント設定表は本来第2部の設定項目一覧に該当し得るが小節のため分割しない（要確認・分割候補）。 [3観点レビュー対応] 主なクラス表・シート構成・HTMLダンプ出力先の部分のみ。444-462行に範囲を縮小。
input-0030-b,input-0030,input,.rn/20260724-ntf-yaml-support/input/ntf-doc-terms.md,463,472,NTF 解説書（v6）用語リファレンス > テスト種別と主要クラス > リクエスト単体テスト（ウェブアプリケーション）の主要クラス,10,user,,,,DROP,実測: 「コンポーネント設定の主要項目」表（htmlDumpDir/webBaseDir/userIdSessionKey/dumpVariableItem/checkHtmlの5項目、デフォルト値付き）。current-0211（`02_RequestUnitTest.rst`312-415行、同じ5項目を含む14項目のより詳細な設定表、第2部リクエスト単体テストの設定（ウェブアプリケーション）使用方法へMOVE済み）と完全に重複する（デフォルト値も一致）ため判断ルール5によりDROP（[3観点レビュー対応]、重複先: current-0211。463-472行に分割）。
input-0031,input-0031,input,.rn/20260724-ntf-yaml-support/input/ntf-doc-terms.md,474,486,NTF 解説書（v6）用語リファレンス > テスト種別と主要クラス > リクエスト単体テスト（RESTful ウェブサービス）,13,user,,,,DROP,2026-07-28 batch-17でRequestUnitTest_rest.rstを処理した際に実際に読み比べて重複を確認したため、MOVEからDROPへ変更（batch-10時点の「出典未処理で重複なし」は暫定判断だった）。本行はRestTestSupport・SimpleRestTestSupport・RestMockHttpRequestの主要クラス表、get/post/put/patch/delete/newRequestによるリクエスト構築、assertStatusCode・readTextResourceによる結果検証と外部ライブラリ推奨、必須モジュール（nablarch-testing-rest等3件）という要約13行だが、出典のRequestUnitTest_rest.rstは同内容をそれぞれ実際のメソッドシグネチャ・引数・コード例・tip・ファイル配置表を伴うより詳細な形で持つ（主なクラス表: current-0309、モジュール一覧: current-0310、SimpleRestTestSupport: current-0313、RestTestSupport: current-0314、事前準備補助機能(リクエスト構築): current-0316、結果確認(assertStatusCode/readTextResource/外部ライブラリ推奨): current-0318）。判断ルール5に従い、より詳細な現行解説書側（current-0309/0310/0313/0314/0316/0318、いずれもbatch-17で使用方法または機能概要へMOVE済み）を残し、簡略な本行（input-0031）をDROPする。
input-0032,input-0032,input,.rn/20260724-ntf-yaml-support/input/ntf-doc-terms.md,488,499,NTF 解説書（v6）用語リファレンス > テスト種別と主要クラス > リクエスト単体テスト（バッチ処理）,12,user,第3部 テストの実装方法,リクエスト単体テスト（Nablarchバッチアプリケーション）,使用方法,MOVE,StandaloneTestSupportTemplate・BatchRequestTestSupport・TestShot・MainForRequestTestingの主要クラス表と、常駐バッチテスト時にRequestThreadLoopHandlerをOneShotLoopHandlerへ変更する設定変更点を説明。出典のRequestUnitTest_batch.rstは未処理で重複なし。バッチ処理方式固有の内容のためリクエスト単体テスト（Nablarchバッチアプリケーション）ページの使用方法へMOVE。
input-0033,input-0033,input,.rn/20260724-ntf-yaml-support/input/ntf-doc-terms.md,501,510,NTF 解説書（v6）用語リファレンス > テスト種別と主要クラス > リクエスト単体テスト（メッセージ受信処理）,10,user,第3部 テストの実装方法,リクエスト単体テスト（MOMによるメッセージング）,使用方法,MOVE,StandaloneTestSupportTemplate・TestShot・MessagingRequestTestSupport（同期応答メッセージ用）・MessagingReceiveTestSupport（応答不要メッセージ用）の主要クラス表。出典のRequestUnitTest_real.rstは未処理で重複なし。メッセージ受信処理はMOMによるメッセージングの受信側処理方式のためリクエスト単体テスト（MOMによるメッセージング）ページの使用方法へMOVE。
input-0034,input-0034,input,.rn/20260724-ntf-yaml-support/input/ntf-doc-terms.md,512,525,NTF 解説書（v6）用語リファレンス > テスト種別と主要クラス > リクエスト単体テスト（同期応答メッセージ送信処理）,14,user,第3部 テストの実装方法,リクエスト単体テスト（MOMによるメッセージング）,使用方法,MOVE,StandaloneTestSupportTemplate・AbstractHttpRequestTestTemplate・RequestTestingMessagingProvider・MessageSender・TestDataConvertor・MockMessagingContextの主要クラス表。出典のRequestUnitTest_send_sync.rstは未処理で重複なし。MockMessagingContext等はinput-0027のHTTP版読み替え表の読み替え元でありMOMによるメッセージングの同期応答送信処理方式のためリクエスト単体テスト（MOMによるメッセージング）ページの使用方法へMOVE。
input-0035,input-0035,input,.rn/20260724-ntf-yaml-support/input/ntf-doc-terms.md,527,538,NTF 解説書（v6）用語リファレンス > その他のフレームワーク固有用語,12,user,第3部 テストの実装方法,リクエスト単体テスト（ウェブアプリケーション）,使用方法,MERGE,内蔵サーバ（HttpServer）・リクエストスコープ・BasicDefaultValues・FixedSystemTimeProvider・FastTableIdGenerator・nablarch.test.resource-root・BasicAdvice・beforeExecute()/afterExecute()の用語定義表。BasicDefaultValuesはbatch-09のcurrent-0191、FixedSystemTimeProviderはbatch-04のcurrent-0226、FastTableIdGeneratorはcurrent-0228、resource-rootはbatch-05のcurrent-0246、BasicAdvice#afterExecuteはcurrent-0241でそれぞれ設定方法や使用例が既に詳しく説明済みで重複するが、内蔵サーバとリクエストスコープは未収載の新規語彙のため判断ルール5に従いセクション全体をリクエスト単体テスト（ウェブアプリケーション）ページの使用方法へMERGE（内蔵サーバ・リクエストスコープとも同ページの主要クラス表現に関連する用語のため）。
current-0331,current-0331,current,ja/development_tools/testing_framework/guide/development_guide/06_TestFWGuide/index.rst,1,2,(冒頭),2,user,,,,DROP,本文は「.. _testFWGuide:」というRST内部アンカーラベルと空行のみで実体的な記述がない。新規ページ作成時に:refラベルを付与し直せば足りるため対応不要。判断ルール3によりDROP（batch-01のcurrent-0022/0076と同型）。
current-0332,current-0332,current,ja/development_tools/testing_framework/guide/development_guide/06_TestFWGuide/index.rst,6,22,自動テストフレームワークの使用方法,17,user,,,,DROP,「自動テストフレームワークの使用方法」という章題と、配下11ページ（01_Abstract/02_DbAccessTest/02_RequestUnitTest/RequestUnitTest_rest/RequestUnitTest_batch/RequestUnitTest_real/RequestUnitTest_send_sync/RequestUnitTest_http_send_sync/03_Tips/04_MasterDataRestore/JUnit5_Extension）へのtoctreeディレクティブのみで実体的な解説内容を持たない純粋なナビゲーションTOC。判断ルール3によりDROP（batch-01のcurrent-0023と同型）。配下各ページの実内容は個別のセクションとして今後のバッチで個別にマッピングされる想定。
current-0147,current-0147,current,ja/development_tools/testing_framework/guide/development_guide/05_UnitTestGuide/03_DealUnitTest/real.rst,4,36,取引単体テストの実施方法（同期応答メッセージ受信処理),33,user,第3部 テストの実装方法,取引単体テスト（MOMによるメッセージング）,使用方法,MOVE,同期応答メッセージ受信処理では1リクエスト=1取引となることがほとんどで取引単体テストは不要だが、複数メッセージで取引が成立する場合はバッチと同様にリクエスト毎のテストを連続実行することで取引単体テストが実施可能である旨、スーパークラスがMessagingRequestTestSupportになる点、テストクラスのパッケージ・命名規則（<取引ID>Test）、コード例を含む。バッチの実施方法（doc:./batch）を参照する一文で締めるが、batch-04のcurrent-0135・batch-05のcurrent-0136（本ファイルreal.rstを参照先とする純粋な導線のみの節）とは異なり、いつ取引単体テストが不要かの判断基準・スーパークラスの違い・命名規則という実体的な手順情報を自ら持つため判断ルール6によりREFERENCEではなくMOVE。メッセージ受信処理はMOMによるメッセージングに属するため取引単体テスト（MOMによるメッセージング）ページの使用方法へMOVE（current-0135のREFERENCE先として整合）。
input-0058,input-0058,input,.rn/20260724-ntf-yaml-support/input/ntf-testdata-doc-examples-messaging.md,2,6,NTF テストデータ解説書 — 記述例（メッセージングテストデータ） > (L1直下),5,user,第3部 テストの実装方法,テストデータの記載例,使用方法,MERGE,文書全体の導入文。メッセージング系データブロック（MESSAGE／SendSync期待値／sendSyncTestData配置／ステータスコードデフォルト）のExcel・YAML記法をケースごとに引く旨を説明。判断ルール1により後続の子セクション（7.1〜7.4）と同じdest_sectionへ。design.mdの「テストデータの記載例」ページ（用途別の実例をExcelとYAMLの対比で示す）の導入部としてMERGE。
input-0059,input-0059,input,.rn/20260724-ntf-yaml-support/input/ntf-testdata-doc-examples-messaging.md,8,10,NTF テストデータ解説書 — 記述例（メッセージングテストデータ） > 7.1 MESSAGE セクション（メッセージ送受信） > (L2直下),3,user,第3部 テストの実装方法,テストデータの記載例,使用方法,MERGE,「受信電文と応答電文を定義するケース」の導入文で、実データの参照先（MessageParserTest.xlsのtestParseシート）を示す。判断ルール1により子セクション（Excel／YAML／制約・補足）と同じdest_sectionへMERGE。
input-0060,input-0060,input,.rn/20260724-ntf-yaml-support/input/ntf-testdata-doc-examples-messaging.md,12,31,NTF テストデータ解説書 — 記述例（メッセージングテストデータ） > 7.1 MESSAGE セクション（メッセージ送受信） > Excel,20,user,第3部 テストの実装方法,テストデータの記載例,使用方法,MERGE,MESSAGE=requestMessages／responseMessagesのExcel記述例（ディレクティブ・FW制御ヘッダ・フィールド定義・データ行を含む）。7.1ケースの具体例として使用方法へMERGE。
input-0061,input-0061,input,.rn/20260724-ntf-yaml-support/input/ntf-testdata-doc-examples-messaging.md,33,62,NTF テストデータ解説書 — 記述例（メッセージングテストデータ） > 7.1 MESSAGE セクション（メッセージ送受信） > YAML,30,user,第3部 テストの実装方法,テストデータの記載例,使用方法,MERGE,同ケースのYAML記述例（messages:のdirectives／fw_header／records構造）。Excel例（input-0060）と対をなすYAML対比としてMERGE。
input-0062,input-0062,input,.rn/20260724-ntf-yaml-support/input/ntf-testdata-doc-examples-messaging.md,64,71,NTF テストデータ解説書 — 記述例（メッセージングテストデータ） > 7.1 MESSAGE セクション（メッセージ送受信） > 制約・補足,8,user,第3部 テストの実装方法,テストデータの記載例,使用方法,MERGE,ディレクティブ行の記述順・Excelフィールド名称行先頭セルの扱い・no列の除去・record_type値の内部固定化という4点の補足。最後の1点はbatch-08のinput-0147（ntf-testdata-doc.md 7.10）が抽象仕様として既に説明済みだが、design.mdが定める「書き方」（抽象仕様）と「記載例」（用途別実例）の意図的な2ページ構成上、記載例側で具体例に即した同じ制約を再掲するのは想定内のため分割せずMERGE。
input-0063,input-0063,input,.rn/20260724-ntf-yaml-support/input/ntf-testdata-doc-examples-messaging.md,73,75,NTF テストデータ解説書 — 記述例（メッセージングテストデータ） > 7.2 要求電文・応答電文の期待値（SendSync メッセージング） > (L2直下),3,user,第3部 テストの実装方法,テストデータの記載例,使用方法,MERGE,「バッチリクエスト単体テストで電文の送受信をテストするケース」の導入文で、実データの参照先（RequestTestingSendSyncSupportTest.xls）を示す。判断ルール1により子セクションと同じdest_sectionへMERGE。
input-0064,input-0064,input,.rn/20260724-ntf-yaml-support/input/ntf-testdata-doc-examples-messaging.md,77,90,NTF テストデータ解説書 — 記述例（メッセージングテストデータ） > 7.2 要求電文・応答電文の期待値（SendSync メッセージング） > Excel,14,user,第3部 テストの実装方法,テストデータの記載例,使用方法,MERGE,testShots（LIST_MAP）とEXPECTED_REQUEST_HEADER_MESSAGESのExcel記述例。7.2ケースの具体例として使用方法へMERGE。
input-0065,input-0065,input,.rn/20260724-ntf-yaml-support/input/ntf-testdata-doc-examples-messaging.md,92,121,NTF テストデータ解説書 — 記述例（メッセージングテストデータ） > 7.2 要求電文・応答電文の期待値（SendSync メッセージング） > YAML,30,user,第3部 テストの実装方法,テストデータの記載例,使用方法,MERGE,同ケースのYAML記述例（list_maps／expected_request_header_messages）。Excel例（input-0064）と対をなすYAML対比としてMERGE。
input-0066,input-0066,input,.rn/20260724-ntf-yaml-support/input/ntf-testdata-doc-examples-messaging.md,123,130,NTF テストデータ解説書 — 記述例（メッセージングテストデータ） > 7.2 要求電文・応答電文の期待値（SendSync メッセージング） > 制約・補足,8,user,第3部 テストの実装方法,テストデータの記載例,使用方法,MERGE,expectedMessage／responseMessageカラムとgroup_idの対応・id:はリクエストID・ヘッダとボディのエントリ数一致必須という4点の補足。最後の一致制約はbatch-08のinput-0140（7.3 HEADER／BODY MESSAGESの構造と件数制約）と同内容だが、記載例ページ側の具体例注釈であり書き方／記載例の意図的な2ページ構成上想定内のため分割せずMERGE。
input-0067,input-0067,input,.rn/20260724-ntf-yaml-support/input/ntf-testdata-doc-examples-messaging.md,132,134,NTF テストデータ解説書 — 記述例（メッセージングテストデータ） > 7.3 sendSyncTestData の配置規則 > (L2直下),3,user,第3部 テストの実装方法,テストデータの記載例,使用方法,MERGE,「テストデータファイルをsendSyncTestData/{requestId}/messageに配置するケース」の導入文。判断ルール1により子セクションと同じdest_sectionへMERGE。
input-0068,input-0068,input,.rn/20260724-ntf-yaml-support/input/ntf-testdata-doc-examples-messaging.md,136,142,NTF テストデータ解説書 — 記述例（メッセージングテストデータ） > 7.3 sendSyncTestData の配置規則 > Excel,7,user,第3部 テストの実装方法,テストデータの記載例,使用方法,MERGE,MESSAGE=sendSyncTestData/REQ001/messageのExcel記述例。7.3ケースの具体例として使用方法へMERGE。
input-0069,input-0069,input,.rn/20260724-ntf-yaml-support/input/ntf-testdata-doc-examples-messaging.md,144,159,NTF テストデータ解説書 — 記述例（メッセージングテストデータ） > 7.3 sendSyncTestData の配置規則 > YAML,16,user,第3部 テストの実装方法,テストデータの記載例,使用方法,MERGE,同ケースのYAML記述例（messages:のrecords／record_type: DATA）。Excel例（input-0068）と対をなすYAML対比としてMERGE。
input-0070,input-0070,input,.rn/20260724-ntf-yaml-support/input/ntf-testdata-doc-examples-messaging.md,161,168,NTF テストデータ解説書 — 記述例（メッセージングテストデータ） > 7.3 sendSyncTestData の配置規則 > 制約・補足,8,user,第3部 テストの実装方法,テストデータの記載例,使用方法,MERGE,配置パス規則・no列と送信順序の一致・errorMode:timeout／msgExceptionの挙動・N回送信時のヘッダとボディ件数という4点の補足。いずれもbatch-08のinput-0138（7.1配置規則）・input-0141（7.4 no行とerrorMode）・input-0142（7.5複数回送信）が抽象仕様として既に説明済みだが、書き方（抽象仕様）／記載例（用途別実例）の意図的な2ページ構成上、実例側にも同じ制約を再掲するのは想定内のため分割せずMERGE。
input-0071,input-0071,input,.rn/20260724-ntf-yaml-support/input/ntf-testdata-doc-examples-messaging.md,170,172,NTF テストデータ解説書 — 記述例（メッセージングテストデータ） > 7.4 ステータスコードのデフォルト値 > (L2直下),3,user,第3部 テストの実装方法,テストデータの記載例,使用方法,MERGE,「HTTP同期応答テストでステータスコードカラムを省略するケース」の導入文。判断ルール1により子セクションと同じdest_sectionへMERGE。
input-0072,input-0072,input,.rn/20260724-ntf-yaml-support/input/ntf-testdata-doc-examples-messaging.md,174,181,NTF テストデータ解説書 — 記述例（メッセージングテストデータ） > 7.4 ステータスコードのデフォルト値 > Excel,8,user,第3部 テストの実装方法,テストデータの記載例,使用方法,MERGE,RESPONSE_BODY_MESSAGES=REQ001のExcel記述例。7.4ケースの具体例として使用方法へMERGE。
input-0073,input-0073,input,.rn/20260724-ntf-yaml-support/input/ntf-testdata-doc-examples-messaging.md,183,194,NTF テストデータ解説書 — 記述例（メッセージングテストデータ） > 7.4 ステータスコードのデフォルト値 > YAML,12,user,第3部 テストの実装方法,テストデータの記載例,使用方法,MERGE,同ケースのYAML記述例（response_body_messages）。Excel例（input-0072）と対をなすYAML対比としてMERGE。
input-0074,input-0074,input,.rn/20260724-ntf-yaml-support/input/ntf-testdata-doc-examples-messaging.md,196,197,NTF テストデータ解説書 — 記述例（メッセージングテストデータ） > 7.4 ステータスコードのデフォルト値 > 制約・補足,2,user,第3部 テストの実装方法,テストデータの記載例,使用方法,MERGE,"ステータスコード列省略時にデフォルト値""200""が使用される旨の説明。batch-08のinput-0144（7.7ステータスコード）と同内容だが、記載例ページ側の実例注釈として想定内のためMERGE。"
current-0293,current-0293,current,ja/development_tools/testing_framework/guide/development_guide/06_TestFWGuide/RequestUnitTest_http_send_sync.rst,4,23,リクエスト単体テスト（HTTP同期応答メッセージ送信処理）,20,user,,,,DROP,「同期応答メッセージ送信」との差分として、MockMessagingContext→MockMessagingClient・RequestTestingMessagingProvider→RequestTestingMessagingClientの用語読み替え表を示す本文。この表はbatch-10のinput-0027（ntf-doc-terms.mdの「HTTP同期応答メッセージ送信の用語読み替え」節、出典として本ファイルを明記済み）が既に同一の2行対応表としてリクエスト単体テスト（HTTPメッセージング）ページの使用方法へMERGE済みであり、実際の現行RSTと突き合わせても表の内容は完全一致する。本セクションに残る差分（RequestUnitTest_send_syncへの参照文・:ref:`message_httpSendSyncMessage_test`へ誘導するtip）はいずれも他ページへの導線のみで独自の実体的内容を持たず、判断ルール3に準じ非実体。よって本セクションとして新規に追加すべき情報がないためDROP。維持するのはinput-0027（現行RSTを出典に明記した要約表、batch-10で既にMERGE確定）とし、current-0293（同内容＋非実体的な導線のみ）を重複としてDROPする。
current-0351,current-0351,current,ja/development_tools/testing_framework/guide/development_guide/08_TestTools/01_HttpDumpTool/index.rst,4,10,リクエスト単体データ作成ツール,7,user,,,,DROP,「リクエスト単体データ作成ツール」index.rstの本文はtoctreeディレクティブ（01_HttpDumpTool・02_SetUpHttpDumpTool）のみで、説明文・前提事項等の地の文を一切含まない純粋なナビゲーションTOC。判断ルール3によりDROP（batch-08のcurrent-0160と同型の判断）。配下2ファイルの実内容は別途処理される想定。
current-0365,current-0365,current,ja/development_tools/testing_framework/guide/development_guide/08_TestTools/02_MasterDataSetup/index.rst,4,21,マスタデータ投入ツール,18,user,第4部 ツール,マスタデータ投入ツール,機能概要,MOVE,「マスタデータ投入ツール」index.rstの本文。tipでblank_projectを使用してプロジェクトを構築した場合はgsp-dba-maven-pluginの使用を推奨し本ツールより優先すべき旨、importantで本ツールはマルチスレッド機能に対応せずマルチスレッドのテストは結合テスト等の別手段で行うべき旨を説明。末尾のtoctree自体は非実体的だが、tip／important部分は利用者が本ツールを使う前に知るべき前提・制限でありdesign.mdの機能概要（前提事項）に相当する内容のため、判断ルール5により分割せず全体をMOVE（batch-03のcurrent-0178／0179のJUnit Vintage tip／important admonitionと同型パターン）。dest_pageはvocabulary.md暫定リストのマスタデータ投入ツール（第2部 導入と設定）。
input-0150,input-0150,input,.rn/20260724-ntf-yaml-support/input/ntf-testdata-doc.md,559,576,NTF テストデータ リファレンス > 8. 値の書き方 > 8.3 インタープリタ一覧,18,user,第3部 テストの実装方法,テストデータの書き方,使用方法,MERGE,7種類のインタープリタ（NullInterpreter・QuotationTrimmer・DateTimeInterpreter・LineSeparatorInterpreter・BinaryFileInterpreter・BasicJapaneseCharacterInterpreter・CompositeInterpreter）の変換内容一覧表と、ダブルクォート文字やスペースそのものを値として記述する際のExcel/YAML双方のエスケープ記法を説明。batch-08のinput-0149（インタープリタチェーンの仕組みという前提知識）に続く具体的な一覧であり、現行解説書・既処理inputいずれにも無い新規情報のためMERGE。
input-0151,input-0151,input,.rn/20260724-ntf-yaml-support/input/ntf-testdata-doc.md,578,580,NTF テストデータ リファレンス > 8. 値の書き方 > 8.4 DateTimeInterpreter の完全一致制約,3,user,第3部 テストの実装方法,テストデータの書き方,使用方法,MERGE,DateTimeInterpreterは`${systemTime}`等の完全一致のみを変換し部分文字列は変換されないこと、文字列中の`${...}`を置換するにはCompositeInterpreterとの組み合わせが必要な旨を説明。input-0150の一覧表を補足する新規情報のためMERGE。
input-0152,input-0152,input,.rn/20260724-ntf-yaml-support/input/ntf-testdata-doc.md,582,586,NTF テストデータ リファレンス > 8. 値の書き方 > 8.5 文字種生成の有効文字種,5,user,第3部 テストの実装方法,テストデータの書き方,使用方法,MERGE,"`${文字種,文字数}`で使用できる14種類の文字種の一覧と、それ以外を指定した場合はエラーになる旨を説明。batch-03のcurrent-0174（セルへの特殊な記述方法）が11種類の文字種を列挙済みで概念は重複するが、中国語・サロゲートペア・改行の3種の追加とエラー時挙動の明示は現行解説書に無い新規情報のため、セクション全体をMERGE（分割はしない）。"
input-0153,input-0153,input,.rn/20260724-ntf-yaml-support/input/ntf-testdata-doc.md,588,595,NTF テストデータ リファレンス > 8. 値の書き方 > 8.6 BinaryFileInterpreter のパス基準,8,user,第3部 テストの実装方法,テストデータの書き方,使用方法,MERGE,`${binaryFile:パス}`のパス基準がテストデータファイルのディレクトリからの相対パスであり、Excel・YAML両方で同じ動作である旨をExcel/YAML対比表で説明。Excel側の相対パス基準はbatch-03のcurrent-0174に概念が既出だが、YAMLファイル基準の対比列は現行解説書に無い新規情報のため、セクション全体をMERGE。
input-0154,input-0154,input,.rn/20260724-ntf-yaml-support/input/ntf-testdata-doc.md,597,607,NTF テストデータ リファレンス > 8. 値の書き方 > 8.7 日付型カラムの記述形式と境界値,11,user,第3部 テストの実装方法,テストデータの書き方,使用方法,MERGE,日付の有効な記述形式（`yyyyMMddHHmmssSSS`・後置0埋め短縮形・JDBCタイムスタンプエスケープ形式）を説明。記述形式自体はbatch-03のcurrent-0173（日付の記述方法、記述例と評価結果の対応表付き）と重複するが、`java.sql.Timestamp`型カラムの期待値は末尾`.0`が必須でこれがないとアサートが失敗するという注意はcurrent-0173に無い新規情報のため、セクション全体をMERGE。
input-0155,input-0155,input,.rn/20260724-ntf-yaml-support/input/ntf-testdata-doc.md,609,611,NTF テストデータ リファレンス > 8. 値の書き方 > 8.8 バイナリデータの記述,3,user,,,,DROP,「`0x`プレフィックス付き16進数で記述できる。`0x`がない場合は文字列としてエンコードされる」という1文のみ。batch-06のinput-0013（固定長ファイルの行構造、「バイナリデータは16進数形式（例:`0x4AD`）で記述。`0x`プレフィックスがない場合は文字列として解釈」としてテストデータの書き方/使用方法へMERGE済み）と全く同じ規則の再掲であり新規情報を含まないため、判断ルール5によりDROP。
input-0156,input-0156,input,.rn/20260724-ntf-yaml-support/input/ntf-testdata-doc.md,613,615,NTF テストデータ リファレンス > 8. 値の書き方 > 8.9 X9/SX9 型フィールドの記述,3,user,第3部 テストの実装方法,テストデータの書き方,使用方法,MERGE,X9/SX9型（バイナリ表現の数値）フィールドはパディング文字・符号を含めた実際のバイト列表現（固定長フォーマットの実値）をそのまま記述するという記法を説明。現行解説書・既処理inputいずれにも無い新規情報のためMERGE。
input-0157,input-0157,input,.rn/20260724-ntf-yaml-support/input/ntf-testdata-doc.md,617,636,NTF テストデータ リファレンス > 8. 値の書き方 > 8.10 データ型マッピング,20,user,第3部 テストの実装方法,テストデータの書き方,使用方法,MERGE,フィールドのデータ型を指定する日本語型名称（半角英字・全角漢字等）と型記号（X/N/XN/Z/SZ/P/SP/X9/SX9/B）の対応表、使用できない型名称を指定した場合のエラー、および`TEST_{型名称}`という名前のデータ型を定義すると同名の基底型より優先されるテスト専用型定義の仕組みを説明。現行解説書・既処理inputいずれにも無い新規情報のためMERGE。
input-0158,input-0158,input,.rn/20260724-ntf-yaml-support/input/ntf-testdata-doc.md,640,645,NTF テストデータ リファレンス > 9. ディレクティブ > 9.1 ディレクティブの構成,6,user,第3部 テストの実装方法,テストデータの書き方,使用方法,MERGE,ディレクティブが「キー名・値」の2要素で記述されること、Excel（ファイルデータブロック先頭に｜キー名｜値｜形式）・YAML（`directives:`オブジェクトに`key: value`形式）双方の記述位置を説明。batch-06のinput-0016はディレクティブキーの意味を表で示すのに対し、本セクションは記述形式そのものを扱う異なる観点のため重複せず新規情報としてMERGE。
input-0159,input-0159,input,.rn/20260724-ntf-yaml-support/input/ntf-testdata-doc.md,647,665,NTF テストデータ リファレンス > 9. ディレクティブ > 9.2 固定長ファイルのディレクティブ,19,user,第3部 テストの実装方法,テストデータの書き方,使用方法,MERGE,固定長ファイルで有効な11個のディレクティブキー一覧（無効なキー指定時はエラー）。`file-type`・`text-encoding`・`record-length`・`record-separator`はbatch-06のinput-0016と重複するが、ゾーン10進数・パック10進数の正負符号ニブル指定や`required-decimal-point`・`fixed-sign-position`・`required-plus-sign`等7キーは現行解説書・batch-06いずれにも無い新規情報のため、セクション全体をMERGE。
input-0160,input-0160,input,.rn/20260724-ntf-yaml-support/input/ntf-testdata-doc.md,667,683,NTF テストデータ リファレンス > 9. ディレクティブ > 9.3 可変長ファイルのディレクティブ,17,user,第3部 テストの実装方法,テストデータの書き方,使用方法,MERGE,可変長ファイルで有効な8個のディレクティブキー一覧（無効なキー指定時はエラー）。`quoting-delimiter`はbatch-06のinput-0016と重複するが、`field-separator`・`ignore-blank-lines`・`requires-title`・`max-record-length`・`title-record-type-name`は現行解説書・batch-06いずれにも無い新規情報のため、セクション全体をMERGE。
input-0161,input-0161,input,.rn/20260724-ntf-yaml-support/input/ntf-testdata-doc.md,685,697,NTF テストデータ リファレンス > 9. ディレクティブ > 9.4 デフォルトディレクティブの DI 設定,13,user,,,,DROP,実測: 全内容が「デフォルトディレクティブのDI設定」表（defaultDirectives/fixedLengthDirectives/variableLengthDirectivesの3キー）とナビゲーションリンクのみ。current-0292（`RequestUnitTest_batch.rst`225-262行、同じ3キーをXML設定例付きでより詳細に説明、第2部リクエスト単体テストの設定（Nablarchバッチアプリケーション）使用方法へMOVE済み）と完全に重複する内容のため、判断ルール5によりcurrent側を残し本行をDROP（[3観点レビュー対応]、重複先: current-0292。旧判断はテストデータの書き方へMERGEしていたが誤りだった）。
input-0162,input-0162,input,.rn/20260724-ntf-yaml-support/input/ntf-testdata-doc.md,701,706,NTF テストデータ リファレンス > 10. ヘッダ・コメント・空エントリ > 10.1 ヘッダの構造,6,user,第3部 テストの実装方法,テストデータの書き方,使用方法,MERGE,ヘッダにはカラム名を列挙すること、ヘッダ末尾の空カラムは除去され末尾カラムの省略が可能なこと、データエントリがヘッダより少ない場合は不足分が空文字で補完されることを説明。現行解説書・既処理inputいずれにも無い新規情報のためMERGE。
input-0163,input-0163,input,.rn/20260724-ntf-yaml-support/input/ntf-testdata-doc.md,708,715,NTF テストデータ リファレンス > 10. ヘッダ・コメント・空エントリ > 10.2 マーカーカラム,8,user,第3部 テストの実装方法,テストデータの書き方,使用方法,MERGE,カラム名が`[カラム名]`形式（角括弧で囲まれた名前）のカラムはマーカーカラムとしてDB操作から除外される旨を説明。マーカーカラムの基本概念自体はbatch-03のcurrent-0171（マーカーカラム、テストデータの書き方/使用方法へMOVE済み）と重複するが、Excel（SETUP_TABLE/EXPECTED_TABLE/LIST_MAPすべてが対象）とYAML（setup_tables/expected_tables/list_maps）の適用対象を対比した表は現行解説書に無い新規情報のため、セクション全体をMERGE。
input-0164,input-0164,input,.rn/20260724-ntf-yaml-support/input/ntf-testdata-doc.md,717,722,NTF テストデータ リファレンス > 10. ヘッダ・コメント・空エントリ > 10.3 エントリ単位のコメント,6,user,第3部 テストの実装方法,テストデータの書き方,使用方法,MERGE,エントリ全体をコメントとしてスキップする記法（Excel: 先頭要素が`//`で始まる行、YAML: `#`が行頭・行末どちらにも使えるコメント記号）を説明。Excel側の挙動はbatch-03のcurrent-0170（コメント、テストデータの書き方/使用方法へMOVE済み）の「セルから右が読み込み対象外」というルールの一適用例として重複するが、YAML側の`#`記法は現行解説書に無い新規情報のため、セクション全体をMERGE。
input-0165,input-0165,input,.rn/20260724-ntf-yaml-support/input/ntf-testdata-doc.md,724,727,NTF テストデータ リファレンス > 10. ヘッダ・コメント・空エントリ > 10.4 要素途中からのコメント（Excel 固有）,4,user,第3部 テストの実装方法,テストデータの書き方,使用方法,MERGE,"先頭以外の要素が`//`で始まる場合その要素以降が切り捨てられるExcel固有の挙動と、YAMLで行末に`#`を書いて同等の記述ができる旨（例: `NUMBER_COL: ""100""  # 数値カラム`）を対比して説明。Excel側の挙動はbatch-03のcurrent-0170と同一事象の重複だが、YAML行末コメント記法は現行解説書に無い新規情報のため、セクション全体をMERGE。"
input-0166,input-0166,input,.rn/20260724-ntf-yaml-support/input/ntf-testdata-doc.md,729,735,NTF テストデータ リファレンス > 10. ヘッダ・コメント・空エントリ > 10.5 空エントリのスキップ,7,user,第3部 テストの実装方法,テストデータの書き方,使用方法,MERGE,"全要素がnullまたは空文字のエントリは読み飛ばされる旨と、Excel（行の全セルが空の場合）・YAML（`rows:`内の要素が空マッピングまたはすべての値が空文字の場合）の対比を説明。batch-05のcurrent-0244（可変長ファイルの記録内に空行を表現する`""""`記法）とは異なる観点（エントリ自体の読み飛ばし判定）のため重複せず新規情報としてMERGE。"
current-0376,current-0376,current,ja/development_tools/testing_framework/guide/development_guide/08_TestTools/index.rst,5,12,プログラミング工程で使用するツール,8,user,,,,DROP,「プログラミング工程で使用するツール」という章題の下、配下3ページ（01_HttpDumpTool/index・02_MasterDataSetup/index・03_HtmlCheckTool/index）へのtoctreeディレクティブのみで、説明文・前提事項等の地の文を一切含まない純粋なナビゲーションTOC。判断ルール3によりDROP（batch-11のcurrent-0351、batch-08のcurrent-0160と同型）。配下各ページの実内容は個別のセクションとして既に（またはbatch-13以降で）マッピングされる想定。
current-0377,current-0377,current,ja/development_tools/testing_framework/index.rst,4,27,テスティングフレームワーク,24,user,第1部 テスティングフレームワークとは,テスティングフレームワークとは,対象範囲,MOVE,テスティングフレームワーク全体のトップレベルindex.rst本文。前半（toctreeと「テストの実装者は:ref:`unitTestGuide`を、アーキテクトは:ref:`testFWGuide`を参照」という読者振り分け文）は旧構成の子ページへの誘導でありdesign.md §1「読者の振り分けは最上位index.rstの本文で行う」という新構成の方針自体に対応する記述だが、参照先ラベルは新構成では作り直されるため実体的な移設対象はない。後半の2つのimportant admonition（Jakarta Batchに準拠したバッチアプリケーションおよびマルチスレッド機能に非対応という2点）はdesign.md#2「第1部/対象範囲」が定める「対応しないもの（Jakarta Batch、マルチスレッド機能）」に直接該当する内容で、他のどのバッチにも未出のためこのセクションが出典となる。判断ルール5（分割しない）により前半の読者振り分け文もまとめて対象範囲へMOVE。
current-0198,current-0198,current,ja/development_tools/testing_framework/guide/development_guide/06_TestFWGuide/02_RequestUnitTest.rst,1,2,(冒頭),2,user,,,,DROP,`.. _request-util-test-online:`という内部参照ラベルのみで地の文を持たない。判断ルール3によりDROP。
current-0199,current-0199,current,ja/development_tools/testing_framework/guide/development_guide/06_TestFWGuide/02_RequestUnitTest.rst,10,15,リクエスト単体テスト（ウェブアプリケーション） > 概要 > (L2直下),6,user,第3部 テストの実装方法,リクエスト単体テスト（ウェブアプリケーション）,機能概要,MOVE,「内蔵サーバを使用してテストを行う」「テスト補助クラスと内蔵サーバの使用方法を記載する」という本ページの導入文（L2直下）。判断ルール1により後続の全体像・主なクラス・前提事項（current-0200〜0202）と同じdest_sectionへMOVE。
current-0200,current-0200,current,ja/development_tools/testing_framework/guide/development_guide/06_TestFWGuide/02_RequestUnitTest.rst,18,23,リクエスト単体テスト（ウェブアプリケーション） > 概要 > 全体像,6,user,第3部 テストの実装方法,リクエスト単体テスト（ウェブアプリケーション）,機能概要,MOVE,request_unit_test_structure.pngの構成図のみ。design.md第3部の機能概要「全体像（図）」に直接該当するためMOVE。
current-0201,current-0201,current,ja/development_tools/testing_framework/guide/development_guide/06_TestFWGuide/02_RequestUnitTest.rst,26,62,"リクエスト単体テスト（ウェブアプリケーション） > 概要 > 主なクラス, リソース",37,user,第3部 テストの実装方法,リクエスト単体テスト（ウェブアプリケーション）,機能概要,MERGE,"テストクラス／テストデータ（Excelファイル）／テスト対象クラス(Action)／DbAccessTestSupport／HttpServer／HttpRequestTestSupport／AbstractHttpReqestTestSupport,BasicHttpReqestTestSupport／TestCaseInfoの8行の役割・作成単位表と、これらが同一JVM上で動作する旨の補足文。batch-10のinput-0030（DbAccessTestSupport・HttpServer・HttpRequestTestSupport・BasicHttpRequestTestTemplate・TestCaseInfoの5クラスのみの簡易表）と重複するが、テストクラス／テストデータ（Excelファイル）／テスト対象クラス(Action)の3行は新規情報であり、判断ルール5に従いセクション全体を機能概要へMERGE（分割しない）。"
current-0202,current-0202,current,ja/development_tools/testing_framework/guide/development_guide/06_TestFWGuide/02_RequestUnitTest.rst,65,77,リクエスト単体テスト（ウェブアプリケーション） > 概要 > 前提事項,13,user,第3部 テストの実装方法,リクエスト単体テスト（ウェブアプリケーション）,機能概要,MOVE,HTMLダンプによるリクエスト単体テストは1リクエスト1画面遷移のシンクライアント型ウェブアプリケーションが対象で、Ajax/リッチクライアントではHTMLダンプによるレイアウト確認が使えないという適用できないケースの説明。design.md第3部機能概要の「前提事項」に該当しMOVE。
current-0203,current-0203,current,ja/development_tools/testing_framework/guide/development_guide/06_TestFWGuide/02_RequestUnitTest.rst,84,90,リクエスト単体テスト（ウェブアプリケーション） > 構造 > BasicHttpRequestTestTemplate,7,user,第3部 テストの実装方法,リクエスト単体テスト（ウェブアプリケーション）,使用方法,MOVE,BasicHttpRequestTestTemplateが各テストクラスのスーパクラスであり、これを使用することでテストソース・テストデータを定型化し記述量を削減できる旨。batch-10のinput-0030の1行要約（「テストソース記述量を削減するテンプレートクラス」）と概念は重なるが、本節はスーパクラスとしての位置づけを述べる導入文でありbatch-01のcurrent-0077（テストクラスの書き方＝本クラスを継承する規則）の前提説明にあたるため「テストクラスを作成する」手順としてMOVE。
current-0204,current-0204,current,ja/development_tools/testing_framework/guide/development_guide/06_TestFWGuide/02_RequestUnitTest.rst,93,96,リクエスト単体テスト（ウェブアプリケーション） > 構造 > AbstractHttpRequestTestTemplate,4,user,第2部 導入と設定,リクエスト単体テストの設定（ウェブアプリケーション）,拡張例,MOVE,「アプリケーションプログラマが直接使用することはない」「テストデータの書き方を変えたい場合など、自動テストフレームワークを拡張する際に用いる」という拡張ポイントの説明。design.md「拡張例」の「拡張するには〇〇を継承する」という手順的記載に該当し、batch-09のcurrent-0247〜0251（TestDataConverter拡張の同型ケース）と同じくPart2の拡張例へMOVE。
current-0205,current-0205,current,ja/development_tools/testing_framework/guide/development_guide/06_TestFWGuide/02_RequestUnitTest.rst,99,103,リクエスト単体テスト（ウェブアプリケーション） > 構造 > TestCaseInfo,5,user,第2部 導入と設定,リクエスト単体テストの設定（ウェブアプリケーション）,拡張例,MOVE,TestCaseInfoがデータシート定義のテストケース情報を格納するクラスであり、テストデータの書き方を変えたい場合は本クラスおよび前述のAbstractHttpRequestTestTemplateを継承する旨。current-0204と同一の拡張手順（継承によるテストデータ記法拡張）の続きのため同じくPart2の拡張例へMOVE。
current-0206,current-0206,current,ja/development_tools/testing_framework/guide/development_guide/06_TestFWGuide/02_RequestUnitTest.rst,106,207,リクエスト単体テスト（ウェブアプリケーション） > 構造 > HttpRequestTestSupport,102,user,第3部 テストの実装方法,リクエスト単体テスト（ウェブアプリケーション）,使用方法,MOVE,102行のためsplit-plan.mdを確認（grep -n '^| current-0206' split-plan.md）。既承認結果は「no split」で、内容はDbAccessTestSupportへの委譲とリクエスト単体テストで委譲していない4メソッドの説明、createHttpRequest/createExecutionContext/setValidToken/setTokenのヘルパーメソッドの使い方とコード例のみと判定済み。宛先も第3部＞リクエスト単体テスト（ウェブアプリケーション）＞使用方法（テストクラスを作成する）と明記されており、そのまま採用。input-0030のHttpRequestTestSupportの1行要約（「アサート提供」）と概念は重なるが、コード例・委譲メソッドの詳細は新規情報。
current-0207,current-0207,current,ja/development_tools/testing_framework/guide/development_guide/06_TestFWGuide/02_RequestUnitTest.rst,210,247,リクエスト単体テスト（ウェブアプリケーション） > 構造 > 実行,38,user,第3部 テストの実装方法,リクエスト単体テスト（ウェブアプリケーション）,使用方法,MOVE,executeメソッドの引数（テストケース説明・HttpRequest・ExecutionContext）とHTMLダンプファイル名への説明文の利用、およびexecute内部でシステムリポジトリを一旦バックアップ→対象アプリのコンポーネント設定ファイルで再初期化→終了時に復元することでクラス単体テストと連続実行できるという観察可能な挙動の説明。「テストを実行する」手順にあたりMOVE。input-0030には未収載の新規情報。
current-0208,current-0208,current,ja/development_tools/testing_framework/guide/development_guide/06_TestFWGuide/02_RequestUnitTest.rst,250,279,リクエスト単体テスト（ウェブアプリケーション） > 構造 > 結果確認,30,user,第3部 テストの実装方法,リクエスト単体テスト（ウェブアプリケーション）,使用方法,MOVE,assertApplicationMessageIdメソッドの引数（期待するメッセージID・ExecutionContext）と、例外未発生時や別種の例外発生時はアサート失敗になる旨、メッセージIDはソートして比較するためテストデータ記載順を気にしなくてよい旨のtip。「テスト結果を確認する」手順にあたりMOVE。input-0030には未収載の新規情報。
current-0209,current-0209,current,ja/development_tools/testing_framework/guide/development_guide/06_TestFWGuide/02_RequestUnitTest.rst,282,302,リクエスト単体テスト（ウェブアプリケーション） > 構造 > HTMLダンプ出力,21,user,第3部 テストの実装方法,リクエスト単体テスト（ウェブアプリケーション）,使用方法,MERGE,tmp/html_dumpディレクトリ配下にテストクラス毎のディレクトリとテストケース説明と同名のHTMLダンプファイルが出力される旨、参照リソースも同ディレクトリに出力される旨、html_dumpディレクトリが既存の場合はhtml_dump_bkとしてバックアップされる旨、および構成図。batch-01のcurrent-0093（同ページから:ref:`dump-dir-label`で本節を参照している側）およびbatch-10のinput-0030のHTMLダンプ出力先説明と概念が重複するが、html_dump_bkへのバックアップ規則と参照リソースのコピー先という詳細はどちらにも未収載の新規情報のため、判断ルール5に従いセクション全体を使用方法へMERGE。
current-0210,current-0210,current,ja/development_tools/testing_framework/guide/development_guide/06_TestFWGuide/02_RequestUnitTest.rst,306,309,リクエスト単体テスト（ウェブアプリケーション） > 各種設定値 > (L2直下),4,user,第2部 導入と設定,リクエスト単体テストの設定（ウェブアプリケーション）,使用方法,MOVE,「環境設定に依存する設定値については、コンポーネント設定ファイルで変更できる」という導入文（L2直下）。判断ルール1により後続のコンポーネント設定ファイル設定項目一覧・記述例（current-0211/0212）と同じdest_sectionへ。02_DbAccessTest.rstのcurrent-0191と同様、設定項目一覧はPart2の使用方法（コンポーネントを設定する）に対応するため、実体のPart2ページであるリクエスト単体テストの設定（ウェブアプリケーション）へMOVE。
current-0211,current-0211,current,ja/development_tools/testing_framework/guide/development_guide/06_TestFWGuide/02_RequestUnitTest.rst,312,415,リクエスト単体テスト（ウェブアプリケーション） > 各種設定値 > コンポーネント設定ファイル設定項目一覧,104,user,第2部 導入と設定,リクエスト単体テストの設定（ウェブアプリケーション）,使用方法,MOVE,104行のためsplit-plan.mdを確認（grep -n '^| current-0211' split-plan.md）。既承認結果は「no split」で、内容はHttpRequestTestSupportのコンポーネント設定項目（htmlDumpDir/webBaseDir/xmlComponentFile等19項目）とデフォルト値の一覧表および脚注2件のみと判定済み。design.md§3の第2部記載範囲「コンポーネント設定ファイルの設定項目一覧」そのものであり第2部のリクエスト単体テストの設定（ウェブアプリケーション）へMOVE。batch-10のinput-0030に含まれる簡易版（htmlDumpDir/webBaseDir/userIdSessionKey/dumpVariableItem/checkHtmlの5項目のみ、Part3使用方法へMERGE済み）はこの表の部分集合であり、本行が全19項目・デフォルト値・脚注を持つPart2側の正本となる。
current-0212,current-0212,current,ja/development_tools/testing_framework/guide/development_guide/06_TestFWGuide/02_RequestUnitTest.rst,418,471,リクエスト単体テスト（ウェブアプリケーション） > 各種設定値 > コンポーネント設定ファイルの記述例,54,user,第2部 導入と設定,リクエスト単体テストの設定（ウェブアプリケーション）,使用方法,MOVE,セッション(sessionInfo)に設定するキーの説明表と、デフォルト値を反映したコンポーネント設定ファイルの記述例（XML全文）。design.md§3の第2部記載範囲「設定ファイルの記述例」に直接該当しMOVE。input-0030・現行解説書のいずれにも未収載の新規情報。
current-0213,current-0213,current,ja/development_tools/testing_framework/guide/development_guide/06_TestFWGuide/02_RequestUnitTest.rst,474,552,リクエスト単体テスト（ウェブアプリケーション） > 各種設定値 > その他の設定,79,user,第2部 導入と設定,リクエスト単体テストの設定（ウェブアプリケーション）,使用方法,MOVE,実行速度向上のためのJVMオプション指定（-Xms/-Xmx/-Xverify:none）とEclipseでの設定手順、およびHTMLリソースコピー抑止用システムプロパティ（-Dnablarch.test.skip-resource-copy=true）とEclipseでの設定手順・注意点（HTMLダンプへの反映停止）。79行で100行未満のためsplit-plan.md対象外、本バッチで直接判断。コンポーネント設定ファイルではなくJVM引数・システムプロパティによる設定だが、リクエスト単体テスト実行環境の調整という点で同じPart2ページの使用方法へMOVE。
current-0056,current-0056,current,ja/development_tools/testing_framework/guide/development_guide/05_UnitTestGuide/02_RequestUnitTest/double_transmission.rst,1,2,(冒頭),2,user,,,,DROP,``.. _`double_transmission_test`:``という内部参照ラベルのみで地の文を持たない。判断ルール3によりDROP。
current-0057,current-0057,current,ja/development_tools/testing_framework/guide/development_guide/05_UnitTestGuide/02_RequestUnitTest/double_transmission.rst,6,12,二重サブミット防止機能のテスト実施方法 > (L1直下),7,user,第3部 テストの実装方法,リクエスト単体テスト（ウェブアプリケーション）,使用方法,MERGE,二重サブミット防止機能はサーバサイド・クライアントサイド双方で機能するためリクエスト単体テストと取引単体テストでテスト方法が異なる、という橋渡しの導入文（L1直下）。子節がcurrent-0058（リクエスト単体テスト・サーバサイド）とcurrent-0059（取引単体テスト・クライアントサイド）という2つの異なるdest_pageに分かれるが、「なぜ2つのテスト方法があるか」という両者の関係を説明する記述はcurrent-0058・current-0059のいずれにも存在しない唯一の情報であるため、先に実施されるリクエスト単体テスト側（current-0058）にMERGEする。current-0059のページ作成時はこの説明への:ref:参照を使用方法冒頭に置き、内容を再掲しない（重複回避）。2026-07-28 userの差し戻し指摘によりbatch-13のDROP判断を撤回。
current-0058,current-0058,current,ja/development_tools/testing_framework/guide/development_guide/05_UnitTestGuide/02_RequestUnitTest/double_transmission.rst,16,23,二重サブミット防止機能のテスト実施方法 > リクエスト単体テストでの二重サブミット防止機能のテスト実施方法,8,user,第3部 テストの実装方法,リクエスト単体テスト（ウェブアプリケーション）,使用方法,MOVE,リクエスト単体テストはサーバサイドで実施する旨、テストショットのLIST_MAPのisValidTokenカラムを「false」に設定してエラー発生を確認する具体的なテスト手順、テストデータ記述方法は:ref:`request_test_testcases`（テストケース一覧、batch-01のcurrent-0081でテストデータの書き方へMOVE済み）を参照という導線。二重サブミット防止機能特有のテスト手順のためリクエスト単体テスト（ウェブアプリケーション）の使用方法へMOVE。
current-0059,current-0059,current,ja/development_tools/testing_framework/guide/development_guide/05_UnitTestGuide/02_RequestUnitTest/double_transmission.rst,27,39,二重サブミット防止機能のテスト実施方法 > 取引単体テストでの二重サブミット防止機能のテスト実施方法,13,user,第3部 テストの実装方法,取引単体テスト（ウェブアプリケーション）,使用方法,MOVE,取引単体テストはクライアントサイドで実施する旨と、デバッグモード起動→対象アクション処理へのブレークポイント設定→打鍵→ブレークポイントで停止した状態で再度打鍵しリクエストが送信されないことを確認、という手動テスト手順。ウェブアプリケーションの画面操作を前提とする内容のため取引単体テスト（ウェブアプリケーション）の使用方法へMOVE。ページ作成時: 「なぜサーバサイドのリクエスト単体テストと手順が異なるか」の説明はcurrent-0057としてリクエスト単体テスト（ウェブアプリケーション）側にMERGE済みのため、本ページでは再掲せず当該箇所への:ref:参照を使用方法冒頭に置く。
current-0263,current-0263,current,ja/development_tools/testing_framework/guide/development_guide/06_TestFWGuide/JUnit5_Extension.rst,1,2,(冒頭),2,user,,,,DROP,`.. _ntf_junit5_extension:`という内部参照ラベルのみで地の文を持たない。判断ルール3によりDROP。
current-0264,current-0264,current,ja/development_tools/testing_framework/guide/development_guide/06_TestFWGuide/JUnit5_Extension.rst,6,10,JUnit 5用拡張機能 > (L1直下),5,user,,,,DROP,.. contents:: 目次 のTOCディレクティブのみで実体的な記述を持たない。判断ルール3によりDROP。
current-0265,current-0265,current,ja/development_tools/testing_framework/guide/development_guide/06_TestFWGuide/JUnit5_Extension.rst,14,22,JUnit 5用拡張機能 > 概要,9,user,第2部 導入と設定,JUnit 5用拡張機能,機能概要,MOVE,JUnit 5で書かれたテストの中で自動テストフレームワークを使用するための拡張機能であり、パラメータ化テスト等のJUnit 5の機能と組み合わせて使えるという概要。既存のJUnit4テストはJUnit Vintage（:ref:`run_ntf_on_junit5_with_vintage_engine`。batch-03のcurrent-0178に対応）で引き続き動く旨のtipを含むが内容は再掲せず参照するのみで重複しない。design.mdの機能概要「全体像」に該当するためMOVE。
current-0266,current-0266,current,ja/development_tools/testing_framework/guide/development_guide/06_TestFWGuide/JUnit5_Extension.rst,26,33,JUnit 5用拡張機能 > 前提条件,8,user,第2部 導入と設定,JUnit 5用拡張機能,機能概要,MERGE,JUnit 5使用にはmaven-surefire-plugin 2.22.0以上が必要という前提条件と、本ページはJUnit 5自体の導入方法・テストケース作成方法などの基礎知識を前提とし公式ユーザガイドを参照する旨。maven-surefire-pluginの条件はbatch-03のcurrent-0179（JUnit Vintage利用時の前提条件）と同一事実で重複するが、基礎知識前提・公式ガイド参照は新規情報のため、判断ルール5によりセクション全体を機能概要へMERGE（分割しない）。
current-0267,current-0267,current,ja/development_tools/testing_framework/guide/development_guide/06_TestFWGuide/JUnit5_Extension.rst,37,47,JUnit 5用拡張機能 > モジュール一覧,11,user,第2部 導入と設定,JUnit 5用拡張機能,使用方法,MOVE,拡張機能を使うために必要なnablarch-testing-junit5モジュールのpom.xml依存関係定義。batch-03のcurrent-0180（JUnit Vintage用のjunit-jupiter/junit-vintage-engine依存関係）とは対象アーティファクトが異なり重複しない。#6でdesign.md §2「モジュール一覧の集約」に従い第1部稼動環境へ一時的にMOVEしていたが、2026-08-05 ユーザーフィードバック「詳細は参照なので、依存関係の生データは全体像ページに不要では？リンク先に書くべきでは」を受けて元のJUnit 5用拡張機能ページ使用方法へ差し戻した（design.md §2改訂）。
current-0268,current-0268,current,ja/development_tools/testing_framework/guide/development_guide/06_TestFWGuide/JUnit5_Extension.rst,51,97,JUnit 5用拡張機能 > 基本的な使い方,47,user,第2部 導入と設定,JUnit 5用拡張機能,使用方法,MOVE,自動テストフレームワークが提供するクラス（例:TestSupport）ごとにExtensionクラスと合成アノテーションが用意されており、合成アノテーションをテストクラスに設定しインスタンスフィールドを宣言するだけで拡張機能がインスタンスを生成・注入する仕組みと、@NablarchTestを使った実装例、注入対象フィールドがnullでない場合はエラー終了する旨のwarningを記載。拡張機能の中核的な使用方法としてMOVE。
current-0269,current-0269,current,ja/development_tools/testing_framework/guide/development_guide/06_TestFWGuide/JUnit5_Extension.rst,101,144,JUnit 5用拡張機能 > Extension クラスと合成アノテーションの一覧 > (L2直下),44,user,第2部 導入と設定,JUnit 5用拡張機能,使用方法,MOVE,拡張機能が提供する全Extensionクラスと合成アノテーションを、対応する自動テストフレームワーククラス（TestSupport、BatchRequestTestSupport等11クラス）ごとに一覧化した表。design.mdの機能概要「主なクラスとリソース」（名称・役割の表）に該当するためMOVE。 [#5d STEP7是正] 旧: 機能概要→新: 使用方法。check_intro_section_splitのERROR検出により是正（2026-07-28）。steering.md #5 Stepsのルール「(L2直下)行は同じ親を持つ配下セクションと同じdest_sectionに置く」を適用。同階層行current-0270（BasicHttpRequestTestの使い方の補足、使用方法）のみが同一L2配下の他行であり、dest_sectionが1つに定まるためそれに合わせた。
current-0270,current-0270,current,ja/development_tools/testing_framework/guide/development_guide/06_TestFWGuide/JUnit5_Extension.rst,147,168,JUnit 5用拡張機能 > Extension クラスと合成アノテーションの一覧 > BasicHttpRequestTest の使い方の補足,22,user,第2部 導入と設定,JUnit 5用拡張機能,使用方法,MOVE,BasicHttpRequestTestTemplateのみ合成アノテーション（BasicHttpRequestTest）にbaseUriパラメータの指定が必要という個別設定の補足と実装例。使用方法の個別設定手順としてMOVE。
current-0271,current-0271,current,ja/development_tools/testing_framework/guide/development_guide/06_TestFWGuide/JUnit5_Extension.rst,172,183,JUnit 5用拡張機能 > 独自の拡張を加える > (L2直下),12,user,第2部 導入と設定,JUnit 5用拡張機能,拡張例,MOVE,自動テストフレームワークが提供するクラスを継承して独自拡張を加える場合の対応手順の概要（3ステップ）と、既存のJUnit4向け独自拡張クラスにも適用できる旨のtip。判断ルール1により後続の具体的な拡張手順（current-0272〜0277）と同じ拡張例へMOVE。
current-0272,current-0272,current,ja/development_tools/testing_framework/guide/development_guide/06_TestFWGuide/JUnit5_Extension.rst,186,207,JUnit 5用拡張機能 > 独自の拡張を加える > 独自拡張クラスを作成する,22,user,第2部 導入と設定,JUnit 5用拡張機能,拡張例,MOVE,独自拡張クラスを作成する手順（TestSupportを継承しテストクラスのClassインスタンスを受け取るコンストラクタを実装する例）。拡張例の手順1としてMOVE。
current-0273,current-0273,current,ja/development_tools/testing_framework/guide/development_guide/06_TestFWGuide/JUnit5_Extension.rst,210,234,JUnit 5用拡張機能 > 独自の拡張を加える > 独自拡張用のExtensionを作成する,25,user,第2部 導入と設定,JUnit 5用拡張機能,拡張例,MOVE,拡張元クラスに対応するExtensionクラスを継承した独自拡張用Extensionの作成手順（createSupport()をオーバーライドする実装例）。拡張例の手順2としてMOVE。
current-0274,current-0274,current,ja/development_tools/testing_framework/guide/development_guide/06_TestFWGuide/JUnit5_Extension.rst,237,258,JUnit 5用拡張機能 > 独自の拡張を加える > ExtendWithでテストクラスに適用する,22,user,第2部 導入と設定,JUnit 5用拡張機能,拡張例,MOVE,作成した独自拡張用ExtensionをExtendWithアノテーションでテストクラスに適用する手順と実装例。拡張例の手順3としてMOVE。
current-0275,current-0275,current,ja/development_tools/testing_framework/guide/development_guide/06_TestFWGuide/JUnit5_Extension.rst,261,342,JUnit 5用拡張機能 > 独自の拡張を加える > BasicHttpRequestTestTemplateを拡張する場合はアノテーションも作成する,82,user,第2部 導入と設定,JUnit 5用拡張機能,拡張例,MOVE,BasicHttpRequestTestTemplateを拡張する場合はbaseUriを連携するための独自アノテーションも作成する必要がある旨と、独自拡張クラス・独自アノテーション・独自Extensionの3段階の実装例。BasicHttpRequestTestTemplate拡張時に固有の追加手順として拡張例へMOVE。
current-0276,current-0276,current,ja/development_tools/testing_framework/guide/development_guide/06_TestFWGuide/JUnit5_Extension.rst,345,369,JUnit 5用拡張機能 > 独自の拡張を加える > 事前処理・事後処理を実装する,25,user,第2部 導入と設定,JUnit 5用拡張機能,拡張例,MOVE,独自拡張用Extensionでbeforeall・beforeEach・afterAll・afterEachをオーバーライドして事前・事後処理を実装する方法と、必ず親クラスの同メソッドを呼び出す必要がある旨の実装例。拡張例の手順としてMOVE。
current-0277,current-0277,current,ja/development_tools/testing_framework/guide/development_guide/06_TestFWGuide/JUnit5_Extension.rst,372,423,JUnit 5用拡張機能 > 独自の拡張を加える > JUnit 4のTestRuleを再現する,52,user,第2部 導入と設定,JUnit 5用拡張機能,拡張例,MOVE,JUnit 4のTestRuleを使用した既存の独自拡張クラスを本拡張機能に移植する方法（resolveTestRules()をオーバーライドし親クラスの結果をベースにしたリストへ追加する実装例）。拡張例の手順としてMOVE。
current-0278,current-0278,current,ja/development_tools/testing_framework/guide/development_guide/06_TestFWGuide/JUnit5_Extension.rst,427,455,JUnit 5用拡張機能 > RegisterExtensionで使用する,29,user,第2部 導入と設定,JUnit 5用拡張機能,使用方法,MOVE,本拡張機能が提供するExtensionをRegisterExtensionで手続き的に登録して使用する方法と、staticフィールドで使用しないとbeforeAll等が実行されない旨の注意、実装例。独自拡張の作成手順ではなく標準Extensionの代替的な使用方法であり、また見出しレベルも「独自の拡張を加える」とは別の並列H2見出しのため使用方法へMOVE。
current-0060,current-0060,current,ja/development_tools/testing_framework/guide/development_guide/05_UnitTestGuide/02_RequestUnitTest/fileupload.rst,4,13,リクエスト単体テストの実施方法(ファイルアップロード) > (L1直下),10,user,第3部 テストの実装方法,リクエスト単体テスト（ウェブアプリケーション）,機能概要,MOVE,"ファイルアップロードのテストはウェブアプリケーションのテストの一種であり、ウェブアプリケーションのテスト（:doc:`index`）が前提となる旨、HTTPリクエストパラメータにアップロードファイルを指定する方法を解説するという本ページの範囲を示す導入文（L1直下）。design.mdの機能概要「このページで何ができるようになるか」に該当するためMOVE。子セクション（current-0061〜0063）はテストデータの書き方・使用方法に分かれるが、本文は範囲説明という独自の内容を持つため機能概要として扱う。 [セクション境界] 本行は導入文であり、後続の本体行（current-0061, current-0062, current-0063）はdest_section=使用方法に置かれている。ページ作成時、導入文と本体の接続をページ内で再構成すること（design.md §8「出典の文面をそのまま流用しない」の範囲で対応可能）。"
current-0061,current-0061,current,ja/development_tools/testing_framework/guide/development_guide/05_UnitTestGuide/02_RequestUnitTest/fileupload.rst,16,28,リクエスト単体テストの実施方法(ファイルアップロード) > アップロードファイルの記述方法,13,user,第3部 テストの実装方法,テストデータの書き方,使用方法,MOVE,HTTPリクエストパラメータの値に`${attach:ファイルパス}`と記述することでアップロードファイルを指定できるという記法と、ファイルパスはテスト実行時のカレントディレクトリ（プロジェクトルート）からの相対パスで記述するというtip。判断ルール2の純粋なテストデータ記法説明に該当し、テストデータの書き方ページへMOVE。
current-0062,current-0062,current,ja/development_tools/testing_framework/guide/development_guide/05_UnitTestGuide/02_RequestUnitTest/fileupload.rst,31,60,リクエスト単体テストの実施方法(ファイルアップロード) > バイナリファイルの場合,30,user,第3部 テストの実装方法,リクエスト単体テスト（ウェブアプリケーション）,使用方法,MOVE,画像等バイナリファイルをアップロードする場合は事前にファイルを配置してそのパスを指定するという振る舞い（固定長・CSVファイルの場合との対比）と、test/resources/imagesディレクトリのpicture.pngを指定するrequestParams（LIST_MAP）の具体例。判断ルール6によりファイルアップロード固有の手順としてリクエスト単体テスト（ウェブアプリケーション）の使用方法へMOVE。
current-0063,current-0063,current,ja/development_tools/testing_framework/guide/development_guide/05_UnitTestGuide/02_RequestUnitTest/fileupload.rst,63,112,リクエスト単体テストの実施方法(ファイルアップロード) > 固定長ファイル、CSVファイルの場合,50,user,第3部 テストの実装方法,リクエスト単体テスト（ウェブアプリケーション）,使用方法,MOVE,固定長ファイル・CSVファイルをアップロードする場合は、ファイル自体を配置するのではなくテストデータシートに内容を記載しテスト実行時に自動テストフレームワークがファイルを生成するという振る舞い（バイナリファイルの場合との対比）と、member_list.csvを生成するrequestParams・SETUP_FIXEDディレクティブ・データの具体例。固定長ファイル自体の記法仕様は:ref:`固定長ファイル<how_to_setup_fixed_length_file>`等へ委譲しており本文はファイルアップロード固有の使用方法のため、判断ルール6によりリクエスト単体テスト（ウェブアプリケーション）の使用方法へMOVE。
input-0098,input-0098,input,.rn/20260724-ntf-yaml-support/input/ntf-testdata-doc-examples-testshots.md,2,15,NTF テストデータ解説書 — testShots カラム一覧 > (L1直下),14,user,第3部 テストの実装方法,テストデータの書き方,使用方法,MERGE,「処理方式ごとのtestShotsカラムを引くためのリファレンス。どの処理方式でもtestShotsはLIST_MAPとして記述する」という文書全体の導入文とTOC。子セクションの宛先はテストデータの書き方／テストデータの記載例／DROPに分かれるが、testShotsがLIST_MAPで記述される点を全処理方式共通で明示する一文は書き方ページの導入として独自の価値があるため、判断ルール1によりテストデータの書き方（記法仕様の集約先）へMERGE。TOC自体はナビゲーションのため実体なし。
input-0099,input-0099,input,.rn/20260724-ntf-yaml-support/input/ntf-testdata-doc-examples-testshots.md,17,43,NTF テストデータ解説書 — testShots カラム一覧 > 全体像,27,user,第3部 テストの実装方法,テストデータの書き方,使用方法,MERGE,testShotsの1行=1テストケースという構造、必須／オプションカラムと別セクション参照（groupId・LIST_MAP名）の関係を示すmermaid図、および処理方式ごとの対応クラス表（HttpRequestTestSupport／BatchRequestTestSupport／MessagingRequestTestSupport／EntityTestSupport）。現行解説書は処理方式ごとのファイルに分散しており、4処理方式を横断した対応表は新規情報のためテストデータの書き方ページへMERGE。
input-0100,input-0100,input,.rn/20260724-ntf-yaml-support/input/ntf-testdata-doc-examples-testshots.md,45,59,NTF テストデータ解説書 — testShots カラム一覧 > 共通カラム,15,user,第3部 テストの実装方法,テストデータの書き方,使用方法,MERGE,ウェブ・バッチ・メッセージングで共通のno／description／expectedStatusCodeカラムの説明。noとdescriptionはbatch-01のcurrent-0081、expectedStatusCode等はinput-0019/0020（batch-10）で処理方式別に既出だが、「descriptionは旧名caseも可」「no・descriptionが未定義の場合はエラーになる」という挙動はいずれのソースにもなく新規情報のためMERGE。
input-0101,input-0101,input,.rn/20260724-ntf-yaml-support/input/ntf-testdata-doc-examples-testshots.md,63,71,NTF テストデータ解説書 — testShots カラム一覧 > ウェブアプリケーション（HttpRequestTestSupport） > 必須カラム,9,user,第3部 テストの実装方法,テストデータの書き方,使用方法,MERGE,isValidToken／forwardUri／contextのウェブアプリケーション向け必須カラム。batch-01のcurrent-0081（isValidToken／forwardUri）・current-0082（context＝ユーザ情報）と対象は重複するが、「isValidTokenはBoolean.parseBooleanで評価されfalse・空欄・1はトークンなし」「contextのREQUEST_IDが空の場合は例外がスロー」という挙動の精細化は現行解説書にない新規情報のためMERGE。
input-0102,input-0102,input,.rn/20260724-ntf-yaml-support/input/ntf-testdata-doc-examples-testshots.md,73,93,NTF テストデータ解説書 — testShots カラム一覧 > ウェブアプリケーション（HttpRequestTestSupport） > オプションカラム,21,user,第3部 テストの実装方法,テストデータの書き方,使用方法,MERGE,setUpDb／setUpTable／expectedTable／expectedSearch／expectedMessageId／requestParams／cookie／queryParams／expectedContentLength系／expectedMessage系のオプションカラムと、それぞれを空にした場合の挙動（スキップ等）の一覧。大半はbatch-01のcurrent-0080〜0085と重複するが、`responseResult`（HTTPレスポンス（リクエストスコープ）期待値のLIST_MAP名）は現行解説書・既マッピングのいずれにもない新規カラムのためMERGE。
input-0103,input-0103,input,.rn/20260724-ntf-yaml-support/input/ntf-testdata-doc-examples-testshots.md,95,137,NTF テストデータ解説書 — testShots カラム一覧 > ウェブアプリケーション（HttpRequestTestSupport） > 記述例,43,user,第3部 テストの実装方法,テストデータの記載例,使用方法,MERGE,testShots（no／description／isValidToken／expectedStatusCode／forwardUri／context）とcontext001（REQUEST_ID／USER_ID／HTTP_METHOD）のExcel表とYAML（list_maps）の対比による具体的な記述例。design.mdの「テストデータの記載例」ページ（用途別実例をExcelとYAMLの対比で示す）に合致する具体例であり、同種の記載例が既マッピングにないためMERGE。
input-0104,input-0104,input,.rn/20260724-ntf-yaml-support/input/ntf-testdata-doc-examples-testshots.md,141,149,NTF テストデータ解説書 — testShots カラム一覧 > バッチ処理（BatchRequestTestSupport） > 必須カラム,9,user,,,,DROP,diConfig／requestPath／userIdのバッチ処理向け必須カラム。batch-10のinput-0019（ntf-doc-terms.mdのtestShotsカラム一覧（バッチ処理）、no/description/expectedStatusCode/diConfig/requestPath/userId/setUpTable/setUpFile/expectedTable/expectedFile/expectedLog/args[n]の12カラムを既にテストデータの書き方へMOVE済み）と完全に重複し新規情報がないためDROP。
input-0105,input-0105,input,.rn/20260724-ntf-yaml-support/input/ntf-testdata-doc-examples-testshots.md,151,162,NTF テストデータ解説書 — testShots カラム一覧 > バッチ処理（BatchRequestTestSupport） > オプションカラム,12,user,,,,DROP,setUpDb／setUpTable／expectedTable／setUpFile／expectedFile／expectedLog／args[n]／その他任意カラムのバッチ処理向けオプションカラム。setUpDbはbatch-01のcurrent-0080、残りはinput-0019（batch-10）が既にカバー済みで、「その他任意カラムはコマンドラインオプション」という一般的な補足のみで新規の固有カラムを含まないためDROP。
input-0106,input-0106,input,.rn/20260724-ntf-yaml-support/input/ntf-testdata-doc-examples-testshots.md,164,198,NTF テストデータ解説書 — testShots カラム一覧 > バッチ処理（BatchRequestTestSupport） > 記述例,35,user,第3部 テストの実装方法,テストデータの記載例,使用方法,MERGE,testShots（diConfig=BatchSample.xml／requestPath／userId／setUpFile）のExcel表とYAMLの対比によるバッチ処理向け具体例。input-0019（batch-10）はカラム一覧のみでExcel／YAMLの対比実例を含まず、記載例としては新規のためテストデータの記載例ページへMERGE。
input-0107,input-0107,input,.rn/20260724-ntf-yaml-support/input/ntf-testdata-doc-examples-testshots.md,202,210,NTF テストデータ解説書 — testShots カラム一覧 > メッセージング（MessagingRequestTestSupport） > 必須カラム,9,user,,,,DROP,diConfig／requestPath／userIdのメッセージング処理向け必須カラム。batch-10のinput-0020（ntf-doc-terms.mdのtestShotsカラム一覧（メッセージング受信）、no/description/expectedStatusCode/diConfig/requestPath/userId/setUpTable/expectedTable/expectedLogの9カラムを既にテストデータの書き方へMOVE済み）と完全に重複し新規情報がないためDROP。
input-0108,input-0108,input,.rn/20260724-ntf-yaml-support/input/ntf-testdata-doc-examples-testshots.md,212,221,NTF テストデータ解説書 — testShots カラム一覧 > メッセージング（MessagingRequestTestSupport） > オプションカラム,10,user,第3部 テストの実装方法,テストデータの書き方,使用方法,MERGE,setUpDb／setUpTable／expectedTable／expectedMessage／responseMessage／expectedLogのメッセージング処理向けオプションカラム。setUpTable／expectedTable／expectedLogはinput-0020（batch-10）と重複するが、`expectedMessage`（期待する要求電文のgroupId）・`responseMessage`（返却する応答電文のgroupId）はinput-0020の9カラムに含まれない新規カラムであり、メッセージング処理方式の電文検証に不可欠な情報のためMERGE。
input-0109,input-0109,input,.rn/20260724-ntf-yaml-support/input/ntf-testdata-doc-examples-testshots.md,223,250,NTF テストデータ解説書 — testShots カラム一覧 > メッセージング（MessagingRequestTestSupport） > 記述例,28,user,第3部 テストの実装方法,テストデータの記載例,使用方法,MERGE,testShots（diConfig／requestPath／userId／expectedMessage／responseMessage）のExcel表とYAMLの対比によるメッセージング処理向け具体例。input-0020（batch-10）はカラム一覧のみで実例を含まず、記載例としては新規のためテストデータの記載例ページへMERGE。
input-0110,input-0110,input,.rn/20260724-ntf-yaml-support/input/ntf-testdata-doc-examples-testshots.md,252,254,NTF テストデータ解説書 — testShots カラム一覧 > エンティティバリデーション（EntityTestSupport） > (L2直下),3,user,第3部 テストの実装方法,テストデータの書き方,使用方法,MERGE,「共通カラムとは別体系。no／description／expectedStatusCodeは使わない」という導入文（L2直下）。エンティティバリデーションは現行解説書・既マッピングのいずれにも存在しない新規のtestShotsカラム体系（glossary.md §5.8で本ファイル252行が用語の出典として引用済み）。子セクションの大半（必須カラム・関連予約ID）がテストデータの書き方へ向かうため、判断ルール1により同じdest_sectionへMERGE。
input-0111,input-0111,input,.rn/20260724-ntf-yaml-support/input/ntf-testdata-doc-examples-testshots.md,256,262,NTF テストデータ解説書 — testShots カラム一覧 > エンティティバリデーション（EntityTestSupport） > 必須カラム,7,user,第3部 テストの実装方法,テストデータの書き方,使用方法,MERGE,title／expectedMessageId1／propertyName1（連番で複数追加可能）のエンティティバリデーション向け必須カラム。現行解説書・既マッピングに対応するtestShots体系がなく完全に新規情報のためMERGE。
input-0112,input-0112,input,.rn/20260724-ntf-yaml-support/input/ntf-testdata-doc-examples-testshots.md,264,268,NTF テストデータ解説書 — testShots カラム一覧 > エンティティバリデーション（EntityTestSupport） > 関連予約 ID,5,user,第3部 テストの実装方法,テストデータの書き方,使用方法,MERGE,`params`（入力パラメータ定義、testShotsの行数と一致が必須）という予約IDの説明。エンティティバリデーション固有の新規情報のためテストデータの書き方ページへMERGE。
input-0113,input-0113,input,.rn/20260724-ntf-yaml-support/input/ntf-testdata-doc-examples-testshots.md,270,287,NTF テストデータ解説書 — testShots カラム一覧 > エンティティバリデーション（EntityTestSupport） > 記述例,18,user,第3部 テストの実装方法,テストデータの記載例,使用方法,MERGE,testShots（title／expectedMessageId1／propertyName1）のExcel表とYAMLの対比によるエンティティバリデーション向け具体例。新規のテストデータ体系の実例のためテストデータの記載例ページへMERGE。
current-0064,current-0064,current,ja/development_tools/testing_framework/guide/development_guide/05_UnitTestGuide/02_RequestUnitTest/http_real.rst,4,8,リクエスト単体テストの実施方法（HTTP同期応答メッセージ受信処理） > (L1直下),5,user,第3部 テストの実装方法,リクエスト単体テスト（HTTPメッセージング）,機能概要,REFERENCE,「リクエスト単体テストの実施方法は:ref:`real_request_test`を参照すること。本項では同ページと記述方法が異なる箇所を解説する」という導入文。batch-04のcurrent-0135／0136（応答不要メッセージ受信・送信処理は同期応答メッセージ受信・送信処理と同じ旨を参照させる導線のみの節）と同型のパターンでREFERENCEとし、宛先はHTTPメッセージング処理方式のリクエスト単体テストページの使用方法へ。（#5b STEP2再判定: 使用方法→機能概要に修正。本文「リクエスト単体テストの実施方法は:ref:`real_request_test`を参照すること。本項では同ページと記述方法が異なる箇所を解説する」は、後続の具体的な手順ではなくページの位置づけ（差分解説であること）を示す冒頭文。design.md §4の機能概要定義「このページで何ができるようになるか」に該当するため機能概要へ変更する。dispositionのREFERENCEは維持（参照先の性質自体は変わらないため）。）
current-0065,current-0065,current,ja/development_tools/testing_framework/guide/development_guide/05_UnitTestGuide/02_RequestUnitTest/http_real.rst,15,41,リクエスト単体テストの実施方法（HTTP同期応答メッセージ受信処理） > テストデータの書き方 > テストショット一覧,27,user,第3部 テストの実装方法,テストデータの書き方,使用方法,MERGE,HTTP同期応答メッセージ受信処理特有のtestShotsカラム（diConfig／expectedStatusCode／requestPath／userId）と、JSON・XMLデータ形式使用時はステータスコードもメッセージボディとの比較で行うというtip。batch-10のinput-0020（同様のdiConfig/requestPath/userIdを含むメッセージング受信処理のカラム一覧、出典はreal.rst/RequestUnitTest_real.rst）とは出典ファイルが異なり重複しないが、カラム自体は類似のため関連付けて言及。JSON／XML形式固有のステータスコード比較挙動は新規情報のためテストデータの書き方ページへMERGE。
current-0066-a,current-0066,current,ja/development_tools/testing_framework/guide/development_guide/05_UnitTestGuide/02_RequestUnitTest/http_real.rst,44,119,リクエスト単体テストの実施方法（HTTP同期応答メッセージ受信処理） > テストデータの書き方 > 各種準備データ,76,user,第3部 テストの実装方法,テストデータの書き方,使用方法,SPLIT,各種準備データの導入文とリクエストメッセージ（要求電文）の記法。MESSAGE=setUpMessages固定の先頭行、共通情報（ディレクティブ・フレームワーク制御ヘッダ）のkey-value形式、XML／JSON形式でのメッセージボディ記述例を説明する。split-plan.md（current-0066）が確定した分割どおり44-119行を要求電文の記法としてテストデータの書き方ページへ割り当てる。120-129行のフレームワーク制御ヘッダ名変更設定は別行(current-0066-b)、130-159行のメッセージボディの記法は別行(current-0066-c)。
current-0066-b,current-0066,current,ja/development_tools/testing_framework/guide/development_guide/05_UnitTestGuide/02_RequestUnitTest/http_real.rst,120,129,リクエスト単体テストの実施方法（HTTP同期応答メッセージ受信処理） > テストデータの書き方 > 各種準備データ,10,user,第2部 導入と設定,リクエスト単体テストの設定（HTTPメッセージング）,使用方法,SPLIT,「フレームワーク制御ヘッダの項目をPJで変更している場合、propertiesファイルにreader.fwHeaderfieldsというキーでフレームワーク制御ヘッダ名を指定する必要がある」という`.. important::`の設定手順。プロジェクト共通のコンポーネント設定変更でありアプリ開発者ではなくアーキテクトの作業のため、split-plan.mdが確定したとおりリクエスト単体テストの設定（HTTPメッセージング）ページへSPLIT。audience=developer（フレームワーク設定の変更はアーキテクトの領域であり、テストを書くだけのアプリ開発者が行う作業ではないため）。 [3観点レビュー対応] audienceをdeveloperからuserへ修正（disposition=SPLITで解説書へ残る内容のため、developer=Nablarch開発者向け内部情報の定義に該当しない。第2部アーキテクト向け設定情報としてuser区分が正しい）。
current-0066-c,current-0066,current,ja/development_tools/testing_framework/guide/development_guide/05_UnitTestGuide/02_RequestUnitTest/http_real.rst,130,159,リクエスト単体テストの実施方法（HTTP同期応答メッセージ受信処理） > テストデータの書き方 > 各種準備データ,30,user,第3部 テストの実装方法,テストデータの書き方,使用方法,SPLIT,メッセージボディの記法（1行目=フィールド名称・2行目=データタイプ・3行目=フィールド長・4行目以降=データという行構成の表）と、JSON／XML形式では1シート1テストケースのみ記述できるというtip、フィールド名称の重複禁止という`.. important::`。split-plan.md（current-0066）が確定した分割どおり130-159行をメッセージボディの記法としてテストデータの書き方ページへ割り当てる。44-119行の要求電文の記法は別行(current-0066-a)、120-129行のフレームワーク制御ヘッダ設定は別行(current-0066-b)。
current-0067,current-0067,current,ja/development_tools/testing_framework/guide/development_guide/05_UnitTestGuide/02_RequestUnitTest/http_real.rst,162,177,リクエスト単体テストの実施方法（HTTP同期応答メッセージ受信処理） > テストデータの書き方 > 各種期待値,16,user,第3部 テストの実装方法,テストデータの書き方,使用方法,MERGE,"応答電文（MESSAGE=expectedMessages）の記法。リクエストメッセージ（current-0066-a）と同じ書式だが名前がexpectedMessagesとなる点、フィールド長には""-""（ハイフン）を設定する点を説明。要求電文の記法（current-0066-a）を完成させる対の記法情報のため、同じくテストデータの書き方ページへMERGE。"
current-0031,current-0031,current,ja/development_tools/testing_framework/guide/development_guide/05_UnitTestGuide/02_RequestUnitTest/batch.rst,1,2,(冒頭),2,user,,,,DROP,本文は「.. _`batch_request_test`:」というRST内部アンカーラベルのみで、直後の空行以外に実体的な記述がない。判断ルール1によりDROP。新規ページ作成時に:refラベルを付与し直せば足りる。
current-0032,current-0032,current,ja/development_tools/testing_framework/guide/development_guide/05_UnitTestGuide/02_RequestUnitTest/batch.rst,10,29,リクエスト単体テストの実施方法(バッチ) > テストクラスの書き方,20,user,第3部 テストの実装方法,リクエスト単体テスト（Nablarchバッチアプリケーション）,使用方法,MOVE,テストクラスの命名規則（<Actionクラス名>RequestTest）、パッケージ規則（テスト対象Actionと同じ）、nablarch.test.core.batch.BatchRequestTestSupportを継承する必須要件とコード例。current-0077（ウェブアプリケーション版、BasicHttpRequestTestTemplate継承）と同型だがバッチ固有の継承クラス・命名規則であり重複しない。「テストクラスを作成する」手順としてリクエスト単体テスト（Nablarchバッチアプリケーション）の使用方法へMOVE。
current-0033,current-0033,current,ja/development_tools/testing_framework/guide/development_guide/05_UnitTestGuide/02_RequestUnitTest/batch.rst,33,52,リクエスト単体テストの実施方法(バッチ) > テストメソッド分割,20,user,第3部 テストの実装方法,リクエスト単体テスト（Nablarchバッチアプリケーション）,使用方法,MOVE,「原則として、１つのテストケースに対して１つのテストメソッドを作成する」という原則と、「複数ケースをまとめて記述した方が効率が良い場合は、複数テストケースを１テストメソッドで行うことを検討する」という例外基準（テストケース間の関連が強い場合／データが少量の場合）。バッチ処理は複数レコードを一度に扱いテストデータが多くなるという固有の背景説明を含み、他の処理方式のマッピング済みセクションに同種の記述は見当たらない（grep確認済み）。「テストメソッドを作成する」手順としてMOVE。
current-0034,current-0034,current,ja/development_tools/testing_framework/guide/development_guide/05_UnitTestGuide/02_RequestUnitTest/batch.rst,56,62,リクエスト単体テストの実施方法(バッチ) > テストデータの書き方 > (L2直下),7,user,第3部 テストの実装方法,リクエスト単体テスト（Nablarchバッチアプリケーション）,使用方法,MOVE,「テストデータを記載したExcelファイルは、クラス単体テストと同様にテストソースコードと同じディレクトリに同じ名前で格納する（拡張子のみ異なる）」という格納規則と、詳細記法は「:ref:`how_to_write_excel`」（=テストデータの書き方ページ）を参照させる導線。batch-01のcurrent-0079（ウェブアプリケーション版の同型L2直下、格納規則＋参照導線）と全く同じ構造のため、同じ判断基準でリクエスト単体テスト（Nablarchバッチアプリケーション）の使用方法（テストデータを作成する）へMOVEし、テストデータの書き方ページへの参照は維持する。
current-0035,current-0035,current,ja/development_tools/testing_framework/guide/development_guide/05_UnitTestGuide/02_RequestUnitTest/batch.rst,65,70,リクエスト単体テストの実施方法(バッチ) > テストデータの書き方 > テストクラスで共通のデータベース初期値,6,user,第3部 テストの実装方法,リクエスト単体テスト（Nablarchバッチアプリケーション）,使用方法,REFERENCE,本文は「ウェブアプリケーションの場合と同様である。「:ref:`request_test_setup_db`」を参照。」の1文のみで、参照先はbatch-01のcurrent-0080（setUpDbシートによるDB初期値投入の記法、テストデータの書き方ページへMOVE済み）であり内容が実質的に存在する。判断ルール（REFERENCE）に該当。current-0196（batch-09、コンポーネント単体テストページ内で他機能への参照のみを残した前例）に倣い、参照文が置かれている文脈のページ（リクエスト単体テスト（Nablarchバッチアプリケーション）の使用方法）にREFERENCEとして割り当て、テストデータの書き方ページへの導線として残す。
current-0036,current-0036,current,ja/development_tools/testing_framework/guide/development_guide/05_UnitTestGuide/02_RequestUnitTest/batch.rst,73,167,リクエスト単体テストの実施方法(バッチ) > テストデータの書き方 > テストケース一覧,95,user,第3部 テストの実装方法,テストデータの書き方,使用方法,MOVE,LIST_MAPで１テストメソッド分のケース表を記載するというtestShots(バッチ版)の全カラム仕様（no/description/expectedStatusCode/setUpTable/setUpFile/expectedFile/expectedTable/expectedLog/diConfig/requestPath/userId/expectedMessage/responseMessage/expectedMessageByClient/responseMessageByClient）と、デフォルトグループID(`default`)の脚注、および「コマンドライン引数」小節（args[n]形式でのコマンドライン引数指定、任意カラム追加によるコマンドラインオプション指定）。batch-01のcurrent-0081（ウェブアプリケーション版testShots、no/description/context/cookie/queryParams等）と一部カラム（no/description/expectedStatusCode/setUpTable/expectedTable/expectedMessage系）が重複するが、setUpFile/expectedFile/expectedLog/diConfig/requestPath/userId/コマンドライン引数節はバッチ固有の新規記法のため、判断ルール5に従いセクション全体を残しテストデータの書き方の使用方法へMOVE（重複先: current-0081）。95行のためsplit-plan.md対象外。
current-0037-a,current-0037,current,ja/development_tools/testing_framework/guide/development_guide/05_UnitTestGuide/02_RequestUnitTest/batch.rst,170,262,リクエスト単体テストの実施方法(バッチ) > テストデータの書き方 > 各種準備データ,93,user,第3部 テストの実装方法,テストデータの書き方,使用方法,SPLIT,split-plan.md（current-0037検索）で承認済みの分割の1つ目。データベースの準備（グループIDによる対応付け）と固定長ファイルの準備（SETUP_FIXED[グループID]=ファイルパスの書式、ディレクティブ行/レコード種別/フィールド名称/データ型/フィールド長/データの表構造、フィールド名称の重複禁止のimportant、外部インタフェース設計書からのコピー＆ペーストのtip）。input-0013（batch-09、SETUP_FIXED/EXPECTED_FIXEDの行構成の抽象的な図解）と概念が重複するが、本セクションは実際のディレクティブ表・制約・作成Tipsを含みより詳細なため判断ルール5により残し、テストデータの書き方の使用方法へSPLIT（重複先: input-0013）。split-plan.mdの指示通り170-262行を採用。
current-0037-b,current-0037,current,ja/development_tools/testing_framework/guide/development_guide/05_UnitTestGuide/02_RequestUnitTest/batch.rst,263,316,リクエスト単体テストの実施方法(バッチ) > テストデータの書き方 > 各種準備データ,54,user,第2部 導入と設定,リクエスト単体テストの設定（Nablarchバッチアプリケーション）,使用方法,SPLIT,split-plan.md（current-0037検索）で承認済みの分割の2つ目。「符号無数値」「符号付数値」データ型使用時のテストデータ記載例（フォーマット定義：フィールド長10桁・パディング文字'0'等での表現例）と、これをテスト用データタイプとして機能させるためのfixedLengthConvertorSettingコンポーネントへの設定追加手順（コンポーネント設定ファイルXML例）という1つの.. tip::ディレクティブ全体。設定ファイル変更というコンポーネント設定の話題のため、split-plan.mdの判断どおりPart2のリクエスト単体テストの設定（Nablarchバッチアプリケーション）の使用方法（コンポーネントを設定する）へSPLIT。263-316行はこのtip全体であり途中で分割不可。
current-0037-c,current-0037,current,ja/development_tools/testing_framework/guide/development_guide/05_UnitTestGuide/02_RequestUnitTest/batch.rst,317,446,リクエスト単体テストの実施方法(バッチ) > テストデータの書き方 > 各種準備データ,130,user,第3部 テストの実装方法,テストデータの書き方,使用方法,SPLIT,split-plan.md（current-0037検索）で承認済みの分割の3つ目。固定長ファイルの具体例（ヘッダ/データ/トレーラ/エンドレコード4種のテーブル）、可変長ファイル（CSVファイル）の準備（SETUP_VARIABLE=、固定長との違い＝フィールド長行を記載しない点、field-separatorディレクティブでの区切り文字変更tip）、空のファイルを定義する方法（ディレクティブ行のみ定義しレコード定義を省略する例）。input-0014（batch-09、SETUP_VARIABLE/EXPECTED_VARIABLEの抽象的な行構成図解）と概念が重複するが、本セクションは実データ例・field-separatorオプション・空ファイル定義という詳細を含みより詳細なため判断ルール5により残し、テストデータの書き方の使用方法へSPLIT（重複先: input-0014）。split-plan.mdの指示通り317-446行を採用。
current-0038,current-0038,current,ja/development_tools/testing_framework/guide/development_guide/05_UnitTestGuide/02_RequestUnitTest/batch.rst,449,482,リクエスト単体テストの実施方法(バッチ) > テストデータの書き方 > 各種期待値,34,user,第3部 テストの実装方法,テストデータの書き方,使用方法,MOVE,検索結果・データベースを期待値と比較する場合はグループIDでテストケース一覧と紐付けるという導入文、期待するデータベースの状態（オンラインと同様、current-0037-aへのグループID対応付け参照）、期待する固定長ファイル（データタイプはEXPECTED_FIXED、その他の記述方法は固定長ファイルの準備＝current-0037-aと同様と明記）、期待する可変長ファイル（データタイプはEXPECTED_VARIABLE、可変長ファイル（CSVファイル）の準備＝current-0037-cと同様と明記）。SETUP_*とEXPECTED_*の対応関係を示す記法説明のため判断ルール3によりテストデータの書き方の使用方法へMOVE。
current-0039,current-0039,current,ja/development_tools/testing_framework/guide/development_guide/05_UnitTestGuide/02_RequestUnitTest/batch.rst,489,493,リクエスト単体テストの実施方法(バッチ) > テストメソッドの書き方 > スーパクラスについて,5,user,第3部 テストの実装方法,リクエスト単体テスト（Nablarchバッチアプリケーション）,使用方法,MOVE,「BatchRequestTestSupportクラスを継承する。このクラスでは、準備したテストデータを元に以下の手順でリクエスト単体テストを実行する。」という導入文。判断ルール1により、後続のテストメソッド作成（current-0040）・スーパクラスのメソッド呼び出し（current-0041）と同じdest_sectionへ。「テストメソッドを作成する」手順としてリクエスト単体テスト（Nablarchバッチアプリケーション）の使用方法へMOVE。
current-0040,current-0040,current,ja/development_tools/testing_framework/guide/development_guide/05_UnitTestGuide/02_RequestUnitTest/batch.rst,496,506,リクエスト単体テストの実施方法(バッチ) > テストメソッドの書き方 > テストメソッド作成,11,user,第3部 テストの実装方法,リクエスト単体テスト（Nablarchバッチアプリケーション）,使用方法,MOVE,「準備したテストシートに対応するメソッドを作成する。」という説明と、@Test public void testRegisterUser() {} という最小限のテストメソッドのコード例。current-0039と同じくテストメソッドを作成する手順としてMOVE。
current-0041,current-0041,current,ja/development_tools/testing_framework/guide/development_guide/05_UnitTestGuide/02_RequestUnitTest/batch.rst,509,528,リクエスト単体テストの実施方法(バッチ) > テストメソッドの書き方 > スーパクラスのメソッド呼び出し,20,user,第3部 テストの実装方法,リクエスト単体テスト（Nablarchバッチアプリケーション）,使用方法,MOVE,"テストメソッド内でスーパクラスのvoid execute()／void execute(String sheetName)いずれかを呼び出す旨、引数なしexecute()使用時はテストデータのシート名にテストメソッド名を指定したのと同じ動作になる旨の説明とコード例（execute()はexecute(""testRegisterUser"")と等価という注記付き）。テストメソッドを作成する手順としてMOVE。"
current-0042,current-0042,current,ja/development_tools/testing_framework/guide/development_guide/05_UnitTestGuide/02_RequestUnitTest/batch.rst,532,535,リクエスト単体テストの実施方法(バッチ) > テスト起動方法,4,user,第3部 テストの実装方法,リクエスト単体テスト（Nablarchバッチアプリケーション）,使用方法,MOVE,「クラス単体テストと同様。通常のJUnitテストと同じように実行する。」という一文。:ref:等の明示的な参照リンクを伴わない地の文の説明であり、バッチのリクエスト単体テストが特別な起動手順を要しないことを明示する実体的な記述のため、REFERENCEではなくMOVEとして「テストを実行する」手順へ割り当てる。
current-0043,current-0043,current,ja/development_tools/testing_framework/guide/development_guide/05_UnitTestGuide/02_RequestUnitTest/batch.rst,544,549,リクエスト単体テストの実施方法(バッチ) > テスト結果検証 > データベースの結果検証,6,user,第3部 テストの実装方法,リクエスト単体テスト（Nablarchバッチアプリケーション）,使用方法,MOVE,「テストケース一覧のexpectedTable欄にグループIDを記載することにより、そのグループIDのテストデータで実際のファイル出力結果を確認できる。」という説明文（原文ママ。直後のファイルの結果検証節と酷似した文言になっており「ファイル出力結果」という記載は原文の誤記の可能性があるが、実測どおり転記した）。expectedTable欄によるDB結果検証の手順説明のため「テスト結果を確認する」手順としてMOVE。
current-0044,current-0044,current,ja/development_tools/testing_framework/guide/development_guide/05_UnitTestGuide/02_RequestUnitTest/batch.rst,552,567,リクエスト単体テストの実施方法(バッチ) > テスト結果検証 > ファイルの結果検証,16,user,第3部 テストの実装方法,リクエスト単体テスト（Nablarchバッチアプリケーション）,使用方法,MOVE,テストケース一覧のexpectedFile欄にグループIDを記載することでファイル出力結果を確認できる旨、ID記述方法のみ準備データと異なる旨、および固定長/可変長ファイルの期待値記述例の対応表（グループID指定なし: `EXPECTED_FIXED=パス`／指定あり: `EXPECTED_FIXED[グループID]=パス`、可変長も同様）。current-0038（各種期待値、データタイプ名EXPECTED_FIXED/EXPECTED_VARIABLEの紹介のみ）と概念が重複するが、本セクションはグループID有無での具体的な記述文法の対比表を追加提供しておりより詳細なため判断ルール5により残し、「テスト結果を確認する」手順としてMOVE（重複先: current-0038、テストデータの書き方ページ側）。
current-0045,current-0045,current,ja/development_tools/testing_framework/guide/development_guide/05_UnitTestGuide/02_RequestUnitTest/batch.rst,570,619,リクエスト単体テストの実施方法(バッチ) > テスト結果検証 > ログの結果検証,50,user,第3部 テストの実装方法,リクエスト単体テスト（Nablarchバッチアプリケーション）,使用方法,MOVE,テストケース一覧のexpectedLog欄にグループIDを記載することで実際のログ出力結果を確認できる旨、logLevel/messageN(1以上の連番)カラムの記法表、全条件がAND条件である旨のtip（文言合致でもログレベル不一致なら失敗、等）、LIST_MAP=expectedLogMessagesを使った具体例、期待するメッセージを1行以上設定しないと例外が送出される旨のimportant。ログ検証はバッチ処理特有の結果確認方法であり他処理方式のマッピング済みセクションに同種の記述は見当たらない（grep確認済み）。「テスト結果を確認する」手順としてMOVE。
current-0024,current-0024,current,ja/development_tools/testing_framework/guide/development_guide/05_UnitTestGuide/01_ClassUnitTest/02_componentUnitTest.rst,1,2,(冒頭),2,user,,,,DROP,本文は「.. _componentUnitTest:」というRST内部アンカーラベルのみで、実体的な記述がない。判断ルール1によりDROP。新規ページ作成時に:refラベルを付与し直せば足りる。
current-0025,current-0025,current,ja/development_tools/testing_framework/guide/development_guide/05_UnitTestGuide/01_ClassUnitTest/02_componentUnitTest.rst,6,8,Action/Componentのクラス単体テスト > (L1直下),3,user,第3部 テストの実装方法,コンポーネント単体テスト,機能概要,MOVE,「本項では、Action/Componentのクラス単体テストのうちComponentのクラス単体テスト(以下Component単体テスト)にて説明する。なお、Actionのクラス単体テスト(以下Action単体テスト)の場合の違いとしてはテストクラス名の部分である。」というページのスコープ・対象宣言（ComponentとActionの違いはテストクラス名のみという要点）。ページ冒頭の範囲宣言のためコンポーネント単体テストページの機能概要へMOVE。
current-0026,current-0026,current,ja/development_tools/testing_framework/guide/development_guide/05_UnitTestGuide/01_ClassUnitTest/02_componentUnitTest.rst,12,22,Action/Componentのクラス単体テスト > Action/Component単体テストの書き方 > (L2直下),11,user,第3部 テストの実装方法,コンポーネント単体テスト,使用方法,MOVE,本項で使用する例のダウンロードリソース一覧（テストケース一覧xlsx／テストクラスUserComponentTest.java／テストデータxlsx／テスト対象クラスUserComponent.java）と、「本項では、ユーザ登録用メソッド(UserComponent#registerUser)を例に説明する。」という後続の使用方法手順（current-0027以降）への橋渡し文。判断ルール1により後続の具体的な手順説明と同じdest_sectionへMOVE。
current-0027,current-0027,current,ja/development_tools/testing_framework/guide/development_guide/05_UnitTestGuide/01_ClassUnitTest/02_componentUnitTest.rst,25,39,Action/Componentのクラス単体テスト > Action/Component単体テストの書き方 > テストケース実行のパターン分け,15,user,第3部 テストの実装方法,コンポーネント単体テスト,使用方法,MOVE,テストケースを「戻り値(DB検索結果)を確認しなければならないもの」「戻り値(DB検索結果以外)を確認しなければならないもの」「処理終了後のDB状況を確認しなければならないもの」「メッセージIDを確認しなければならないもの」の4パターンに分類する表と、今回の例（DB挿入処理・2重登録時のエラー処理）が後2者に該当するという当てはめ。current-0028のテストデータ・テストクラス作成手順（DB確認・メッセージID確認の各書き方）を読み解く前提の分類基準であり、判断ルール1に準じ同じ使用方法セクションへMOVE。他バッチに同種の4分類記述は見当たらない（grep確認済み）。
current-0028,current-0028,current,ja/development_tools/testing_framework/guide/development_guide/05_UnitTestGuide/01_ClassUnitTest/02_componentUnitTest.rst,42,355,Action/Componentのクラス単体テスト > Action/Component単体テストの書き方 > テストデータとテストクラスの作成,314,user,第3部 テストの実装方法,コンポーネント単体テスト,使用方法,MOVE,314行のためsplit-plan.mdを確認（grep -n '^| current-0028' split-plan.md）。既承認結果は「no split」で、内容は「テストデータ（Excel）の配置規則、テストクラスの継承条件、事前準備データ作成、DB確認、メッセージID確認の各テストケースの書き方で、すべてアプリ開発者がコンポーネント単体テストを書く手順。設定ファイルやクラス差し替えの説明は含まない」と判定済み。宛先も第3部＞クラス単体テスト＞コンポーネント単体テストと明記されており、そのまま採用。テストデータの作成（Excel格納規則、DbAccessTestSupport継承のコード例）、事前準備データの作成処理（スレッドコンテキスト設定・挿入対象テーブル初期化・マスタ系データ投入のコード例）、処理終了後のDB状況確認（テストデータ入力値作成・commitTransactions()によるコミット・想定結果作成・assertTableEquals）、メッセージID確認（例外キャッチとメッセージID比較）の4部構成。batch-09のcurrent-0181〜0197（DbAccessTest.rstのAPI仕様・注意点説明）とDbAccessTestSupport継承・assertTableEquals等の用語が重なるが、split-plan.mdが「設定ファイルやクラス差し替えの説明は含まない」＝実践的な書き方チュートリアルとして両者を区別済みのため重複DROPとはしない。
current-0306,current-0306,current,ja/development_tools/testing_framework/guide/development_guide/06_TestFWGuide/RequestUnitTest_rest.rst,1,2,(冒頭),2,user,,,,DROP,`.. _rest_testing_fw:`という内部参照ラベルのみで地の文を持たない。判断ルール1によりDROP。
current-0307,current-0307,current,ja/development_tools/testing_framework/guide/development_guide/06_TestFWGuide/RequestUnitTest_rest.rst,10,14,リクエスト単体テスト（RESTfulウェブサービス） > 概要 > (L2直下),5,user,第3部 テストの実装方法,リクエスト単体テスト（RESTfulウェブサービス）,機能概要,MOVE,リクエスト単体テスト(REST)では内蔵サーバを使用してテストを行う旨、RESTfulウェブサービス用実行基盤のみ必要なモジュールが他の実行基盤より多いためモジュール一覧記載のモジュールを依存関係に追加する必要がある旨の導入文（L2直下）。batch-13のcurrent-0199（ウェブアプリケーション版の同型導入文、機能概要へMOVE済み）と同じく、判断ルール1により後続の全体像・主なクラス（current-0308/0309）と同じdest_sectionへ。モジュール一覧・設定への言及があるが実体はcurrent-0310/0311側に譲り、本文自体は概要のスコープ説明に留まるためリクエスト単体テスト（RESTfulウェブサービス）ページの機能概要へMOVE。
current-0308,current-0308,current,ja/development_tools/testing_framework/guide/development_guide/06_TestFWGuide/RequestUnitTest_rest.rst,17,19,リクエスト単体テスト（RESTfulウェブサービス） > 概要 > 全体像,3,user,第3部 テストの実装方法,リクエスト単体テスト（RESTfulウェブサービス）,機能概要,MOVE,rest_request_unit_test_structure.pngの構成図のみ。design.md第3部の機能概要「全体像（図）」に直接該当するためMOVE。batch-13のcurrent-0200（ウェブアプリケーション版の同型全体像）と同型の判断。
current-0309,current-0309,current,ja/development_tools/testing_framework/guide/development_guide/06_TestFWGuide/RequestUnitTest_rest.rst,22,46,"リクエスト単体テスト（RESTfulウェブサービス） > 概要 > 主なクラス, リソース",25,user,第3部 テストの実装方法,リクエスト単体テスト（RESTfulウェブサービス）,機能概要,MOVE,リクエスト単体テストクラス／テストデータ（Excelファイル）／テスト対象クラス(Action)／DbAccessTestSupport／HttpServer／RestTestSupportの6行の役割・作成単位表。design.md「主なクラスとリソース」表そのものであり機能概要へMOVE。input-0031（batch-10、RestTestSupport・SimpleRestTestSupport・RestMockHttpRequestの3クラスの役割のみを述べる簡易表）とRestTestSupportの行が概念上重複するが、本表はテスティングフレームワーク全体（リクエスト単体テストクラス〜HttpServerまで6クラス）を俯瞰する詳細表であり判断ルール5によりこちらを残す（重複先: input-0031。本バッチ末尾でinput-0031をDROPに変更、重複先note に current-0309/0310/0313/0314/0316/0318 を明記）。
current-0310,current-0310,current,ja/development_tools/testing_framework/guide/development_guide/06_TestFWGuide/RequestUnitTest_rest.rst,49,74,リクエスト単体テスト（RESTfulウェブサービス） > 概要 > モジュール一覧,26,user,第2部 導入と設定,リクエスト単体テストの設定（RESTfulウェブサービス）,使用方法,MOVE,テスティングフレームワーク本体(nablarch-testing-rest)・デフォルト設定(nablarch-testing-default-configuration)・内蔵サーバ実装(nablarch-testing-jetty12)の3モジュールのpom.xml依存関係定義コード例と、nablarch-testingへの依存を明記するimportantノート。design.md第1部「モジュール一覧の集約」はRESTful固有依存を処理方式のページに残すと定めており、依存関係追加はPart2使用方法の「テストを実行できるようにする」に該当（batch-09のcurrent-0267、JUnit5用拡張機能のモジュール一覧と同型判断）。リクエスト単体テストの設定（RESTfulウェブサービス）ページへMOVE（要確認：Part3の機能概要側に置く可能性もあり、ページ作成時に再検討の余地あり）。input-0031の必須モジュール3件の記述と重複するため、本バッチ末尾でinput-0031をDROPに変更（重複先: current-0310）。
current-0311,current-0311,current,ja/development_tools/testing_framework/guide/development_guide/06_TestFWGuide/RequestUnitTest_rest.rst,77,93,リクエスト単体テスト（RESTfulウェブサービス） > 概要 > 設定,17,user,第2部 導入と設定,リクエスト単体テストの設定（RESTfulウェブサービス）,使用方法,MOVE,アーキタイプ作成時のunit-test.xmlへの設定状況、RESTfulウェブサービス向け設定ファイル(nablarch/test/rest-request-test.xml)のimport追加手順とコード例、:ref:`rest-test-configuration`（各種設定値、current-0319/0320）への参照、Nablarch5u18以降のブランクプロジェクトでは設定済みという旨のtip。テスティングフレームワークを使用可能にする設定手順のためリクエスト単体テストの設定（RESTfulウェブサービス）ページの使用方法（テストを実行できるようにする）へMOVE。
current-0312,current-0312,current,ja/development_tools/testing_framework/guide/development_guide/06_TestFWGuide/RequestUnitTest_rest.rst,97,99,リクエスト単体テスト（RESTfulウェブサービス） > 構造 > (L2直下),3,user,,,,DROP,`.. _rest_test_superclasses:`という内部参照ラベルと空行のみで地の文を持たない。判断ルール1によりDROP。
current-0313,current-0313,current,ja/development_tools/testing_framework/guide/development_guide/06_TestFWGuide/RequestUnitTest_rest.rst,102,111,リクエスト単体テスト（RESTfulウェブサービス） > 構造 > SimpleRestTestSupport,10,user,第3部 テストの実装方法,リクエスト単体テスト（RESTfulウェブサービス）,使用方法,MOVE,SimpleRestTestSupportがリクエスト単体テスト用スーパクラスであり、データベース関連機能が不要な場合はRestTestSupportの代わりに使用する旨の説明と、RestTestSupport使用時はdbInfoまたはtestDataParserコンポーネントの準備が必要という区別のtip。batch-13のcurrent-0203（BasicHttpRequestTestTemplateの位置づけ説明、テストクラスを作成する手順としてMOVE）と同型のためリクエスト単体テスト（RESTfulウェブサービス）ページの使用方法へMOVE。design.mdの「同じクラスの説明を拡張例で再掲しない」方針どおり、主なクラスとリソース表(current-0309)にはないSimpleRestTestSupport固有の情報（コンポーネント準備要否の違い）を持つため新規情報。input-0031のSimpleRestTestSupport要約（1行）より詳細なため、本バッチ末尾でinput-0031をDROPに変更（重複先: current-0313）。
current-0314,current-0314,current,ja/development_tools/testing_framework/guide/development_guide/06_TestFWGuide/RequestUnitTest_rest.rst,114,118,リクエスト単体テスト（RESTfulウェブサービス） > 構造 > RestTestSupport,5,user,第3部 テストの実装方法,リクエスト単体テスト（RESTfulウェブサービス）,使用方法,MOVE,RestTestSupportがリクエスト単体テスト用スーパクラスであり、SimpleRestTestSupportを継承しデータベース関連機能を持つという説明。current-0313の対をなす節のため同じくリクエスト単体テスト（RESTfulウェブサービス）ページの使用方法へMOVE。input-0031のRestTestSupport要約（1行）より詳細なため、本バッチ末尾でinput-0031をDROPに変更（重複先: current-0314）。
current-0315,current-0315,current,ja/development_tools/testing_framework/guide/development_guide/06_TestFWGuide/RequestUnitTest_rest.rst,121,145,リクエスト単体テスト（RESTfulウェブサービス） > 構造 > データベース関連機能,25,user,第3部 テストの実装方法,リクエスト単体テスト（RESTfulウェブサービス）,使用方法,MOVE,RestTestSupportのデータベース関連機能はDbAccessTestSupportへの処理委譲で実現している旨、リクエスト単体テスト(REST)では不要なため意図的に委譲していない6メソッド（beginTransactions/commitTransactions/endTransactions/setThreadContextValues/assertSqlResultSetEquals/assertSqlRowEquals）の列挙、および委譲されたassertTableEquals等でDBを直接確認するテストよりAPIレスポンスでデータを確認するテストを推奨するimportantノート。batch-13のcurrent-0206（HttpRequestTestSupportの委譲メソッド説明、使用方法へMOVE）と同型のためリクエスト単体テスト（RESTfulウェブサービス）ページの使用方法へMOVE。batch-09のDbAccessTestSupport本体の説明（current-0181〜0197）とは委譲有無の一覧という点で異なり重複しない。
current-0316,current-0316,current,ja/development_tools/testing_framework/guide/development_guide/06_TestFWGuide/RequestUnitTest_rest.rst,148,195,リクエスト単体テスト（RESTfulウェブサービス） > 構造 > 事前準備補助機能,48,user,第3部 テストの実装方法,リクエスト単体テスト（RESTfulウェブサービス）,使用方法,MOVE,内蔵サーバへのリクエスト送信に必要なRestMockHttpRequestを生成するget/post/put/patch/delete/newRequestの各メソッドのコード例、リクエストパラメータ設定の説明、およびRestMockHttpRequestが流れるようなインターフェイスでパラメータ設定できる旨とリクエスト構築例（post(...).setHeader(...).setCookie(...)）のtip。design.mdの「テストソースコードの実装例」（第2部に含めない＝第3部の使用方法に置く）に該当しリクエスト単体テスト（RESTfulウェブサービス）ページの使用方法へMOVE。input-0031の「リクエスト構築（流れるようなインターフェース）: get/post/put/patch/delete/newRequest」という要約1文より、本セクションは各メソッドの引数・戻り値・コード例を含み大幅に詳細なため、判断ルール5により本セクションを残す（本バッチ末尾でinput-0031をDROPに変更、重複先: current-0316）。
current-0317,current-0317,current,ja/development_tools/testing_framework/guide/development_guide/06_TestFWGuide/RequestUnitTest_rest.rst,198,207,リクエスト単体テスト（RESTfulウェブサービス） > 構造 > 実行,10,user,第3部 テストの実装方法,リクエスト単体テスト（RESTfulウェブサービス）,使用方法,MOVE,RestTestSupportのsendRequest(HttpRequest request)メソッドを呼び出すことで内蔵サーバが起動されリクエストが送信される旨の説明とコード例。「テストを実行する」手順としてリクエスト単体テスト（RESTfulウェブサービス）ページの使用方法へMOVE。
current-0318,current-0318,current,ja/development_tools/testing_framework/guide/development_guide/06_TestFWGuide/RequestUnitTest_rest.rst,210,274,リクエスト単体テスト（RESTfulウェブサービス） > 構造 > 結果確認,65,user,第3部 テストの実装方法,リクエスト単体テスト（RESTfulウェブサービス）,使用方法,MOVE,assertStatusCodeメソッドによるHTTPステータスコード確認（引数・アサート失敗条件の説明とコード例）、レスポンスボディの検証はフレームワークが仕組みを提供せずJSONAssert・json-path-assert・XMLUnit等の外部ライブラリ使用を推奨する旨とブランクプロジェクトでのpom.xml記載済み状況のtip、readTextResourceメソッドによるファイルベース期待値読み込み（テストクラスソースファイル・レスポンスボディ期待値ファイルの配置ディレクトリ対応表）。input-0031の「結果検証: assertStatusCode、readTextResource。レスポンスボディはJSONAssert等の外部ライブラリを推奨」という要約より、本セクションはメソッドの引数・アサート失敗条件・ファイル配置表を含み大幅に詳細なため、判断ルール5により本セクションを残す（本バッチ末尾でinput-0031をDROPに変更、重複先: current-0318）。「テスト結果を確認する」手順としてリクエスト単体テスト（RESTfulウェブサービス）ページの使用方法へMOVE。
current-0319,current-0319,current,ja/development_tools/testing_framework/guide/development_guide/06_TestFWGuide/RequestUnitTest_rest.rst,278,281,リクエスト単体テスト（RESTfulウェブサービス） > 各種設定値 > (L2直下),4,user,第2部 導入と設定,リクエスト単体テストの設定（RESTfulウェブサービス）,使用方法,MOVE,「環境設定に依存する設定値については、コンポーネント設定ファイルで変更できる。設定可能な項目を以下に示す。」という導入文（L2直下）。判断ルール1により後続のコンポーネント設定ファイル設定項目一覧（current-0320）と同じdest_sectionへ。batch-13のcurrent-0210（ウェブアプリケーション版の同型導入文）と同じくPart2の使用方法（コンポーネントを設定する）に対応するリクエスト単体テストの設定（RESTfulウェブサービス）ページへMOVE。
current-0320,current-0320,current,ja/development_tools/testing_framework/guide/development_guide/06_TestFWGuide/RequestUnitTest_rest.rst,284,361,リクエスト単体テスト（RESTfulウェブサービス） > 各種設定値 > コンポーネント設定ファイル設定項目一覧,78,user,第2部 導入と設定,リクエスト単体テストの設定（RESTfulウェブサービス）,使用方法,MOVE,webBaseDir（ウェブアプリケーションのルートディレクトリ）・webFrontControllerKey（Webフロントコントローラーのリポジトリキー）の2設定項目とデフォルト値の一覧表、およびPJ共通webモジュールが存在する場合の複数ディレクトリ指定例、ウェブアプリケーション実行基盤とウェブサービス実行基盤を1つのWarで実行する場合のWebフロントコントローラー切り替え設定例（コンポーネント定義XML全文2件）を含む脚注2件。design.md§3の第2部記載範囲表が定める「コンポーネント設定ファイルの設定項目一覧」「設定ファイルの記述例」そのものであり第2部のリクエスト単体テストの設定（RESTfulウェブサービス）へMOVE。78行のためsplit-plan.md対象外（split-plan.mdはlines>=100の23件のみを対象と明記、本セクションは非対象）。batch-13のcurrent-0211（ウェブアプリケーション版の同型設定項目一覧）と同型の判断。
current-0046,current-0046,current,ja/development_tools/testing_framework/guide/development_guide/05_UnitTestGuide/02_RequestUnitTest/delayed_receive.rst,8,12,リクエスト単体テストの実施方法（応答不要メッセージ受信処理） > 概要 > (L2直下),5,user,第3部 テストの実装方法,リクエスト単体テスト（MOMによるメッセージング）,機能概要,MOVE,「応答不要メッセージ処理用のアクションクラスは、Nablarchの一部として提供される。このため、リクエスト単体テストではこのアクションクラスを使用して、以下のテスト対象の成果物の確認を行う。」という導入文と「他のテストのようにアクションクラスに対する条件網羅や、限界値テストなどは実施不要である」という適用範囲の限定（L2直下）。判断ルール1により後続のテスト対象の成果物（current-0047）と同じdest_sectionへ。応答不要メッセージ受信処理はMOMによるメッセージングの受信側処理方式（用語集の正表記「応答不要メッセージ受信」、batch-10のinput-0033で確立した処理方式割当）のためリクエスト単体テスト（MOMによるメッセージング）ページの機能概要へMOVE。
current-0047,current-0047,current,ja/development_tools/testing_framework/guide/development_guide/05_UnitTestGuide/02_RequestUnitTest/delayed_receive.rst,15,18,リクエスト単体テストの実施方法（応答不要メッセージ受信処理） > 概要 > テスト対象の成果物,4,user,第3部 テストの実装方法,リクエスト単体テスト（MOMによるメッセージング）,機能概要,MOVE,テスト対象の成果物（電文のレイアウトを定義したフォーマット定義ファイル・データベースへ電文を登録する際に使用するFormクラス・データベースへ電文を登録するためのINSERT文）の3項目の箇条書き。ページのスコープ定義（何を確認すればよいか）のためリクエスト単体テスト（MOMによるメッセージング）ページの機能概要へMOVE。
current-0048,current-0048,current,ja/development_tools/testing_framework/guide/development_guide/05_UnitTestGuide/02_RequestUnitTest/delayed_receive.rst,22,38,リクエスト単体テストの実施方法（応答不要メッセージ受信処理） > テストクラスの書き方,17,user,第3部 テストの実装方法,リクエスト単体テスト（MOMによるメッセージング）,使用方法,MOVE,テストクラスの命名規則（<電文のリクエストID>RequestTest）、パッケージ規則（テスト対象機能と同じパッケージ）、nablarch.test.core.messaging.MessagingReceiveTestSupportを継承する必須要件とコード例。「テストクラスを作成する」手順としてリクエスト単体テスト（MOMによるメッセージング）ページの使用方法へMOVE。
current-0049,current-0049,current,ja/development_tools/testing_framework/guide/development_guide/05_UnitTestGuide/02_RequestUnitTest/delayed_receive.rst,42,47,リクエスト単体テストの実施方法（応答不要メッセージ受信処理） > テストデータの書き方 > (L2直下),6,user,第3部 テストの実装方法,リクエスト単体テスト（MOMによるメッセージング）,使用方法,REFERENCE,「テスト対象の成果物のテストを行うために必要なテストデータの記述方法を説明する。テストデータの記述方法は、:ref:`real_request_test`を参照すること。本項では、:ref:`real_request_test`と記述方法が異なる箇所を解説する。」という導入文。参照先real_request_test（02_RequestUnitTest/real.rst、同期応答メッセージ受信処理、current-0100〜0110等）は本バッチ時点で未処理（mapping/_batch/batch-*.csvに02_RequestUnitTest/real.rstの行が存在しないことをgrepで確認済み）。batch-15のcurrent-0064（http_real.rstの同型L1直下、real_request_testへの参照＋差分解説という導入文をREFERENCEとしてHTTPメッセージング処理方式ページの使用方法に残した前例）に倣い、実体的な記法ではなく参照＋範囲宣言のみのためMOVEではなくREFERENCEとし、リクエスト単体テスト（MOMによるメッセージング）ページの使用方法に割り当てる。子節current-0050（各種期待値）はテストデータの記法説明のため判断ルール3によりテストデータの書き方ページへ送るが、本節自体は参照文のみで記法を持たないため同じdest_pageには追随しない（current-0064と同型の判断）。
current-0050,current-0050,current,ja/development_tools/testing_framework/guide/development_guide/05_UnitTestGuide/02_RequestUnitTest/delayed_receive.rst,50,56,リクエスト単体テストの実施方法（応答不要メッセージ受信処理） > テストデータの書き方 > 各種期待値,7,user,第3部 テストの実装方法,テストデータの書き方,使用方法,MOVE,応答不要メッセージ受信処理では応答電文が存在しないため応答電文が期待値通りであることを確認する必要がなく、期待するデータベースの状態のみ確認すればよい旨、レスポンスメッセージ(「MESSAGE=expectedMessages」)の記述が不要である旨。テストデータの記法上の省略ルールを説明する内容のため判断ルール3によりテストデータの書き方ページへMOVE。batch-15のcurrent-0067（http_real.rstの応答電文の記法、同じくテストデータの書き方ページへMERGE済み）と同種の判断。参照元の同期応答メッセージ受信処理側（real.rst、各種期待値に相当するcurrent-0107）は本バッチ時点で未処理のため重複確認は当該セクションの処理バッチで行うこと。
input-0167,input-0167,input,.rn/20260724-ntf-yaml-support/input/ntf-testdata-loading.md,2,10,NTF テストデータ読み込み機構 > (L1直下),9,developer,,,,DROP,本書（ntf-testdata-loading.md）自身の位置づけを述べる前置き。「利用者向けの『テストデータの書き方』（ntf-testdata-doc.md）が表側だとすれば、本書はその裏側──本体がどう動くか──です」「対象範囲：NTF本体（nablarch.test.core.reader）の読み込み経路。変換ツール・YAML経路は対象外」と明記しており、本書全体がNablarch開発者向けの内部実装解説であることを宣言する導入文。design.md§8の対象外規定に該当しDROP。
input-0168,input-0168,input,.rn/20260724-ntf-yaml-support/input/ntf-testdata-loading.md,12,66,NTF テストデータ読み込み機構 > 1. 読み込みの4段階,55,developer,,,,DROP,design.md§8が名指しで対象外とする「読み込みの4段階」そのもの。①読む（PoiXlsReader）②掃除する（TestDataParsingTemplate）③変換する（各Interpreter）④組み立てる（データタイプ別パーサ）の4段階を示すmermaidフローチャート・クラス図（TestDataParser/BasicTestDataParser/TestDataReader等）・役割対応表。内部クラス構成の説明でありDROP。
input-0169,input-0169,input,.rn/20260724-ntf-yaml-support/input/ntf-testdata-loading.md,68,116,NTF テストデータ読み込み機構 > 2. データタイプと組み立て方の対応,49,developer,,,,DROP,TestDataParsingTemplateを頂点とするパーサ継承ツリー（SingleDataParsingTemplate/GroupDataParsingTemplate/FixedLengthFileParser/VariableLengthFileParser/MessageParser系/TableDataParser/ListMapParser）のクラス図と、データタイプ別の担当パーサクラス名・組み立て方（状態機械／ヘッダ行＋データ行）の対応表。内部クラス構成と実装分類の説明でありDROP。
input-0170,input-0170,input,.rn/20260724-ntf-yaml-support/input/ntf-testdata-loading.md,118,121,NTF テストデータ読み込み機構 > 3. 値の変換と整形 > (L2直下),4,developer,,,,DROP,「変換には全データタイプ共通のもの（③）と組み立て時にデータタイプごとに行われるもの（④）の2種類がある」という導入文（L2直下）。1章で定義した内部処理段階③④の呼称を前提にした枠組みの説明にとどまり、それ自体に利用者向けの記法情報を含まない。子節のうち③（input-0171）・④（input-0172）は内容を個別に読んだ結果利用者向け記法としてMERGE済みだが、本導入文自体は内部処理段階の枠組み説明でありDROP。
input-0171,input-0171,input,.rn/20260724-ntf-yaml-support/input/ntf-testdata-loading.md,123,136,NTF テストデータ読み込み機構 > 3. 値の変換と整形 > ③ 共通変換：特殊記法を実値へ（全データタイプ共通）,14,user,第3部 テストの実装方法,テストデータの書き方,使用方法,MERGE,"null・${systemTime}ほか日時記法・${文字種,文字数}（例${全角英字,10}）・${半角数字,4}-${半角数字,4}のような連結記法・ダブルクォート囲み・改行コード記法・ファイル参照記法という特殊記法と変換結果の対応表。「どう書けばどう解釈されるか」という利用者向けの入出力仕様そのものであるためaudience=user。design.md§8ただし書き（利用者向け仕様は解説書へ移す）に従いテストデータの書き方の使用方法へMERGE。"
input-0172,input-0172,input,.rn/20260724-ntf-yaml-support/input/ntf-testdata-loading.md,138,147,NTF テストデータ読み込み機構 > 3. 値の変換と整形 > ④ 個別整形：組み立て時にデータタイプごとに（値の整形・補完）,10,user,第3部 テストの実装方法,テストデータの書き方,使用方法,MERGE,ファイル・メッセージは行末の空セルを取り除く、メッセージはレコード種別が空欄の行に既定のレコード種別を補う、テーブルはマーカーカラムを除外する、テーブルはDB登録時に値が省略されたカラムへデフォルト値を補完する、という4件の整形・補完仕様表。値を省略した場合にどう解釈されるかという利用者向けの入出力仕様のためaudience=user。design.md§8ただし書きによりテストデータの書き方の使用方法へMERGE。
input-0173,input-0173,input,.rn/20260724-ntf-yaml-support/input/ntf-testdata-loading.md,149,158,NTF テストデータ読み込み機構 > 3. 値の変換と整形 > ③は不可逆、④は非破壊,10,developer,,,,DROP,変換後の値だけがキャッシュ（8章）に保持され変換前の生値には戻せない（③は不可逆）、④の整形は③変換後データのコピーに対して行われ入力側は書き換えられないため同じシートを取得し直せば整形前（③変換後）の状態から組み立てをやり直せる（④は非破壊）という、キャッシュ機構を前提にした内部の可逆性説明。テストデータの書き方に直接影響しない内部実装の挙動でありDROP。
input-0174,input-0174,input,.rn/20260724-ntf-yaml-support/input/ntf-testdata-loading.md,160,179,NTF テストデータ読み込み機構 > 4. 状態機械による組み立て（ファイル・メッセージ） > (L2直下),20,developer,,,,DROP,design.md§8が名指しで対象外とする「状態機械」の遷移そのもの。ディレクティブ行→フィールド名称行→データ型行→フィールド長行→データ行という状態遷移をmermaidフローチャートで示し、「データ行かどうかは先頭セルが空かで決まる。先頭セルに値があれば次のレコードレイアウトのフィールド名称行とみなされる」「可変長はフィールド長行を持たない」という遷移条件、および電文でのフレームワーク制御ヘッダ分離を説明。状態機械の遷移条件そのものの説明でありDROP。
input-0175,input-0175,input,.rn/20260724-ntf-yaml-support/input/ntf-testdata-loading.md,181,207,NTF テストデータ読み込み機構 > 4. 状態機械による組み立て（ファイル・メッセージ） > 組み立て先のデータモデル（ファイル・メッセージ）,27,developer,,,,DROP,"DataFile/DataFileFragment/Map<String,String>/MessagePool等の内部クラス名とその保持関係（ファイルデータが複数のレコードレイアウトを持つ、メッセージがファイルデータをボディとして内包する等）を示すmermaid図・対応表。状態機械が積み上げた結果の内部データモデルとクラス名の説明でありDROP。"
input-0176,input-0176,input,.rn/20260724-ntf-yaml-support/input/ntf-testdata-loading.md,209,213,NTF テストデータ読み込み機構 > 5. ヘッダ行＋データ行による組み立て（テーブル・LIST_MAP） > (L2直下),5,user,第3部 テストの実装方法,テストデータの書き方,使用方法,MOVE,「マーカーカラム（ヘッダ行で[...]と半角角括弧で囲んだ列）は、組み立て時に読み込み対象から除外される。Excel上の見た目のためだけに存在する列を、構造化オブジェクトに含めないための仕組み」という記法説明（L2直下）。半角角括弧で囲むと除外されるという利用者向けの入出力仕様のためaudience=user。判断ルール3によりテストデータの書き方の使用方法へMOVE。
input-0177,input-0177,input,.rn/20260724-ntf-yaml-support/input/ntf-testdata-loading.md,215,225,NTF テストデータ読み込み機構 > 5. ヘッダ行＋データ行による組み立て（テーブル・LIST_MAP） > 組み立て先のデータモデル（テーブル・LIST_MAP）,11,developer,,,,DROP,"テーブル/LIST_MAPの内部保持クラス（TableData、List<Map<String,String>>）とその構造（ファイルデータのような入れ子ではなくフラットな行の並び）を示す対応表。内部データモデルとクラス名の説明でありDROP。"
input-0178,input-0178,input,.rn/20260724-ntf-yaml-support/input/ntf-testdata-loading.md,227,235,NTF テストデータ読み込み機構 > 6. 入口 API がまとめる単位,9,user,第3部 テストの実装方法,テストデータの書き方,使用方法,MERGE,"入口API TestDataParserのgetSetupFile（SETUP_FIXEDとSETUP_VARIABLEをまとめて1つのファイルデータのリストとして返す）・getExpectedTableData（EXPECTED_TABLEとEXPECTED_COMPLETE_TABLEをマージして返す。後者は省略カラムにデフォルト値を補完してから統合）というAPI仕様。#5c差し戻し対応で実装を確認した結果（nablarch/nablarch-testing commit e21bf67時点 src/main/java/nablarch/test/core/reader/TestDataParser.java:21）TestDataParserインタフェース宣言に@Published(tag=""architect"")が付与されており利用者向け公開APIと確認。tag=""architect""は「アーキテクト向けに公開」を示すタグでありNTF内部専用を意味しない（nablarch-core commit fcb40bb時点 nablarch/core/util/annotation/Published.java:33-39のJavadoc）。加えて現行解説書current-0233/0234（06_TestFWGuide/03_Tips.rst 485-507）は同インタフェースの兄弟メソッドgetListMapをSystemRepository経由で直接呼び出す具体的コード例をアプリ開発者向けに既に説明しており、tag=""architect""であることが本解説書でのuser判定を妨げない先例が存在する。SETUP_FIXED/SETUP_VARIABLE・EXPECTED_TABLE/EXPECTED_COMPLETE_TABLEという複数シートがどう1つの結果にまとまるかは「どう書けばどう解釈されるか」という記法の仕様そのもののため、design.md§9ただし書き（利用者向け仕様は解説書へ移す）に従いテストデータの書き方の使用方法へMERGE（input-0171/0172/0176/0179と同じ判断）。"
input-0179,input-0179,input,.rn/20260724-ntf-yaml-support/input/ntf-testdata-loading.md,237,249,NTF テストデータ読み込み機構 > 7. データブロックの選び方（Single / Group）,13,user,第3部 テストの実装方法,テストデータの書き方,テストデータの構造,MERGE,Single方式（データタイプとIDが完全一致する最初の1ブロックのみ取得。LIST_MAP・MESSAGE等）とGroup方式（データタイプ+groupId+'='の前方一致で複数ブロックを収集。テーブル・ファイル等）の対応表、および「複数のデータタイプを使用する場合は種類ごとにまとめて記述する」という規約はこの選び方に由来し、混在して書くと読み込みが途中で打ち切られるデータタイプがあるという注意書き。グループIDの書き方と読み込み結果の対応、および誤った書き方をした場合の実害を説明する利用者向け仕様のためaudience=user。テストデータの書き方の使用方法へMERGE。
input-0180,input-0180,input,.rn/20260724-ntf-yaml-support/input/ntf-testdata-loading.md,251,256,NTF テストデータ読み込み機構 > 8. 再解析を避けるキャッシュ,6,developer,,,,DROP,design.md§8が名指しで対象外とする「キャッシュ」そのもの。①〜③（読む・掃除・変換）の結果がファイル名/シート名をキーにキャッシュされ、同じシートから複数のデータブロックを取得する場合でもExcelの読み込みと特殊記法変換は1回で済む、という性能最適化の内部実装説明。DROP。
input-0181,input-0181,input,.rn/20260724-ntf-yaml-support/input/ntf-testdata-loading.md,258,263,NTF テストデータ読み込み機構 > さいごに,6,developer,,,,DROP,「①〜③は全データタイプ共通で分岐するのは④だけ」「組み立て方は状態機械（ファイル・メッセージ）とヘッダ行＋データ行（テーブル・LIST_MAP）の実質2系統」「③（特殊記法変換）は不可逆、④（個別整形）は非破壊」という本書内部処理説明のまとめと、変換ツール設計（testdata-converter-design.md）への参照、本書の対象範囲がNTF本体のExcel読み込み経路のみでありテストデータの記法そのもの（ntf-testdata-doc.md）は対象外という限界の明示。内部処理説明のまとめでありDROP。
current-0051,current-0051,current,ja/development_tools/testing_framework/guide/development_guide/05_UnitTestGuide/02_RequestUnitTest/delayed_send.rst,8,12,リクエスト単体テストの実施方法（応答不要メッセージ送信処理） > 概要 > (L2直下),5,user,第3部 テストの実装方法,リクエスト単体テスト（Nablarchバッチアプリケーション）,機能概要,MERGE,「応答不要メッセージ送信処理用のアクションクラスはNablarchの一部として提供される」「リクエスト単体テストではこのアクションクラスを使用して以下のテスト対象の成果物の確認を行う」「他の処理のようなアクションクラスに対する条件網羅や、限界値テストなどは実施不要である」という導入文（L2直下）。判断ルール2により後続のテスト対象の成果物（current-0052）と同じdest_sectionへMERGE。
current-0052,current-0052,current,ja/development_tools/testing_framework/guide/development_guide/05_UnitTestGuide/02_RequestUnitTest/delayed_send.rst,15,22,リクエスト単体テストの実施方法（応答不要メッセージ送信処理） > 概要 > テスト対象の成果物,8,user,第3部 テストの実装方法,リクエスト単体テスト（Nablarchバッチアプリケーション）,機能概要,MOVE,応答不要メッセージ送信処理のリクエスト単体テストで確認すべき成果物として、電文のレイアウトを定義したフォーマット定義ファイルと、電文送信テーブルからステータス未送信データを取得するSELECT文・送信後にステータスを処理済みへ更新するUPDATE文・送信失敗時にステータスをエラーへ更新するUPDATE文という3種のSQL文を列挙。「このページで何ができるようになるか」に該当する内容のため機能概要へMOVE。
current-0053,current-0053,current,ja/development_tools/testing_framework/guide/development_guide/05_UnitTestGuide/02_RequestUnitTest/delayed_send.rst,26,43,リクエスト単体テストの実施方法（応答不要メッセージ送信処理） > テストクラスの書き方,18,user,第3部 テストの実装方法,リクエスト単体テスト（Nablarchバッチアプリケーション）,使用方法,MOVE,テストクラスのパッケージはテスト対象機能のパッケージとする、クラス名は<電文のリクエストID>RequestTestとする、nablarch.test.core.batch.BatchRequestTestSupportを継承する、という3条件と、パッケージ例nablarch.sample.ss21AA・リクエストID例RM11AC0301によるテストクラス宣言のコード例。「テストクラスを作成する」手順そのものであり使用方法へMOVE。
current-0054,current-0054,current,ja/development_tools/testing_framework/guide/development_guide/05_UnitTestGuide/02_RequestUnitTest/delayed_send.rst,47,51,リクエスト単体テストの実施方法（応答不要メッセージ送信処理） > テストデータの書き方 > (L2直下),5,user,第3部 テストの実装方法,リクエスト単体テスト（Nablarchバッチアプリケーション）,使用方法,MERGE,テスト対象の成果物のテストに必要なテストデータの記述方法を説明する旨の導入文（L2直下）。テストデータの記述方法自体は:ref:`message_sendSyncMessage_test`（送受信同期メッセージ処理のテストデータ記述方法）を参照するよう案内し、本項ではそれと異なる箇所のみを解説すると明記。判断ルール2により後続の「要求電文の期待値および、返却する応答電文の準備」（current-0055）と同じdest_sectionへMERGE。
current-0055,current-0055,current,ja/development_tools/testing_framework/guide/development_guide/05_UnitTestGuide/02_RequestUnitTest/delayed_send.rst,54,118,リクエスト単体テストの実施方法（応答不要メッセージ送信処理） > テストデータの書き方 > 要求電文の期待値および、返却する応答電文（レスポンスメッセージ）の準備,65,user,第3部 テストの実装方法,リクエスト単体テスト（Nablarchバッチアプリケーション）,使用方法,MERGE,応答不要メッセージ送信処理では応答電文が存在しないため、testShotsのresponseMessage定義、および期待値・準備データのRESPONSE_HEADER_MESSAGES/RESPONSE_BODY_MESSAGES定義が不要となる旨。正常系テストでは起動パラメータとしてtestShotsに「KEY=messageRequestId」「VALUE=メッセージのリクエストID」を追加する必要がある旨（画像参照）。異常系テストではtestShotsに「KEY=errorCase」「VALUE=true」を設定すれば電文が送信されないケースを再現でき送信電文の期待値設定は不要な旨（画像参照）、および異常系テスト実施時は応答不要メッセージ送信処理用共通アクション（nablarch.fw.messaging.action.AsyncMessageSendAction）をテスト用アクション（nablarch.test.core.messaging.AsyncMessageSendActionForUt）へコンポーネント設定ファイルで差し替える必要があるというtipとXML設定例（本番用・テスト用）2件。テストデータ作成・実行時の具体的な手順のため使用方法へMERGE（65行のため100行未満、split-plan.md確認は対象外）。
current-0279,current-0279,current,ja/development_tools/testing_framework/guide/development_guide/06_TestFWGuide/RequestUnitTest_batch.rst,1,2,(冒頭),2,user,,,,DROP,本文は「.. _request-util-test-batch:」というRST内部参照ラベルのみで、直後の空行以外に実体的な記述がない。判断ルール1によりDROP。新規ページ作成時に:refラベルを付与し直せば足りる。
current-0280,current-0280,current,ja/development_tools/testing_framework/guide/development_guide/06_TestFWGuide/RequestUnitTest_batch.rst,10,15,リクエスト単体テスト（バッチ処理） > 概要 > (L2直下),6,user,第3部 テストの実装方法,リクエスト単体テスト（Nablarchバッチアプリケーション）,機能概要,MOVE,「リクエスト単体テスト（バッチ処理)では、実際にバッチをコマンドラインから起動したときの動作を擬似的に再現し、テストを行う。」という導入文（L2直下）。判断ルール2により後続の全体像・主なクラスリソース（current-0281/0282）と同じdest_sectionへMOVE。design.mdのリクエスト単体テストの処理方式名は「Nablarchバッチアプリケーション」（原文の「バッチ処理」は旧表記）。
current-0281,current-0281,current,ja/development_tools/testing_framework/guide/development_guide/06_TestFWGuide/RequestUnitTest_batch.rst,18,23,リクエスト単体テスト（バッチ処理） > 概要 > 全体像,6,user,第3部 テストの実装方法,リクエスト単体テスト（Nablarchバッチアプリケーション）,機能概要,MOVE,batch_request_test_class.pngの構成図のみ。design.md第3部の機能概要「全体像（図）」に直接該当するためMOVE。
current-0282,current-0282,current,ja/development_tools/testing_framework/guide/development_guide/06_TestFWGuide/RequestUnitTest_batch.rst,26,54,"リクエスト単体テスト（バッチ処理） > 主なクラス, リソース",29,user,第3部 テストの実装方法,リクエスト単体テスト（Nablarchバッチアプリケーション）,機能概要,MOVE,リクエスト単体テストクラス／Excelファイル（テストデータ）／StandaloneTestSupportTemplate／BatchRequestTestSupport／TestShot／MainForRequestTesting／DbAccessTestSupport／FileSupportの8行の役割・作成単位表。design.md第3部の機能概要「主なクラスとリソース」に該当しMOVE。
current-0283,current-0283,current,ja/development_tools/testing_framework/guide/development_guide/06_TestFWGuide/RequestUnitTest_batch.rst,61,63,リクエスト単体テスト（バッチ処理） > 構造 > StandaloneTestSupportTemplate,3,user,第3部 テストの実装方法,リクエスト単体テスト（Nablarchバッチアプリケーション）,使用方法,MOVE,「バッチやメッセージング処理などコンテナ外で動作する処理のテスト実行環境を提供する。テストデータを読み取り、全テストショット(TestShot)を実行する。」というテスト実行エンジンの内部挙動の説明。主なクラス表（current-0282）の同名行の役割説明を補足する内容。batch-13のcurrent-0207（構造＞実行、execute()の内部挙動説明）と同型の「テストを実行する」際の背景説明であり、拡張ポイントとしての言及（「〇〇を継承する」等）はないため使用方法へMOVE。
current-0284,current-0284,current,ja/development_tools/testing_framework/guide/development_guide/06_TestFWGuide/RequestUnitTest_batch.rst,66,90,リクエスト単体テスト（バッチ処理） > 構造 > TestShot,25,user,第3部 テストの実装方法,リクエスト単体テスト（Nablarchバッチアプリケーション）,使用方法,MOVE,1テストショットの情報保持とテストショットの実行を担うクラスで、テストショットは「入力データの準備」「メインクラス起動」「出力結果の確認」の3要素で構成される旨、コンテナ外動作処理（バッチ・メッセージング）に共通の準備処理（データベースのセットアップ）・結果確認（データベース更新内容確認／ログ出力結果確認／ステータスコード確認）の対応表、入力データ準備・結果確認ロジックは処理方式ごとにカスタマイズ可能である旨。テスト実行の内部挙動説明のため使用方法へMOVE。
current-0285,current-0285,current,ja/development_tools/testing_framework/guide/development_guide/06_TestFWGuide/RequestUnitTest_batch.rst,93,110,リクエスト単体テスト（バッチ処理） > 構造 > BatchRequestTestSupport,18,user,第3部 テストの実装方法,リクエスト単体テスト（Nablarchバッチアプリケーション）,使用方法,MOVE,バッチ処理テスト用のスーパクラスであり、アプリケーションプログラマが本クラスを継承してテストクラスを作成する旨、TestShotが提供する準備処理・結果確認に「入力ファイルの作成」「出力ファイルの内容確認」を追加する旨の対応表、本クラス使用によりテストソース・テストデータを定型化でき記述量を大きく削減できる旨、具体的な使用方法は05_UnitTestGuide/02_RequestUnitTest/batch（batch-16でリクエスト単体テスト（Nablarchバッチアプリケーション）へMOVE済み）を参照という導線。「テストクラスを作成する」手順としてMOVE。
current-0286,current-0286,current,ja/development_tools/testing_framework/guide/development_guide/06_TestFWGuide/RequestUnitTest_batch.rst,113,120,リクエスト単体テスト（バッチ処理） > 構造 > MainForRequestTesting,8,user,第3部 テストの実装方法,リクエスト単体テスト（Nablarchバッチアプリケーション）,使用方法,MOVE,リクエスト単体テスト用のメインクラスであり、本番用メインクラスとの主な差異が「テスト用のコンポーネント設定ファイルからシステムリポジトリを初期化する」「常駐化機能を無効化する」の2点である旨。テスト実行時の内部挙動説明のため使用方法へMOVE。
current-0287,current-0287,current,ja/development_tools/testing_framework/guide/development_guide/06_TestFWGuide/RequestUnitTest_batch.rst,123,133,リクエスト単体テスト（バッチ処理） > 構造 > FileSupport,11,user,第3部 テストの実装方法,リクエスト単体テスト（Nablarchバッチアプリケーション）,使用方法,MOVE,ファイルに関する操作を提供するクラスであり、「テストデータから入力ファイルを作成する」「テストデータの期待値と実際に出力されたファイルの内容を比較する」の2機能を提供する旨、ファイル操作はバッチ処理以外（例：ファイルダウンロード）でも必要なため独立したクラスとして提供している旨。テスト実行時に使用されるクラスの説明のため使用方法へMOVE。
current-0288,current-0288,current,ja/development_tools/testing_framework/guide/development_guide/06_TestFWGuide/RequestUnitTest_batch.rst,136,141,リクエスト単体テスト（バッチ処理） > テストデータ > (L2直下),6,user,第3部 テストの実装方法,テストデータの書き方,使用方法,MOVE,「バッチ処理固有のテストデータについて説明する。」という導入文（L2直下）と固定長ファイル節への内部参照ラベル。判断ルール2・3により後続の固定長ファイル・可変長ファイル（current-0289/0290、いずれもテストデータの記法説明）と同じテストデータの書き方ページへMOVE。
current-0289,current-0289,current,ja/development_tools/testing_framework/guide/development_guide/06_TestFWGuide/RequestUnitTest_batch.rst,144,172,リクエスト単体テスト（バッチ処理） > テストデータ > 固定長ファイル,29,user,第3部 テストの実装方法,テストデータの書き方,使用方法,MOVE,基本的な記述方法は:ref:`batch_request_test`（＝旧02_RequestUnitTest/batch.rst、batch-16でテストデータの書き方へMOVE済み）を参照という導線、パディング（指定フィールド長に対しデータのバイト長が短い場合、データ型に応じたパディングが行われ、アルゴリズムはNablarch Application Framework本体と同様である旨）、バイナリデータの記述方法（16進数形式で記述する旨、``0x4AD``→2バイト配列の解釈例、tip:プレフィックス0xが無い場合は文字列とみなしディレクティブの文字コードでエンコードしてバイト配列に変換する旨、Windows-31Jで``4AD``と記載した場合の3バイト変換例）。テストデータの記法説明のため判断ルール3によりテストデータの書き方へMOVE。
current-0290,current-0290,current,ja/development_tools/testing_framework/guide/development_guide/06_TestFWGuide/RequestUnitTest_batch.rst,175,180,リクエスト単体テスト（バッチ処理） > テストデータ > 可変長ファイル,6,user,第3部 テストの実装方法,テストデータの書き方,使用方法,REFERENCE,本文は「基本的な記述方法は、:ref:`batch_request_test`を参照。」の1文のみで、新規の記法説明を持たない。参照先の:ref:`batch_request_test`は05_UnitTestGuide/02_RequestUnitTest/batch.rstのアンカーで、batch-16でテストデータの書き方（使用方法）へMOVE済みの内容が実質的に存在する。batch-16のcurrent-0035（REFERENCE、同種の1文参照）に倣い、参照文が置かれている文脈と同じテストデータの書き方ページへREFERENCEとして割り当てる。
current-0291,current-0291,current,ja/development_tools/testing_framework/guide/development_guide/06_TestFWGuide/RequestUnitTest_batch.rst,186,222,リクエスト単体テスト（バッチ処理） > 各種設定値 > 常駐バッチのテスト用ハンドラ構成,37,user,第2部 導入と設定,リクエスト単体テストの設定（Nablarchバッチアプリケーション）,使用方法,MOVE,常駐バッチのテストを実施する際にはプロダクション用ハンドラ構成をテスト用に変更する必要があり、変更しない場合はテスト対象の常駐バッチアプリケーションの処理が終わらずテストが正常に実施できなくなる旨、変更が必要なハンドラの対応表（RequestThreadLoopHandler→OneShotLoopHandler、変更理由）、プロダクション用設定・テスト用設定それぞれのコンポーネント設定ファイルのXMLコード例2件（同名コンポーネントをテスト用ハンドラで上書きする方式）。コンポーネント設定ファイルの記述例のためPart2の使用方法（コンポーネントを設定する）へMOVE。
current-0292,current-0292,current,ja/development_tools/testing_framework/guide/development_guide/06_TestFWGuide/RequestUnitTest_batch.rst,225,262,リクエスト単体テスト（バッチ処理） > 各種設定値 > ディレクティブのデフォルト値,38,user,第2部 導入と設定,リクエスト単体テストの設定（Nablarchバッチアプリケーション）,使用方法,MOVE,ファイルのディレクティブがシステム内である程度統一されている場合、個々のテストデータに同じディレクティブを記載するのは冗長であるため、デフォルトのディレクティブをコンポーネント設定ファイルにmap形式で記載することで省略できる旨、対象ファイル種別とname属性の対応表（共通=defaultDirectives、固定長ファイル=fixedLengthDirectives、可変長ファイル=variableLengthDirectives）、設定例のXMLコードブロック。コンポーネント設定ファイルの記述例のためPart2の使用方法へMOVE。
current-0141,current-0141,current,ja/development_tools/testing_framework/guide/development_guide/05_UnitTestGuide/03_DealUnitTest/index.rst,1,2,(冒頭),2,user,,,,DROP,本文は「.. _dealUnitTest:」というRST内部参照ラベルのみで、直後の空行以外に実体的な記述がない。判断ルール1によりDROP。
current-0142,current-0142,current,ja/development_tools/testing_framework/guide/development_guide/05_UnitTestGuide/03_DealUnitTest/index.rst,6,13,取引単体テストの実施方法 > (L1直下),8,user,第3部 テストの実装方法,取引単体テスト（ウェブアプリケーション）,機能概要,MOVE,"#6でdesign.md §4「4. 第3部 テストの実装方法」が確定し、取引単体テスト（ウェブアプリケーション）は独立ページとして維持されることが確定した（checks/task-06.md③未処理2参照）。dest_page/dest_sectionは変更せず、以下は確定した割当理由として残す。design.mdは取引単体テストのページ構成を処理方式ごととし、マッピング作成後の文量集計で確定するとしており（design.md §4・§10未確定事項#2）、本セクション（03_DealUnitTest/index.rst）を処理方式非依存の共通総論として扱うか、いずれかの処理方式ページに割り当てるかは未確定のため要確認。実測: 基準コミットの05_UnitTestGuide/index.rstのtoctreeでは、本ファイル（03_DealUnitTest/index）は「*ウェブアプリケーション*」見出し配下（02_RequestUnitTest/index、02_RequestUnitTest/fileupload等と同じグループ）に置かれている。一方、同ディレクトリの03_DealUnitTest/batch.rst（バッチの取引単体テスト、本バッチの対象外）は冒頭で「バッチ処理の取引単体テストは、自動テストフレームワークを使用してテストを行う。」と明記しており、本セクションが説明する手動操作（APサーバへのデプロイ、画面操作、DBダンプ取得）とは方式が異なる。したがって本セクションの内容は少なくともバッチには適用されず、全処理方式共通の総論とは言えない。旧文書構造どおりウェブアプリケーション寄りの内容と判断し、暫定的に取引単体テスト（ウェブアプリケーション）へ割り当てる。REST／HTTPメッセージング／MOM／テーブルキューの各取引単体テストページにも適用できるかは#6のページ構成確定時に要確認。 本セクションの本文: 「取引単体テストでは、テスト対象のアプリケーションをアプリケーションサーバにデプロイし、手動でアプリケーションを操作しテストを行う。」という取引単体テストの定義、「同期応答メッセージ送信処理を伴う場合は、モックアップクラスを使用して行う。詳細は:ref:`dealUnitTest_send_sync`を参照。」という導線（参照先は本バッチの対象外）、「テストケース毎に以下の手順でテストを実施する。」という後続手順への橋渡し文。判断ルール2により後続のテスト準備・テスト実施・テスト結果エビデンスの収集（current-0143〜0145）と同じdest_sectionへMOVE。（#5b STEP2再判定: 使用方法→機能概要に修正。本文「取引単体テストでは、テスト対象のアプリケーションをアプリケーションサーバにデプロイし、手動でアプリケーションを操作しテストを行う」「同期応答メッセージ送信処理を伴う場合は...」「テストケース毎に以下の手順でテストを実施する」は、後続のテスト準備/テスト実施等の具体的手順ではなく、design.md §4の機能概要定義「このページで何ができるようになるか」に該当するページ冒頭の趣旨説明。判断ルール2は「後続の子セクションと同じdest_sectionへ」だが、本行はその子セクション自身の内容ではなく子セクション群を導入する冒頭文であるため、機能概要へ変更する。） [セクション境界] 本行は導入文であり、後続の本体行（current-0143, current-0144, current-0145）はdest_section=使用方法に置かれている。ページ作成時、導入文と本体の接続をページ内で再構成すること（design.md §8「出典の文面をそのまま流用しない」の範囲で対応可能）。"
current-0143,current-0143,current,ja/development_tools/testing_framework/guide/development_guide/05_UnitTestGuide/03_DealUnitTest/index.rst,16,23,取引単体テストの実施方法 > テスト準備,8,user,第3部 テストの実装方法,取引単体テスト（ウェブアプリケーション）,使用方法,MOVE,dest_pageの判断根拠はcurrent-0142のnoteを参照（#6で確定）。テスト準備として行う3項目の箇条書き：「データベース準備（データ投入）」「アプリケーションのデプロイ」「アプリケーションサーバ起動」。
current-0144,current-0144,current,ja/development_tools/testing_framework/guide/development_guide/05_UnitTestGuide/03_DealUnitTest/index.rst,26,33,取引単体テストの実施方法 > テスト実施,8,user,第3部 テストの実装方法,取引単体テスト（ウェブアプリケーション）,使用方法,MOVE,dest_pageの判断根拠はcurrent-0142のnoteを参照（#6で確定）。「テストケースに従ってテストを実施する。」という手順文と、tip「エビデンスのうちDBダンプはテスト実行前のものが必要であるため、テスト実施前に取得しておくこと。」という注意点。
current-0145,current-0145,current,ja/development_tools/testing_framework/guide/development_guide/05_UnitTestGuide/03_DealUnitTest/index.rst,36,46,取引単体テストの実施方法 > テスト結果エビデンスの収集,11,user,第3部 テストの実装方法,取引単体テスト（ウェブアプリケーション）,使用方法,MOVE,dest_pageの判断根拠はcurrent-0142のnoteを参照（#6で確定）。取得するエビデンスの箇条書き（「画面ハードコピー」「DBダンプ(テスト実行前および実行後)」）と、tip「画面ハードコピー取得ツール、DBダンプ取得ツール等のテスト補助ツールについては現在検討中。」。
current-0146,current-0146,current,ja/development_tools/testing_framework/guide/development_guide/05_UnitTestGuide/03_DealUnitTest/index.rst,49,58,取引単体テストの実施方法 > テスト結果エビデンスの収集,10,user,,,,DROP,current-0145（36〜46行）と全く同一の見出し「テスト結果エビデンスの収集」および同一本文（画面ハードコピー／DBダンプの箇条書き、テスト補助ツール検討中というtip）が49〜58行に再度出現する。基準コミットの原文を実測して確認済みで、2箇所目に新規情報は一切含まれない。旧解説書側のコピー＆ペースト重複と判断し、内容はcurrent-0145に含まれるためDROP（空/TOC/アンカーのみではないが、同一セクションの完全重複のためcurrent-0145側のみ採用）。
current-0100,current-0100,current,ja/development_tools/testing_framework/guide/development_guide/05_UnitTestGuide/02_RequestUnitTest/real.rst,1,2,(冒頭),2,user,,,,DROP,`.. _`real_request_test`:`という内部参照ラベルのみで地の文を持たない。判断ルール1によりDROP。
current-0101,current-0101,current,ja/development_tools/testing_framework/guide/development_guide/05_UnitTestGuide/02_RequestUnitTest/real.rst,10,29,リクエスト単体テストの実施方法(同期応答メッセージ受信処理) > テストクラスの書き方,20,user,第3部 テストの実装方法,リクエスト単体テスト（MOMによるメッセージング）,使用方法,MOVE,テストクラスの命名規則（<Actionクラス名>RequestTest）、パッケージ規則（テスト対象Actionクラスと同じ）、nablarch.test.core.http.MessagingRequestTestSupportを継承する旨とコード例（RM21AA001ActionRequestTest extends MessagingRequestTestSupport）。batch-16のcurrent-0032（Nablarchバッチアプリケーション版、BatchRequestTestSupport継承）と同型だが継承クラス・命名規則が処理方式固有のため重複しない。「テストクラスを作成する」手順としてリクエスト単体テスト（MOMによるメッセージング）の使用方法へMOVE。
current-0102,current-0102,current,ja/development_tools/testing_framework/guide/development_guide/05_UnitTestGuide/02_RequestUnitTest/real.rst,33,37,リクエスト単体テストの実施方法(同期応答メッセージ受信処理) > テストメソッド分割,5,user,第3部 テストの実装方法,リクエスト単体テスト（MOMによるメッセージング）,使用方法,MOVE,1テストクラスにつき1テストメソッド・1テストシートを原則とし、ケースが複雑であったりデータ量が多い場合はメソッドやシートを分割してもよいという方針。batch-16のcurrent-0033（バッチ版、同種の分割方針だが背景説明はバッチ固有）と同型の構成だが、本セクションは背景説明を伴わない短い方針文のみでMOM処理方式のページに固有の記述のため重複しない。「テストメソッドを作成する」手順としてMOVE。
current-0103,current-0103,current,ja/development_tools/testing_framework/guide/development_guide/05_UnitTestGuide/02_RequestUnitTest/real.rst,41,47,リクエスト単体テストの実施方法(同期応答メッセージ受信処理) > テストデータの書き方 > (L2直下),7,user,第3部 テストの実装方法,リクエスト単体テスト（MOMによるメッセージング）,使用方法,MOVE,テストデータを記載したExcelファイルはクラス単体テストと同様にテストソースコードと同じディレクトリに同じ名前で格納する（拡張子のみ異なる）という格納規則と、詳細記法は「:ref:`how_to_write_excel`」（テストデータの書き方ページ）を参照させる導線。batch-16のcurrent-0034（バッチ版の同型L2直下、格納規則＋参照導線）と全く同じ構造のため、同じ判断基準でリクエスト単体テスト（MOMによるメッセージング）の使用方法（テストデータを作成する）へMOVEし、テストデータの書き方ページへの参照は維持する。
current-0104,current-0104,current,ja/development_tools/testing_framework/guide/development_guide/05_UnitTestGuide/02_RequestUnitTest/real.rst,50,53,リクエスト単体テストの実施方法(同期応答メッセージ受信処理) > テストデータの書き方 > テストクラスで共通のデータベース初期値,4,user,第3部 テストの実装方法,リクエスト単体テスト（MOMによるメッセージング）,使用方法,REFERENCE,本文は「ウェブアプリケーションの場合と同様である。「:ref:`request_test_setup_db`」を参照。」の1文のみで、参照先はbatch-01のcurrent-0080（setUpDbシートによるDB初期値投入の記法、テストデータの書き方ページへMOVE済み）であり内容が実質的に存在する。batch-16のcurrent-0035（バッチ版、同一の参照文パターン）に倣いREFERENCEとし、参照文が置かれている文脈のページ（リクエスト単体テスト（MOMによるメッセージング）の使用方法）に割り当て、テストデータの書き方ページへの導線として残す。
current-0105,current-0105,current,ja/development_tools/testing_framework/guide/development_guide/05_UnitTestGuide/02_RequestUnitTest/real.rst,56,96,リクエスト単体テストの実施方法(同期応答メッセージ受信処理) > テストデータの書き方 > テストショット一覧,41,user,第3部 テストの実装方法,テストデータの書き方,使用方法,MOVE,LIST_MAPのデータタイプで1テストメソッド分のテストショット表を記載する（IDは`testShots`固定）という導入文と、no／description／expectedStatusCode／setUpTable／expectedTable／expectedLog／diConfig／requestPath／userIdの9カラムの役割・必須区分を示す表、デフォルトグループID（`default`）の使い方と併用可能である旨、「常駐プロセス」の用語を説明する脚注[1][2]。batch-16のcurrent-0036（バッチ版testShots、setUpFile／expectedFile／コマンドライン引数節等バッチ固有カラムを含む点で列構成が異なる）と同種のtestShots記法定義のため、判断ルール3によりテストデータの書き方の使用方法へMOVE。
current-0106-a,current-0106,current,ja/development_tools/testing_framework/guide/development_guide/05_UnitTestGuide/02_RequestUnitTest/real.rst,99,166,リクエスト単体テストの実施方法(同期応答メッセージ受信処理) > テストデータの書き方 > 各種準備データ,68,user,第3部 テストの実装方法,テストデータの書き方,使用方法,SPLIT,split-plan.md（current-0106検索）で承認済みの分割の1つ目。「各種準備データ」の導入文（テスト実施に際して必要となる各種準備データの記述方法を説明する旨、バッチではデータベース・リクエストメッセージを準備する旨）、データベースの準備（オンラインと同様にグループIDで対応付ける旨、テストショット一覧のsetUpTable欄が空欄の場合はDB準備を行わない旨）、リクエストメッセージの準備（要求電文の記述例：`MESSAGE=setUpMessages`固定の先頭行、ディレクティブ・フレームワーク制御ヘッダのkey-value形式の共通情報表）までを含む。batch-15のcurrent-0066-a（HTTPメッセージング版、同一パターンの要求電文の記法）と同型。テストデータの記法説明のためテストデータの書き方の使用方法（要求電文の記法）へSPLIT。split-plan.mdの指示通り99-166行を採用。167-177行のフレームワーク制御ヘッダ設定は別行(current-0106-b)、178-208行のメッセージボディの記法は別行(current-0106-c)。
current-0106-b,current-0106,current,ja/development_tools/testing_framework/guide/development_guide/05_UnitTestGuide/02_RequestUnitTest/real.rst,167,177,リクエスト単体テストの実施方法(同期応答メッセージ受信処理) > テストデータの書き方 > 各種準備データ,11,user,第2部 導入と設定,リクエスト単体テストの設定（MOMによるメッセージング）,使用方法,SPLIT,"split-plan.md（current-0106検索）で承認済みの分割の2つ目。「フレームワーク制御ヘッダの項目をPJで変更している場合、propertiesファイルに`reader.fwHeaderfields`というキーでフレームワーク制御ヘッダ名をカンマ区切りで指定する必要がある」という`.. important::`の設定手順（コード例`reader.fwHeaderfields=requestId,addHeader`を含む）。プロジェクト共通のコンポーネント設定変更でありアプリ開発者ではなくアーキテクトの作業のため、batch-15のcurrent-0066-b（HTTPメッセージング版、同一のfwHeaderfields設定）に倣いaudience=developerとし、split-plan.mdの指示通り167-177行をリクエスト単体テストの設定（MOMによるメッセージング）ページへSPLIT。暫定。dest_pageは design.md §3 が暫定構成と明記する第2部のページ分割（未確定事項#1）に属するため vocabulary.md の暫定語彙を使用した。 [3観点レビュー対応] audienceをdeveloperからuserへ修正（同上、current-0066-bと同型の誤り）。"
current-0106-c,current-0106,current,ja/development_tools/testing_framework/guide/development_guide/05_UnitTestGuide/02_RequestUnitTest/real.rst,178,208,リクエスト単体テストの実施方法(同期応答メッセージ受信処理) > テストデータの書き方 > 各種準備データ,31,user,第3部 テストの実装方法,テストデータの書き方,使用方法,SPLIT,split-plan.md（current-0106検索）で承認済みの分割の3つ目。「3. メッセージボディ」の記法（フレームワーク制御ヘッダ以降のメッセージを記載する旨、外部インタフェース設計書から行列を入れ替えてコピーすると効率よく作成できる旨、1行目=フィールド名称・2行目=データタイプ・3行目=フィールド長・4行目以降=データという行構成の対応表）、フィールド名称に重複した名称は許容されないという`.. important::`、本表がテストショット一覧のnoと対応関係にある旨。batch-15のcurrent-0066-c（HTTPメッセージング版、同一パターンのメッセージボディの記法）と同型。テストデータの記法説明のためテストデータの書き方の使用方法（メッセージボディの記法）へSPLIT。split-plan.mdの指示通り178-208行を採用。
current-0107,current-0107,current,ja/development_tools/testing_framework/guide/development_guide/05_UnitTestGuide/02_RequestUnitTest/real.rst,211,253,リクエスト単体テストの実施方法(同期応答メッセージ受信処理) > テストデータの書き方 > 各種期待値,43,user,第3部 テストの実装方法,テストデータの書き方,使用方法,MOVE,検索結果・データベースを期待値と比較する場合はグループIDでテストケース一覧と紐付けるという導入文、レスポンスメッセージ（`リクエストメッセージ`と同じ書式だが名前が`MESSAGE=expectedMessages`となる旨、テストデータのディレクティブのfile-typeの値によりFixed/指定なしは項目単位アサート・その他は電文全体を文字列としてアサートする旨の対応表、`messaging.assertAsMapFileType`設定によるfile-type値の変更方法、XML/JSONでは電文長が自動計算されるため必ずfile-typeを設定すべきというtip）、期待するデータベースの状態（`データベースの準備`と同様にグループIDでリンクさせる旨）。current-0106-a/cで移した要求電文・メッセージボディの記法と対になる期待値側の記法のため、テストデータの書き方の使用方法へMOVE。
current-0108,current-0108,current,ja/development_tools/testing_framework/guide/development_guide/05_UnitTestGuide/02_RequestUnitTest/real.rst,260,264,リクエスト単体テストの実施方法(同期応答メッセージ受信処理) > テストメソッドの書き方 > スーパクラスについて,5,user,第3部 テストの実装方法,リクエスト単体テスト（MOMによるメッセージング）,使用方法,MOVE,「`MessagingRequestTestSupport`クラスを継承する。このクラスでは、準備したテストデータを元に以下の手順でリクエスト単体テストを実行する。」という導入文。batch-16のcurrent-0039（バッチ版、`BatchRequestTestSupport`クラスを継承する旨の同型の導入文）と同じパターン。判断ルール1により後続のテストメソッド作成（current-0109）・スーパクラスのメソッド呼び出し（current-0110）と同じdest_sectionへ。「テストメソッドを作成する」手順としてリクエスト単体テスト（MOMによるメッセージング）の使用方法へMOVE。
current-0109,current-0109,current,ja/development_tools/testing_framework/guide/development_guide/05_UnitTestGuide/02_RequestUnitTest/real.rst,267,277,リクエスト単体テストの実施方法(同期応答メッセージ受信処理) > テストメソッドの書き方 > テストメソッド作成,11,user,第3部 テストの実装方法,リクエスト単体テスト（MOMによるメッセージング）,使用方法,MOVE,「準備したテストシートに対応するメソッドを作成する。」という説明と、`@Test public void testRegisterUser() {}` という最小限のテストメソッドのコード例。batch-16のcurrent-0040（バッチ版、全く同一の説明文・コード例）と同型。「テストメソッドを作成する」手順としてMOVE。
current-0110,current-0110,current,ja/development_tools/testing_framework/guide/development_guide/05_UnitTestGuide/02_RequestUnitTest/real.rst,280,300,リクエスト単体テストの実施方法(同期応答メッセージ受信処理) > テストメソッドの書き方 > スーパクラスのメソッド呼び出し,21,user,第3部 テストの実装方法,リクエスト単体テスト（MOMによるメッセージング）,使用方法,MOVE,"テストメソッド内でスーパクラスの`void execute()`／`void execute(String sheetName)`いずれかを呼び出す旨、引数ありのexecuteメソッドではテストデータのシート名を指定できる旨、引数なしのexecuteメソッドは引数ありのexecuteメソッドにテストメソッド名をシート名として指定した場合と同じ動作になる旨の説明と、`execute()`が`execute(""testRegisterUser"")`と等価であることを示すコード例。batch-16のcurrent-0041（バッチ版、ほぼ同一の説明文・コード例）と同型。「テストメソッドを作成する」手順としてMOVE。"
current-0111,current-0111,current,ja/development_tools/testing_framework/guide/development_guide/05_UnitTestGuide/02_RequestUnitTest/real.rst,304,307,リクエスト単体テストの実施方法(同期応答メッセージ受信処理) > テスト起動方法,4,user,第3部 テストの実装方法,リクエスト単体テスト（MOMによるメッセージング）,使用方法,MOVE,「クラス単体テストと同様。通常のJUnitテストと同じように実行する。」という一文。:ref:等の明示的な参照リンクを伴わない地の文の説明であり、batch-16のcurrent-0042（バッチ版、全く同一の文）が「REFERENCEではなくMOVEとして『テストを実行する』手順へ割り当てる」と判断した前例に倣い、本セクションも同様にMOVEとする。
current-0112,current-0112,current,ja/development_tools/testing_framework/guide/development_guide/05_UnitTestGuide/02_RequestUnitTest/real.rst,311,320,リクエスト単体テストの実施方法(同期応答メッセージ受信処理) > テスト結果検証,10,user,第3部 テストの実装方法,リクエスト単体テスト（MOMによるメッセージング）,使用方法,MOVE,自動テストフレームワーク側でレスポンスメッセージの結果検証（必須）・データベースの結果検証・ログの結果検証が行われる旨の箇条書きと、データベースとログの結果検証はテストショット一覧に期待値の記載が無い場合（空欄であれば）スキップされる旨。「テスト結果を確認する」手順としてリクエスト単体テスト（MOMによるメッセージング）の使用方法へMOVE。
current-0128-a,current-0128,current,ja/development_tools/testing_framework/guide/development_guide/05_UnitTestGuide/03_DealUnitTest/batch.rst,4,7,取引単体テストの実施方法（バッチ） > (L1直下),4,user,第3部 テストの実装方法,取引単体テスト（Nablarchバッチアプリケーション）,機能概要,SPLIT,バッチ処理の取引単体テストは自動テストフレームワークを使用し、リクエスト単体テストを連続実行することにより取引単位でのテストを行うという導入文（5-6行目、前後の空行4・7行目を含む）。#6でcurrent-0128を新規SPLIT対象とし冒頭の概要的記述を機能概要へ分割（checks/task-06.md分類7、split-plan.md参照）。 [セクション境界] 本行は導入文であり、後続の本体行（current-0128-b）はdest_section=使用方法に置かれている。ページ作成時、導入文と本体の接続をページ内で再構成すること（design.md §8「出典の文面をそのまま流用しない」の範囲で対応可能）。
current-0128-b,current-0128,current,ja/development_tools/testing_framework/guide/development_guide/05_UnitTestGuide/03_DealUnitTest/batch.rst,8,25,取引単体テストの実施方法（バッチ） > (L1直下),18,user,第3部 テストの実装方法,取引単体テスト（Nablarchバッチアプリケーション）,使用方法,SPLIT,テストクラスの命名規則（<取引ID>Testというクラス名）・パッケージ規則（テスト対象取引のパッケージ）・`nablarch.test.core.batch.BatchRequestTestSupport`を継承するというテストクラス作成条件、コード例（`B21AC01Test extends BatchRequestTestSupport`）。batch-10のcurrent-0147（03_DealUnitTest/real.rst、MOM版の同型セクション：`MessagingRequestTestSupport`継承・<取引ID>Test命名）と同じ構造だが処理方式固有の継承クラスが異なり重複しない。「テストクラスを作成する」手順として取引単体テスト（Nablarchバッチアプリケーション）の使用方法へMOVE（#6でSPLITのb区間に変更）。
current-0129,current-0129,current,ja/development_tools/testing_framework/guide/development_guide/05_UnitTestGuide/03_DealUnitTest/batch.rst,28,32,取引単体テストの実施方法（バッチ） > テストケース分割方針 > (L2直下),5,user,第3部 テストの実装方法,取引単体テスト（Nablarchバッチアプリケーション）,使用方法,MOVE,1シートにつき1テストケースを原則とし、以下に例外事項を示すという導入文（テストケース分割方針のL2直下）。判断ルール1により後続の複雑なテストケースの場合（current-0130）・非常に簡単なテストケースの場合（current-0131）と同じdest_sectionへ。取引単体テスト（Nablarchバッチアプリケーション）の使用方法へMOVE。暫定。current-0128と同じ理由により暫定語彙を使用。
current-0130,current-0130,current,ja/development_tools/testing_framework/guide/development_guide/05_UnitTestGuide/03_DealUnitTest/batch.rst,35,41,取引単体テストの実施方法（バッチ） > テストケース分割方針 > 複雑なテストケースの場合,7,user,第3部 テストの実装方法,取引単体テスト（Nablarchバッチアプリケーション）,使用方法,MOVE,テストデータが大量であったり1取引に含まれる処理が多い場合、1つのシートに全てのテストデータを詰め込むとシート内にデータが多くなり過ぎてテストデータの可読性が落ちる場合があるため、1ケースを複数シートに分割して記述してもよいという例外方針。後続の基本的な記述方法（current-0132）・1テストケースを複数シートに分割する場合（current-0133）で示す分割手法の理由づけとなる。取引単体テスト（Nablarchバッチアプリケーション）の使用方法へMOVE。暫定。current-0128と同じ理由により暫定語彙を使用。
current-0131,current-0131,current,ja/development_tools/testing_framework/guide/development_guide/05_UnitTestGuide/03_DealUnitTest/batch.rst,44,48,取引単体テストの実施方法（バッチ） > テストケース分割方針 > 非常に簡単なテストケースの場合,5,user,第3部 テストの実装方法,取引単体テスト（Nablarchバッチアプリケーション）,使用方法,MOVE,非常に簡単なテストケースで、テストデータ量が少ない場合は1シートに全テストケースを含めてもよいという例外方針。後続の1シートに複数ケースを含める場合（current-0134）の理由づけとなる。取引単体テスト（Nablarchバッチアプリケーション）の使用方法へMOVE。暫定。current-0128と同じ理由により暫定語彙を使用。
current-0132,current-0132,current,ja/development_tools/testing_framework/guide/development_guide/05_UnitTestGuide/03_DealUnitTest/batch.rst,51,79,取引単体テストの実施方法（バッチ） > 基本的な記述方法,29,user,第3部 テストの実装方法,取引単体テスト（Nablarchバッチアプリケーション）,使用方法,MOVE,基本的には1テストケースを1シートにまとめて記述し、1シート内に複数のバッチ実行を記述することにより取引単位のテストとなるという説明、ファイル入力バッチ・ユーザ削除バッチ・ファイル出力バッチの3バッチで構成される取引の例（`execute()`を呼ぶだけのテストメソッドのコード例と、【testSuccessシート】のtestShots表：no／description／expectedStatusCode／setUpTable／setUpFile／expectedTable／expectedFile／requestPathの列を持つ具体的な記載例）。testShotsのカラム定義自体は02_RequestUnitTest/batch.rstのcurrent-0036相当（batch-16、テストデータの書き方ページへMOVE済み）で既に説明済みのため新規の記法定義ではなく、複数バッチのexecute呼び出しを1シートにまとめる取引単体テスト固有の記述パターンの実演。取引単体テスト（Nablarchバッチアプリケーション）の使用方法（テストデータを作成する）へMOVE。暫定。current-0128と同じ理由により暫定語彙を使用。
current-0133,current-0133,current,ja/development_tools/testing_framework/guide/development_guide/05_UnitTestGuide/03_DealUnitTest/batch.rst,82,146,取引単体テストの実施方法（バッチ） > 1テストケースを複数シートに分割する場合,65,user,第3部 テストの実装方法,取引単体テスト（Nablarchバッチアプリケーション）,使用方法,MOVE,前項（基本的な記述方法）で例示したテストケースを、testSuccess_fileInput／testSuccess_userDelete／testSuccess_fileOutputの3シートに分割して記述する例。テストメソッド内で3つの`execute(シート名)`を順に呼び出すコード例（B21AA01Test extends BatchRequestTestSupport）と、各シートのtestShots表（列構成はシートごとに異なる：setUpFile+requestPath／setUpTable+expectedTable+requestPath／outFile+requestPath）。1ケースを複数シートに分割する具体的な記述パターンの実演であり、current-0130（複雑なテストケースの場合の例外方針）の具体化。取引単体テスト（Nablarchバッチアプリケーション）の使用方法（テストデータを作成する）へMOVE。暫定。current-0128と同じ理由により暫定語彙を使用。
current-0134,current-0134,current,ja/development_tools/testing_framework/guide/development_guide/05_UnitTestGuide/03_DealUnitTest/batch.rst,149,183,取引単体テストの実施方法（バッチ） > 1シートに複数ケースを含める場合,35,user,第3部 テストの実装方法,取引単体テスト（Nablarchバッチアプリケーション）,使用方法,MOVE,非常に簡単なテストケースの場合は複数ケースを1シートにまとめてもよいという方針（current-0131）の実演。通常のケースと入力データが0件のケースの2テストケースを1つのtestShots表に含める例（no列を1-1／1-2／2-1／2-2のように枝番で表現し、shot1／shot2のグループIDで使い分ける）と、グループIDを使用することで1シートに複数ケースのテストデータを記述できる旨・詳細は`tips_groupId`を参照というtip。取引単体テスト（Nablarchバッチアプリケーション）の使用方法（テストデータを作成する）へMOVE。暫定。current-0128と同じ理由により暫定語彙を使用。
current-0294,current-0294,current,ja/development_tools/testing_framework/guide/development_guide/06_TestFWGuide/RequestUnitTest_real.rst,8,14,リクエスト単体テスト（メッセージ受信処理） > 概要 > (L2直下),7,user,第3部 テストの実装方法,リクエスト単体テスト（MOMによるメッセージング）,機能概要,MOVE,"「リクエスト単体テスト（メッセージ受信処理)では、要求電文1件を受信したときの動作を擬似的に再現し、テストを行う。」という導入文（L2直下）。判断ルール1により後続の全体像（current-0295）・主なクラス,リソース（current-0296）と同じdest_sectionへ。本ファイルはStandaloneTestSupportTemplate/MessagingRequestTestSupport（同期応答メッセージ受信処理用）/MessagingReceiveTestSupport（応答不要メッセージ受信処理用）等MOMメッセージング共通の構造を扱う（batch-17のcurrent-0046注記でMOMによるメッセージングの受信側処理方式と確認済み）ためリクエスト単体テスト（MOMによるメッセージング）ページの機能概要へMOVE。"
current-0295,current-0295,current,ja/development_tools/testing_framework/guide/development_guide/06_TestFWGuide/RequestUnitTest_real.rst,17,22,リクエスト単体テスト（メッセージ受信処理） > 概要 > 全体像,6,user,第3部 テストの実装方法,リクエスト単体テスト（MOMによるメッセージング）,機能概要,MOVE,real_request_test_class.pngの構成図のみ（`.. image::`とscale指定）。design.md第3部の機能概要「全体像（図）」に直接該当するためMOVE。batch-13のcurrent-0200・batch-17のcurrent-0308（他処理方式の同型全体像）と同型の判断。
current-0296,current-0296,current,ja/development_tools/testing_framework/guide/development_guide/06_TestFWGuide/RequestUnitTest_real.rst,25,62,"リクエスト単体テスト（メッセージ受信処理） > 主なクラス, リソース",38,user,第3部 テストの実装方法,リクエスト単体テスト（MOMによるメッセージング）,機能概要,MOVE,リクエスト単体テストクラス／Excelファイル（テストデータ）／StandaloneTestSupportTemplate／MessagingRequestTestSupport／MessagingReceiveTestSupport／TestShot／MainForRequestTesting／DbAccessTestSupport／MQSupport／TestDataConvertorの10行の役割・作成単位表。design.md「主なクラスとリソース」表そのものであり機能概要へMOVE。
current-0297,current-0297,current,ja/development_tools/testing_framework/guide/development_guide/06_TestFWGuide/RequestUnitTest_real.rst,69,71,リクエスト単体テスト（メッセージ受信処理） > 構造 > StandaloneTestSupportTemplate,3,user,第3部 テストの実装方法,リクエスト単体テスト（MOMによるメッセージング）,使用方法,MOVE,StandaloneTestSupportTemplateがバッチやメッセージング処理などコンテナ外で動作する処理のテスト実行環境を提供し、テストデータを読み取り全テストショット（TestShot）を実行する旨の説明。構造節のクラス説明はbatch-17のcurrent-0313/0314（SimpleRestTestSupport/RestTestSupportの説明、使用方法へMOVE）と同型のためリクエスト単体テスト（MOMによるメッセージング）ページの使用方法へMOVE。
current-0298,current-0298,current,ja/development_tools/testing_framework/guide/development_guide/06_TestFWGuide/RequestUnitTest_real.rst,74,99,リクエスト単体テスト（メッセージ受信処理） > 構造 > TestShot,26,user,第3部 テストの実装方法,リクエスト単体テスト（MOMによるメッセージング）,使用方法,MOVE,TestShotが1テストショットの情報保持と実行を担う旨、テストショットの構成要素（入力データの準備／メインクラス起動／出力結果の確認）の箇条書き、およびバッチ・各種メッセージング処理共通の準備処理／結果確認機能（データベースのセットアップ、データベース更新内容確認、ログ出力結果確認、ステータスコード確認）の対応表。current-0297と同じくクラス説明のため使用方法へMOVE。
current-0299,current-0299,current,ja/development_tools/testing_framework/guide/development_guide/06_TestFWGuide/RequestUnitTest_real.rst,102,126,リクエスト単体テスト（メッセージ受信処理） > 構造 > MessagingRequestTestSupport,25,user,第3部 テストの実装方法,リクエスト単体テスト（MOMによるメッセージング）,使用方法,MOVE,MessagingRequestTestSupportが同期応答メッセージ受信処理テスト用のスーパークラスである旨、TestShotの準備処理・結果確認に要求電文の作成／応答電文の内容確認を追加する旨の対応表、具体的な使用方法は05_UnitTestGuide/02_RequestUnitTest/real.rstを参照という導線、および入力データをキューにPUTする際にmain側コンポーネント設定ファイルからFwHeaderDefinition実装クラスをfwHeaderDefinitionという名前で読み込む旨・別名使用時はgetFwHeaderDefinitionName()をオーバライドする旨のtip。tip部分はコンポーネント設定に近い内容だが本バッチにsplit-yesセクションはなくSPLIT対象外のため、クラス説明が主体の本セクション全体を使用方法へMOVE（batch-17のcurrent-0316が事前準備補助機能のtipを含めて丸ごと使用方法へMOVEした前例と同型の判断）。
current-0300,current-0300,current,ja/development_tools/testing_framework/guide/development_guide/06_TestFWGuide/RequestUnitTest_real.rst,129,145,リクエスト単体テスト（メッセージ受信処理） > 構造 > MessagingReceiveTestSupport,17,user,第3部 テストの実装方法,リクエスト単体テスト（MOMによるメッセージング）,使用方法,MOVE,MessagingReceiveTestSupportが応答不要メッセージ処理テスト用のスーパークラスである旨、TestShotの準備処理に要求電文の作成を追加する旨の対応表、および具体的な使用方法は05_UnitTestGuide/02_RequestUnitTest/delayed_receive.rstを参照という導線。current-0299の対をなす節のため同じく使用方法へMOVE。
current-0301,current-0301,current,ja/development_tools/testing_framework/guide/development_guide/06_TestFWGuide/RequestUnitTest_real.rst,148,155,リクエスト単体テスト（メッセージ受信処理） > 構造 > MainForRequestTesting,8,user,第3部 テストの実装方法,リクエスト単体テスト（MOMによるメッセージング）,使用方法,MOVE,MainForRequestTestingがリクエスト単体テスト用のメインクラスであり、本番用メインクラスとの差異（テスト用コンポーネント設定ファイルからのシステムリポジトリ初期化、常駐化機能の無効化）を箇条書きで示す説明。クラス説明のため使用方法へMOVE。
current-0302,current-0302,current,ja/development_tools/testing_framework/guide/development_guide/06_TestFWGuide/RequestUnitTest_real.rst,158,165,リクエスト単体テスト（メッセージ受信処理） > 構造 > MQSupport,8,user,第3部 テストの実装方法,リクエスト単体テスト（MOMによるメッセージング）,使用方法,MOVE,MQSupportがメッセージに関する操作を提供するクラスであり、テストデータから要求電文を作成し受信キューにPUTする機能、応答電文を送信キューからGETしテストデータの期待値と内容を比較する機能を提供する旨の箇条書き。クラス説明のため使用方法へMOVE。
current-0303,current-0303,current,ja/development_tools/testing_framework/guide/development_guide/06_TestFWGuide/RequestUnitTest_real.rst,168,181,リクエスト単体テスト（メッセージ受信処理） > 構造 > TestDataConvertor,14,user,第2部 導入と設定,リクエスト単体テストの設定（MOMによるメッセージング）,拡張例,MOVE,"TestDataConvertorがExcelから読み込んだテストデータを編集するためのインタフェースであり、必要に応じてXMLやJSONなどのデータ種別ごとに「アーキテクトが実装する」旨、実装クラスが担う機能（読み込んだデータの任意編集、レイアウト定義データの動的生成）の箇条書き、本インタフェース実装によりExcelの日本語データをURLエンコーディングする等の処理を追加可能である旨、実装クラスを""TestDataConverter_<データ種別>""というキー名でテスト用コンポーネント設定ファイルに登録する必要がある旨。design.mdの第2部拡張例「拡張はコンポーネント設定とクラス差し替えであり、アーキテクトの領域のため第2部に置く」「拡張するには〇〇を継承する」に合致し、本文中に明示的に「アーキテクトが実装する」とあるためリクエスト単体テストの設定（MOMによるメッセージング）ページの拡張例へMOVE（他の構造説明が使用方法へ向かうのと異なり、本節のみ拡張手順のためPart2へ）。"
current-0304,current-0304,current,ja/development_tools/testing_framework/guide/development_guide/06_TestFWGuide/RequestUnitTest_real.rst,184,187,リクエスト単体テスト（メッセージ受信処理） > テストデータ > (L2直下),4,user,第3部 テストの実装方法,テストデータの書き方,使用方法,MERGE,「メッセージング処理固有のテストデータについて説明する。」という導入文（L2直下）。判断ルール1により後続のメッセージ（current-0305）と同じdest_sectionへ。判断ルール3によりテストデータの記法説明はテストデータの書き方ページへ送るため、同ページの使用方法へMERGE。
current-0305,current-0305,current,ja/development_tools/testing_framework/guide/development_guide/06_TestFWGuide/RequestUnitTest_real.rst,190,197,リクエスト単体テスト（メッセージ受信処理） > テストデータ > メッセージ,8,user,第3部 テストの実装方法,テストデータの書き方,使用方法,MERGE,基本的な記述方法は05_UnitTestGuide/02_RequestUnitTest/real.rstを参照という導線、およびパディングおよびバイナリデータの扱いは:ref:`about_fixed_length_file`と同様である旨のtip。パディング・バイナリデータの扱いというテストデータの記法に関する実体的な言及があるため判断ルール3によりテストデータの書き方ページへMERGE（batch-17のcurrent-0050、batch-15のcurrent-0067と同種の判断）。参照先real.rst（05_UnitTestGuide/02_RequestUnitTest/real.rst）は本バッチ時点で未処理（batch-17のcurrent-0049の注記でも同様に未処理と確認済み）のため重複確認は当該セクションの処理バッチで行うこと。
current-0068,current-0068,current,ja/development_tools/testing_framework/guide/development_guide/05_UnitTestGuide/02_RequestUnitTest/http_send_sync.rst,1,2,(冒頭),2,user,,,,DROP,`.. _`message_httpSendSyncMessage_test`:`という内部参照ラベルと空行のみで地の文を持たない。判断ルール1によりDROP。
current-0069,current-0069,current,ja/development_tools/testing_framework/guide/development_guide/05_UnitTestGuide/02_RequestUnitTest/http_send_sync.rst,6,15,リクエスト単体テストの実施方法(HTTP同期応答メッセージ送信処理) > (L1直下),10,user,第3部 テストの実装方法,リクエスト単体テスト（HTTPメッセージング）,機能概要,REFERENCE,「リクエスト単体テスト実施方法は:ref:`message_sendSyncMessage_test`を参照すること。ただし、「送信キュー」「受信キュー」を「通信先」と読み替えること。本項では:ref:`message_sendSyncMessage_test`と異なる箇所を解説する。」という導入文。message_sendSyncMessage_testは05_UnitTestGuide/02_RequestUnitTest/real.rst（MOMによるメッセージングの同期応答メッセージ送信処理）のref labelであり、「送信キュー」「受信キュー」を「通信先」と読み替えるという記述はMOM（キュー）とHTTP（通信先）の用語差分説明そのもの。本ファイルはHTTPメッセージング処理方式の同期応答メッセージ送信処理を扱うため、batch-15のcurrent-0064（http_real.rstの同型L1直下、real_request_testへの参照＋差分解説という導入文をREFERENCEとしてHTTPメッセージング処理方式ページの使用方法に残した前例）に倣いREFERENCEとし、リクエスト単体テスト（HTTPメッセージング）ページの使用方法へ割り当てる。要確認: 本バッチの依頼文では「処理方式は『MOMによるメッセージング』」との指示があったが、http_send_sync.rstの実体（送信キュー/受信キューではなく通信先を使うHTTP固有の記述、および同ディレクトリのhttp_real.rstがbatch-15でHTTPメッセージングに割り当てられた前例）から判断し、本ファイル8セクション（current-0069〜0075のうちテストデータの書き方以外）はHTTPメッセージング処理方式のページへ割り当てた。RequestUnitTest_real.rst側（current-0294〜0303）は指示どおりMOMによるメッセージングへ割り当てている。（#5b STEP2再判定: 使用方法→機能概要に修正。本文「リクエスト単体テスト実施方法は:ref:`message_sendSyncMessage_test`を参照すること。ただし...読み替えること。本項では...と異なる箇所を解説する」は、後続の具体的な手順（電文の期待値記述等）ではなくページの位置づけを示す冒頭文。current-0064（同ファイル種の同型導入文）と同じ理由で機能概要へ変更する。dispositionのREFERENCEは維持。）
current-0070,current-0070,current,ja/development_tools/testing_framework/guide/development_guide/05_UnitTestGuide/02_RequestUnitTest/http_send_sync.rst,22,51,リクエスト単体テストの実施方法(HTTP同期応答メッセージ送信処理) > テストデータの書き方 > 電文を1回送信する場合の要求電文の期待値および、返却する応答電文（レスポンスメッセージ）の例,30,user,第3部 テストの実装方法,テストデータの書き方,使用方法,MERGE,電文を1回送信する場合の応答電文（レスポンスメッセージ）記述例の画像、RESPONSE_BODY_MESSAGES等は複数フィールドに分割して記述可能である旨・分割時のフィールド名は任意（XML1/XML2/XML3等）である旨のtip、要求電文の期待値記述例の画像、およびJSON・XMLデータ形式使用時は1Excelシートに1テストケースのみ記述する旨・その制約理由（各行の文字列長が同一であることを期待するというNTFの制約）のtip。テストデータの記法説明のため判断ルール3によりテストデータの書き方ページへMERGE。
current-0071,current-0071,current,ja/development_tools/testing_framework/guide/development_guide/05_UnitTestGuide/02_RequestUnitTest/http_send_sync.rst,54,103,リクエスト単体テストの実施方法(HTTP同期応答メッセージ送信処理) > テストデータの書き方 > 電文を2回以上送信する場合の要求電文の期待値および、返却する応答電文（レスポンスメッセージ）の例,50,user,第3部 テストの実装方法,テストデータの書き方,使用方法,MERGE,複数回電文を送信する場合の記述上の注意点（同一データタイプはまとめて記述、同一リクエストIDはnoを変えてまとめて記述、電文の長さを合わせる）の箇条書き、応答電文・要求電文の期待値記述例の画像2点、送信順のテストは不可能である旨のtip、および下位見出し「障害系のテスト」（応答電文の表にerrorMode:timeout／errorMode:msgExceptionを設定することで障害系テストを行える旨とその対応表、注記2件）。sections-current.csvでは「障害系のテスト」は独立セクションとして分離されず本節の一部として扱われている。errorMode:の値設定はテストデータのセル記法そのものであるため、全体を判断ルール3によりテストデータの書き方ページへMERGE。
current-0072,current-0072,current,ja/development_tools/testing_framework/guide/development_guide/05_UnitTestGuide/02_RequestUnitTest/http_send_sync.rst,106,132,リクエスト単体テストの実施方法(HTTP同期応答メッセージ送信処理) > テストデータの書き方 > モックアップを使用するための記述,27,user,第3部 テストの実装方法,テストデータの書き方,使用方法,MERGE,testShotsのexpectedMessageByClientおよびresponseMessageByClientにグループIDを設定する旨（モックアップ自体は:ref:`dealUnitTest_send_sync`＝取引単体テスト側を参照）、グループIDの関連は:ref:`message_sendSyncMessage_test`のexpectedMessage/responseMessageと同様のため割愛する旨、記述例の画像2点（MOMとHTTPが同一アクション内で併用される場合の使い分けを含む）、およびグループIDはMOMとHTTPでそれぞれ別の値を設定する必要がある旨のtip。testShotsカラムの記法説明のため判断ルール3によりテストデータの書き方ページへMERGE。
current-0073,current-0073,current,ja/development_tools/testing_framework/guide/development_guide/05_UnitTestGuide/02_RequestUnitTest/http_send_sync.rst,135,139,リクエスト単体テストの実施方法(HTTP同期応答メッセージ送信処理) > テストデータの書き方 > 要求電文のアサート,5,user,第3部 テストの実装方法,テストデータの書き方,使用方法,MERGE,テストデータのディレクティブ行に設定されたfile-typeの値により要求電文のアサート方法が変化する旨、設定方法やアサート内容の詳細は:ref:`real_request_test`のレスポンスメッセージの項を参照する旨。file-typeディレクティブによるアサート方法の分岐というテストデータの記法説明のため判断ルール3によりテストデータの書き方ページへMERGE。
current-0074,current-0074,current,ja/development_tools/testing_framework/guide/development_guide/05_UnitTestGuide/02_RequestUnitTest/http_send_sync.rst,143,146,リクエスト単体テストの実施方法(HTTP同期応答メッセージ送信処理) > フレームワークで使用するクラスの設定 > (L2直下),4,user,第2部 導入と設定,リクエスト単体テストの設定（HTTPメッセージング）,使用方法,MOVE,「通常、これらの設定はアーキテクトが行うものでありアプリケーションプログラマが設定する必要はない。」という導入文（L2直下）。判断ルール1により後続のモックアップクラスの設定（current-0075）と同じdest_sectionへ。コンポーネント設定ファイルの設定に関する内容のためリクエスト単体テストの設定（HTTPメッセージング）ページの使用方法（コンポーネントを設定する）へMOVE。
current-0075,current-0075,current,ja/development_tools/testing_framework/guide/development_guide/05_UnitTestGuide/02_RequestUnitTest/http_send_sync.rst,149,164,リクエスト単体テストの実施方法(HTTP同期応答メッセージ送信処理) > フレームワークで使用するクラスの設定 > モックアップクラスの設定,16,user,第2部 導入と設定,リクエスト単体テストの設定（HTTPメッセージング）,使用方法,MOVE,コンポーネント設定ファイルにリクエスト単体テストで使用するモックアップクラス（defaultMessageSenderClient、class=nablarch.test.core.messaging.RequestTestingMessagingClient、property charset）を設定する旨のコード例（XML）、およびcharsetに文字コード名を指定することでログ出力の文字コードを変更できる旨（省略時UTF-8）。コンポーネント設定ファイルの設定項目・記述例のためリクエスト単体テストの設定（HTTPメッセージング）ページの使用方法へMOVE。
current-0011,current-0011,current,ja/development_tools/testing_framework/guide/development_guide/05_UnitTestGuide/01_ClassUnitTest/01_entityUnitTest/02_entityUnitTestWithNablarchValidation.rst,1,2,Nablarch Validationに対応したForm/Entityのクラス単体テスト > (冒頭),2,user,,,,DROP,内容は「.. _entityUnitTest:」というRST内部参照ラベルと直後の空行のみで、地の文を持たない。判断ルール1によりDROP。新構成のページ作成時に:refラベルを付与し直せば足りるため対応不要。
current-0012,current-0012,current,ja/development_tools/testing_framework/guide/development_guide/05_UnitTestGuide/01_ClassUnitTest/01_entityUnitTest/02_entityUnitTestWithNablarchValidation.rst,6,12,Nablarch Validationに対応したForm/Entityのクラス単体テスト > (L1直下),7,user,第3部 テストの実装方法,エンティティ単体テスト,機能概要,MOVE,「本項では、入力値チェックをNablarch Validationで実施しているFormおよびEntityクラス単体テストについて説明する。両者はほぼ同じように単体テストを行えるため、共通する内容についてはEntity単体テストをベースに説明し、特有の処理については個別に説明する」という本ページの対象・進め方の説明と、Form/Entityの責務については各処理方式の責務配置を参照するよう促すtip（ウェブアプリケーション責務配置・Nablarchバッチアプリケーション責務配置への:ref:）。design.mdの機能概要「このページで何ができるようになるか」に該当するためMOVE。
current-0013,current-0013,current,ja/development_tools/testing_framework/guide/development_guide/05_UnitTestGuide/01_ClassUnitTest/01_entityUnitTest/02_entityUnitTestWithNablarchValidation.rst,16,21,Nablarch Validationに対応したForm/Entityのクラス単体テスト > Form/Entity単体テストの書き方 > (L2直下),6,user,第3部 テストの実装方法,エンティティ単体テスト,使用方法,MOVE,「本項で例として使用したテストクラスとテストデータは以下のとおり」として、テストクラス(SystemAccountEntityTest.java)・テストデータ(SystemAccountEntityTest.xlsx)・テスト対象クラス(SystemAccountEntity.java)の3ファイルのダウンロードリンクを示す実体的な内容。判断ルール2により後続の子セクション（テストデータの作成・テストクラスの作成等、いずれも使用方法）と同じdest_sectionへMOVE。
current-0014,current-0014,current,ja/development_tools/testing_framework/guide/development_guide/05_UnitTestGuide/01_ClassUnitTest/01_entityUnitTest/02_entityUnitTestWithNablarchValidation.rst,24,35,Nablarch Validationに対応したForm/Entityのクラス単体テスト > Form/Entity単体テストの書き方 > テストデータの作成,12,user,第3部 テストの実装方法,エンティティ単体テスト,使用方法,MOVE,テストデータを記載したExcelファイルはテストソースコードと同じディレクトリに同じ名前(拡張子のみ異なる)で格納する旨、精査／コンストラクタ／setter・getterの各テストケースがそれぞれ1シートずつ使用する前提である旨、メッセージデータやコードマスタ等の静的マスタデータは個別のテストデータとして作成しない前提である旨を説明。テストデータの記述方法詳細は06_TestFWGuide/01_Abstract・02_DbAccessTestを参照させる導線を含むが、記法仕様そのものではなくファイル配置規則という本ページ固有の作成手順のため、判断ルール3の対象外として「テストデータを作成する」手順に使用方法へMOVE。
current-0015,current-0015,current,ja/development_tools/testing_framework/guide/development_guide/05_UnitTestGuide/01_ClassUnitTest/01_entityUnitTest/02_entityUnitTestWithNablarchValidation.rst,38,74,Nablarch Validationに対応したForm/Entityのクラス単体テスト > Form/Entity単体テストの書き方 > テストクラスの作成,37,user,第3部 テストの実装方法,エンティティ単体テスト,使用方法,MOVE,テストクラスのパッケージはテスト対象のForm/Entityと同じとする・<Form/Entityクラス名>Testというクラス名とする・EntityTestSupportを継承するという3条件と、それに沿ったテストクラスのコード例(SystemAccountEntityTest)。「テストクラスを作成する」手順の中核。
current-0016,current-0016,current,ja/development_tools/testing_framework/guide/development_guide/05_UnitTestGuide/01_ClassUnitTest/01_entityUnitTest/02_entityUnitTestWithNablarchValidation.rst,77,285,Nablarch Validationに対応したForm/Entityのクラス単体テスト > Form/Entity単体テストの書き方 > 文字種と文字列長の単項目精査テストケース,209,user,第3部 テストの実装方法,エンティティ単体テスト,使用方法,MOVE,209行(>=100)のためsplit-plan.mdを確認(grep -n 'current-0016' split-plan.md)。既承認結果は「no split」で、「current-0006のNablarch Validation版。内容の性質（テストケース表＋テストメソッド）は同じ。第3部 > クラス単体テスト > エンティティ単体テスト」と明記済み。実測でもテストケース表の作成方法（propertyName/allowEmpty/min/max/messageId系カラム定義）、o/x記法、テストメソッドの作成方法（testValidateCharsetAndLengthの呼び出しとコード例）、実行時の観点表のみで構成され、設定・拡張の説明は含まない。「テストデータを作成する」「テストメソッドを作成する」手順としてそのままMOVE(分割なし)。
current-0017,current-0017,current,ja/development_tools/testing_framework/guide/development_guide/05_UnitTestGuide/01_ClassUnitTest/01_entityUnitTest/02_entityUnitTestWithNablarchValidation.rst,288,380,Nablarch Validationに対応したForm/Entityのクラス単体テスト > Form/Entity単体テストの書き方 > その他の単項目精査のテストケース,93,user,第3部 テストの実装方法,エンティティ単体テスト,使用方法,MOVE,93行(100行未満のためsplit-plan.mdの対象外、本バッチで直接判断)。文字種・文字列長のテストケースでカバーしきれない単項目精査（数値範囲精査等）を1入力値と期待メッセージIDのペアで簡易にテストする方法。テストケース表の作成方法(propertyName/case/input/messageIdカラム)とテストメソッドの作成方法(testSingleValidationの呼び出しとコード例)を記載。current-0016と同型の「テストデータを作成する」「テストメソッドを作成する」手順としてMOVE。
current-0018,current-0018,current,ja/development_tools/testing_framework/guide/development_guide/05_UnitTestGuide/01_ClassUnitTest/01_entityUnitTest/02_entityUnitTestWithNablarchValidation.rst,383,553,Nablarch Validationに対応したForm/Entityのクラス単体テスト > Form/Entity単体テストの書き方 > バリデーションメソッドのテストケース,171,user,第3部 テストの実装方法,エンティティ単体テスト,使用方法,MOVE,171行(>=100)のためsplit-plan.mdを確認。既承認結果は「no split」で、「バリデーションメソッド（@ValidateFor）のテストケース表作成とテストメソッド例のみ。設定・拡張の説明なし。第3部 > クラス単体テスト > エンティティ単体テスト」と明記済み。実測でもエンティティに実装した@ValidateForメソッドのテストケース表(testShots/params)の作成、精査対象確認・項目間精査などのケース作成方法、テストメソッドの作成方法（testValidateAndConvert呼び出し例）のみで構成。「テストデータを作成する」「テストメソッドを作成する」手順としてそのままMOVE(分割なし)。
current-0019,current-0019,current,ja/development_tools/testing_framework/guide/development_guide/05_UnitTestGuide/01_ClassUnitTest/01_entityUnitTest/02_entityUnitTestWithNablarchValidation.rst,556,676,Nablarch Validationに対応したForm/Entityのクラス単体テスト > Form/Entity単体テストの書き方 > コンストラクタに対するテストケース,121,user,第3部 テストの実装方法,エンティティ単体テスト,使用方法,MOVE,"121行(>=100)のためsplit-plan.mdを確認。既承認結果は「no split」で、「コンストラクタテストのExcel定義とテストメソッド例のみ。第3部 > クラス単体テスト > エンティティ単体テスト」と明記済み。実測でもMap<String, Object>を引数にとるコンストラクタに対し、Excelへの値・期待値の定義方法とtestConstructorAndGetterの呼び出し例、対応不可な型の場合の個別テスト実装例(コード例)のみで構成。「テストデータを作成する」「テストメソッドを作成する」手順としてそのままMOVE(分割なし)。"
current-0020,current-0020,current,ja/development_tools/testing_framework/guide/development_guide/05_UnitTestGuide/01_ClassUnitTest/01_entityUnitTest/02_entityUnitTestWithNablarchValidation.rst,679,685,Nablarch Validationに対応したForm/Entityのクラス単体テスト > Form/Entity単体テストの書き方 > setter、getterに対するテストケース,7,user,第3部 テストの実装方法,エンティティ単体テスト,使用方法,REFERENCE,本文は「:ref:`entityUnitTest_SetterGetterCase_BeanValidation`を参照。」の1文のみ。参照先ラベルは同ディレクトリの01_entityUnitTestWithBeanValidation.rst(568行目)の「setter、getterに対するテストケース」節であることを実際に確認済み(本バッチの対象外ファイル)。実体的な記法・手順の記述はなく参照のみのためREFERENCEとし、エンティティ単体テストページの使用方法に参照導線として残す。実体はBeanValidation版ファイルを処理するバッチでMOVE/MERGEされる想定。
current-0021,current-0021,current,ja/development_tools/testing_framework/guide/development_guide/05_UnitTestGuide/01_ClassUnitTest/01_entityUnitTest/02_entityUnitTestWithNablarchValidation.rst,688,763,Nablarch Validationに対応したForm/Entityのクラス単体テスト > Form/Entity単体テストの書き方 > 自動テストフレームワーク設定値,76,user,第2部 導入と設定,クラス単体テストの設定,使用方法,MOVE,文字種と文字列長の単項目精査テスト(current-0016)実施に必要な初期値設定の説明。EntityTestConfigurationクラスで設定する項目一覧(maxMessageId/maxAndMinMessageId/fixLengthMessageId/underLimitMessageId/emptyInputMessageId/characterGenerator)の表と、精査クラス側・テスト側それぞれのコンポーネント設定ファイルの記述例(XMLコード例)。design.md第2部の記載範囲「コンポーネント設定ファイルの設定項目一覧」「設定ファイルの記述例」に完全一致するため、第3部のエンティティ単体テストではなく第2部のクラス単体テストの設定ページ(暫定語彙)へMOVE。dest_sectionは第2部アウトラインの使用方法「コンポーネントを設定する」に相当。
current-0343,current-0343,current,ja/development_tools/testing_framework/guide/development_guide/08_TestTools/01_HttpDumpTool/02_SetUpHttpDumpTool.rst,4,8,リクエスト単体データ作成ツール インストールガイド > (L1直下),5,user,第4部 ツール,リクエスト単体データ作成ツール,導入,MOVE,「:doc:`index`のインストール方法について説明する。」という、本ページ（現行インストールガイド）が何を説明する文書かを示す1文。design.md §5「現行解説書の...インストールガイドを...『導入』セクションとして収める」の対象そのものであり、機能概要の定義（何ができるか・どの場面で使うか）には該当しない。導入セクションの冒頭文としてMOVE（機能概要→導入に修正、2026-07-28再差し戻し対応）。
current-0344,current-0344,current,ja/development_tools/testing_framework/guide/development_guide/08_TestTools/01_HttpDumpTool/02_SetUpHttpDumpTool.rst,11,22,リクエスト単体データ作成ツール インストールガイド > 前提事項,12,user,第4部 ツール,リクエスト単体データ作成ツール,導入,MOVE,本ツール使用時の前提事項（Java・Mavenインストール済み、プロジェクトがMavenで管理、htmlファイルがブラウザに関連付け済み、ブラウザのプロキシ設定でlocalhostが除外済み）の箇条書き。design.md §5の導入定義「インストール手順、依存関係、設定」の「依存関係」に該当するためMOVE（機能概要→導入に修正、2026-07-28再差し戻し対応）。
current-0345,current-0345,current,ja/development_tools/testing_framework/guide/development_guide/08_TestTools/01_HttpDumpTool/02_SetUpHttpDumpTool.rst,25,61,リクエスト単体データ作成ツール インストールガイド > 提供方法,37,user,第4部 ツール,リクエスト単体データ作成ツール,導入,MOVE,本ツールはnablarch-testing-XXX.jar／nablarch-testing-jetty12-XXX.jarのjarで提供される旨、pom.xmlのdependencies要素の記述確認（コード例）、mvn dependency:copy-dependenciesコマンドでjarをダウンロードする手順、httpDump.batをpom.xmlと同じディレクトリに配置する旨を記載。design.md §5の導入定義「インストール手順、依存関係、設定」に直接該当するためMOVE（使用方法→導入に修正、2026-07-28再差し戻し対応）。
current-0346,current-0346,current,ja/development_tools/testing_framework/guide/development_guide/08_TestTools/01_HttpDumpTool/02_SetUpHttpDumpTool.rst,64,67,リクエスト単体データ作成ツール インストールガイド > Eclipseとの連携 > (L2直下),4,user,第4部 ツール,リクエスト単体データ作成ツール,導入,MOVE,「以下の設定をすることでEclipseから本ツールを起動できる。」という導入文。判断ルール2により後続の設定手順（設定画面起動・外部プログラム選択・起動用バッチファイル選択）と同じdest_section導入へMOVE。ただし最後の子節「HTMLファイルからの起動方法」（current-0350）は、実ファイル突合により既存の使用方法（index.rstのcurrent-0339「ツール起動」）が`:ref:`howToExecuteFromEclipse``でこの節そのものを参照先として指定していることを確認したため、使用方法側の詳細記述として使用方法のまま維持する（例外）。（使用方法→導入に修正、2026-07-28再差し戻し対応）
current-0347,current-0347,current,ja/development_tools/testing_framework/guide/development_guide/08_TestTools/01_HttpDumpTool/02_SetUpHttpDumpTool.rst,70,78,リクエスト単体データ作成ツール インストールガイド > Eclipseとの連携 > 設定画面起動,9,user,第4部 ツール,リクエスト単体データ作成ツール,導入,MOVE,Eclipseのウィンドウ→設定→一般→エディタ→ファイルの関連付けから*.htmlを選択し追加する手順と、設定画面のスクリーンショット(01_Eclipse_Preference.png)。IDE連携の一回限りの設定手順であり、design.md §5の導入定義「設定」に該当するためMOVE（使用方法→導入に修正、2026-07-28再差し戻し対応）。
current-0348,current-0348,current,ja/development_tools/testing_framework/guide/development_guide/08_TestTools/01_HttpDumpTool/02_SetUpHttpDumpTool.rst,81,87,リクエスト単体データ作成ツール インストールガイド > Eclipseとの連携 > 外部プログラム選択,7,user,第4部 ツール,リクエスト単体データ作成ツール,導入,MOVE,ラジオボタンから外部プログラム(External program)を選択し参照ボタンを押下する手順と、スクリーンショット(02_Eclipse_EditorSelection.png)。current-0347に続くEclipse連携設定の1ステップとして導入へMOVE（使用方法→導入に修正、2026-07-28再差し戻し対応）。
current-0349,current-0349,current,ja/development_tools/testing_framework/guide/development_guide/08_TestTools/01_HttpDumpTool/02_SetUpHttpDumpTool.rst,90,99,リクエスト単体データ作成ツール インストールガイド > Eclipseとの連携 > 起動用バッチファイル（シェルスクリプト）選択,10,user,第4部 ツール,リクエスト単体データ作成ツール,導入,MOVE,Windowsの場合はhttpDump.bat、Linuxの場合はhttpDump.shを選択する旨と、スクリーンショット(03_Eclipse_OpenFile.png)。末尾に次節への内部参照ラベル(.. _howToExecuteFromEclipse:)を含む。current-0347/0348に続くEclipse連携設定の1ステップとして導入へMOVE（使用方法→導入に修正、2026-07-28再差し戻し対応）。
current-0350,current-0350,current,ja/development_tools/testing_framework/guide/development_guide/08_TestTools/01_HttpDumpTool/02_SetUpHttpDumpTool.rst,102,111,リクエスト単体データ作成ツール インストールガイド > Eclipseとの連携 > HTMLファイルからの起動方法,10,user,第4部 ツール,リクエスト単体データ作成ツール,使用方法,MOVE,Eclipseのパッケージエクスプローラ等からHTMLファイルを右クリックし、httpDumpで開くことでツールを起動できる旨、スクリーンショット(04_Eclipse_OpenWith.png)、および文末の|br|置換定義(raw:: html)。Eclipse連携手順の最終ステップとして使用方法へMOVE。（2026-07-28再差し戻し対応で再検証・維持）本節の直前に`.. _howToExecuteFromEclipse:`ラベルがあり、index.rstの使用方法「ツール起動」(current-0339)が「Eclipse上からHTMLファイルを右クリックし、ツールを起動する。（:ref:`howToExecuteFromEclipse`を参照）」としてこの節自体を参照先に指定していることを実ファイル突合で確認した。本節は使用方法「ツール起動」の詳細記述そのものであり、design.mdの導入定義（インストール手順・依存関係・設定）ではなく操作手順に該当するため、他14行と異なり使用方法のまま変更しない。
current-0252,current-0252,current,ja/development_tools/testing_framework/guide/development_guide/06_TestFWGuide/04_MasterDataRestore.rst,1,2,マスタデータ復旧機能 > (冒頭),2,user,,,,DROP,RSTアンカー（.. _`master_data_backup`:）のみで実体なし。判断ルール1によりDROP。
current-0253,current-0253,current,ja/development_tools/testing_framework/guide/development_guide/06_TestFWGuide/04_MasterDataRestore.rst,6,10,マスタデータ復旧機能 > (L1直下),5,user,,,,DROP,.. contents:: 目次（:depth: 2 :local:）ディレクティブのみで本文なし。判断ルール1のTOCに準じDROP。
current-0254,current-0254,current,ja/development_tools/testing_framework/guide/development_guide/06_TestFWGuide/04_MasterDataRestore.rst,13,27,マスタデータ復旧機能 > 概要,15,user,第2部 導入と設定,マスタデータ復旧機能,機能概要,MERGE,「概要」節の本文。通常はマスタデータを書き換えないが、マスタメンテナンス機能等の異常系テストではマスタデータ変更が必要になること、変更後は後続のテストクラスが失敗しうること、そのためテストメソッド終了時にマスタデータを元の状態へ復旧する機能を提供する旨を説明。design.mdの第2部ページアウトラインの機能概要（全体像）に相当する導入的説明のため、同じdest_sectionに集約される特徴・必要となるスキーマ・動作イメージ（current-0255〜0257）とあわせてMERGE。
current-0255,current-0255,current,ja/development_tools/testing_framework/guide/development_guide/06_TestFWGuide/04_MasterDataRestore.rst,30,35,マスタデータ復旧機能 > 特徴,6,user,第2部 導入と設定,マスタデータ復旧機能,機能概要,MERGE,「特徴」節。テストの実行順序に依存せず常に正しい状態でテストできること、復旧処理が自動で行われ各テストクラスで復旧処理・復旧用データを用意する必要がないこと、バックアップ用スキーマからテーブル毎に一括復旧するため1件ずつINSERTするより高速であることの3点を箇条書きで説明。概要（current-0254）と同じ機能概要相当の内容のためMERGE。
current-0256,current-0256,current,ja/development_tools/testing_framework/guide/development_guide/06_TestFWGuide/04_MasterDataRestore.rst,38,56,マスタデータ復旧機能 > 必要となるスキーマ,19,user,第2部 導入と設定,マスタデータ復旧機能,機能概要,MERGE,「必要となるスキーマ」節。自動テスト用スキーマ（自動テストに使用するスキーマ）とバックアップ用スキーマ（復旧用マスタデータを保存しておくスキーマ）の2つが必要である旨をlist-tableで説明。design.mdの機能概要「主なクラスとリソース（名称・役割の表）」に相当するためMERGE。
current-0257,current-0257,current,ja/development_tools/testing_framework/guide/development_guide/06_TestFWGuide/04_MasterDataRestore.rst,59,74,マスタデータ復旧機能 > 動作イメージ,16,user,第2部 導入と設定,マスタデータ復旧機能,機能概要,MERGE,「動作イメージ」節。自動テストFWがコンポーネント設定ファイルから監視対象テーブル名一覧を取得し、SQLログを監視して監視対象テーブルへの変更を検出する流れ（画像modification_detected.png）と、変更検出後にテストメソッド終了後、テーブルを全件削除してからバックアップ用スキーマのテーブルから全件挿入して復旧する流れ（画像copy_from_backup.png）を説明。design.mdの機能概要「全体像（図）」に相当するためMERGE。
current-0258,current-0258,current,ja/development_tools/testing_framework/guide/development_guide/06_TestFWGuide/04_MasterDataRestore.rst,77,81,マスタデータ復旧機能 > 環境構築 > (L2直下),5,user,第2部 導入と設定,マスタデータ復旧機能,使用方法,MERGE,「環境構築」見出し直下の導入文。「以下の環境構築を実施し、自動テストフレームワークのマスタデータ復旧機能を有効にする。」の1文のみ。判断ルール2により、配下の各設定手順（バックアップ用スキーマの作成・データ投入／外部キー対応／コンポーネント設定ファイル／ログ出力設定、current-0259〜0262）と同じdest_section（使用方法）へMERGE。
current-0259,current-0259,current,ja/development_tools/testing_framework/guide/development_guide/06_TestFWGuide/04_MasterDataRestore.rst,84,93,マスタデータ復旧機能 > 環境構築 > バックアップ用スキーマの作成、データ投入,10,user,第2部 導入と設定,マスタデータ復旧機能,使用方法,MERGE,バックアップ用スキーマを作成し、自動テスト用スキーマと同じテーブルを作成して復旧用データを投入する手順を説明。tipで、バックアップ用スキーマには全テーブルではなく復旧対象とするテーブルのみあればよい旨を補足。設定手順のため使用方法へMERGE。
current-0260,current-0260,current,ja/development_tools/testing_framework/guide/development_guide/06_TestFWGuide/04_MasterDataRestore.rst,96,108,マスタデータ復旧機能 > 環境構築 > 外部キーが設定されたテーブルを使用する場合について,13,user,第2部 導入と設定,マスタデータ復旧機能,使用方法,MERGE,外部キー制約のあるテーブルを復旧する場合、デフォルトではJDBCの機能を用いて親子関係を取得・構築し、削除は子テーブルから・挿入は親テーブルから順に行う動作を説明。テーブル数が膨大なプロジェクトではこの親子関係構築処理がslow test問題の原因になりうるため、JDBCを使わず記述順（設定例のリスト順）を元に削除・挿入する代替動作へ切り替える設定（環境設定ファイルにnablarch.suppress-table-sort=trueを追加）をコード例付きで説明。個別設定の手順のため使用方法へMERGE。
current-0261,current-0261,current,ja/development_tools/testing_framework/guide/development_guide/06_TestFWGuide/04_MasterDataRestore.rst,111,167,マスタデータ復旧機能 > 環境構築 > コンポーネント設定ファイルに監視対象テーブルを記載,57,user,第2部 導入と設定,マスタデータ復旧機能,使用方法,MERGE,監視対象テーブルをコンポーネント設定ファイルに列挙する手順。設定項目一覧（backupSchema／tablesTobeWatched／testEventListeners）のlist-tableと、実際のcomponent定義のXML設定例（masterDataRestorerコンポーネント、backupSchema値、監視対象テーブルMESSAGE/ID_GENERATE等のリスト）を含む。design.mdの使用方法「コンポーネントを設定する」に相当するためMERGE。
current-0262,current-0262,current,ja/development_tools/testing_framework/guide/development_guide/06_TestFWGuide/04_MasterDataRestore.rst,170,215,マスタデータ復旧機能 > 環境構築 > ログ出力設定,46,user,第2部 導入と設定,マスタデータ復旧機能,使用方法,MERGE,SQLログ監視によるマスタデータ変更検出のためのログ出力設定手順。app-log.propertiesでsqlLogFormatterに本機能提供クラス（MasterDataRestorer$SqlLogWatchingFormatter）を指定する設定と、log.propertiesでSQLログをDEBUGレベル以上で出力しつつ標準出力には出さない（nopロガーを使用する）設定例を示す。個別設定の手順のため使用方法へMERGE。
current-0358,current-0358,current,ja/development_tools/testing_framework/guide/development_guide/08_TestTools/02_MasterDataSetup/02_ConfigMasterDataSetupTool.rst,4,8,マスタデータ投入ツール インストールガイド > (L1直下),5,user,第4部 ツール,マスタデータ投入ツール,導入,MERGE,文書冒頭の導入文。「:doc:`index`のインストール方法について説明する。」の1文と、次見出し「前提事項」へのアンカー(master_data_setup_prerequisite)のみ。current-0343と同型で、design.md §5「現行解説書の...インストールガイドを...『導入』セクションとして収める」の対象そのもの。機能概要（何ができるか）でも使用方法（操作手順）でもなく、導入セクションの冒頭文としてMERGE（使用方法→導入に修正、2026-07-28再差し戻し対応。現行値も機能概要ではなく使用方法だったため、current-0343との非対称も解消）。
current-0359,current-0359,current,ja/development_tools/testing_framework/guide/development_guide/08_TestTools/02_MasterDataSetup/02_ConfigMasterDataSetupTool.rst,11,27,マスタデータ投入ツール インストールガイド > 前提事項,17,user,第4部 ツール,マスタデータ投入ツール,導入,MERGE,本ツール使用の前提条件を列挙。Eclipse・Mavenがインストール済みであること、Nablarchのアーキタイプ（blank_project）から生成されたプロジェクトであること、テーブルが作成済みであること、バックアップ用スキーマにテーブルが作成済みであること（脚注で04_MasterDataRestore.rstのmaster_data_backup_settingsを参照するよう指示）を説明。design.md §5の導入定義「依存関係」に該当するためMERGE（機能概要→導入に修正、2026-07-28再差し戻し対応）。
current-0360,current-0360,current,ja/development_tools/testing_framework/guide/development_guide/08_TestTools/02_MasterDataSetup/02_ConfigMasterDataSetupTool.rst,30,68,マスタデータ投入ツール インストールガイド > 提供方法 > (L2直下),39,user,第4部 ツール,マスタデータ投入ツール,導入,MERGE,「提供方法」節の本文。本ツールはnablarch-testing-XXX.jarで提供される旨、ツール使用前にプロジェクトのコンパイルと依存jarのダウンロード（mvn compile／mvn dependency:copy-dependencies -DoutputDirectory=lib）を行う旨、master-data-setup-tool.zipをダウンロードしてpom.xmlのあるディレクトリに展開する旨、zipに含まれる設定ファイル5件（master_data-build.properties／master_data-build.xml／master_data-log.properties／master_data-app-log.properties／MASTER_DATA.xlsx）の説明表、実行前に再度同じmvnコマンドを実行する旨を説明。design.md §5の導入定義「インストール手順」に直接該当するためMERGE（使用方法→導入に修正、2026-07-28再差し戻し対応）。
current-0361,current-0361,current,ja/development_tools/testing_framework/guide/development_guide/08_TestTools/02_MasterDataSetup/02_ConfigMasterDataSetupTool.rst,71,84,マスタデータ投入ツール インストールガイド > 提供方法 > プロパティファイルの書き換え,14,user,第4部 ツール,マスタデータ投入ツール,導入,MERGE,マスタデータ自動復旧機能が使用するバックアップスキーマ名を、masterdata.test.backup-schemaプロパティに設定する手順をコード例付きで説明。ディレクトリ構造が変わらない限り他の設定値は修正不要である旨も補足。design.md §5の導入定義「設定」に該当するためMERGE（使用方法→導入に修正、2026-07-28再差し戻し対応）。
current-0362,current-0362,current,ja/development_tools/testing_framework/guide/development_guide/08_TestTools/02_MasterDataSetup/02_ConfigMasterDataSetupTool.rst,87,90,マスタデータ投入ツール インストールガイド > Eclipseとの連携設定 > (L2直下),4,user,第4部 ツール,マスタデータ投入ツール,導入,MERGE,「Eclipseとの連携設定」見出し直下の導入文。「以下の設定をすることでEclipseから本ツールを起動できる。」の1文のみ。判断ルール2により配下の設定手順（Antビュー起動／ビルドファイル登録）と同じdest_section導入へMERGE。実ファイル突合で、index.rstの使用方法「実行方法」(current-0357)のtipが`:ref:`how_to_setup_ant_view_in_eclipse``でこの節（Eclipseとの連携設定全体）を「設定については別途参照」と外部参照している（実行方法自体はAntビューでのダブルクリックのみで自己完結）ことを確認しており、current-0346/0350のケースとは異なり本節に使用方法本体の詳細記述が含まれない。導入のまま維持が妥当（使用方法→導入に修正、2026-07-28再差し戻し対応）。
current-0363,current-0363,current,ja/development_tools/testing_framework/guide/development_guide/08_TestTools/02_MasterDataSetup/02_ConfigMasterDataSetupTool.rst,93,101,マスタデータ投入ツール インストールガイド > Eclipseとの連携設定 > Antビュー起動,9,user,第4部 ツール,マスタデータ投入ツール,導入,MERGE,Eclipseのツールバーからウィンドウ(Window)→設定(Show View)を選択してAntビューを開く手順を、キャプチャ画像（open_ant_view.png）付きで説明。IDE連携の一回限りの設定手順であり導入へMERGE（使用方法→導入に修正、2026-07-28再差し戻し対応）。
current-0364,current-0364,current,ja/development_tools/testing_framework/guide/development_guide/08_TestTools/02_MasterDataSetup/02_ConfigMasterDataSetupTool.rst,104,122,マスタデータ投入ツール インストールガイド > Eclipseとの連携設定 > ビルドファイル登録,19,user,第4部 ツール,マスタデータ投入ツール,導入,MERGE,Antビューの＋アイコンを押下してビルドスクリプト（master_data-build.xml）を選択し登録する手順を、3枚のキャプチャ画像（register_build_file.png／select_build_file.png／build_file_in_view.png）付きで説明。current-0362/0363と同じEclipse連携設定の1ステップであり、実行方法(current-0357)側の独立した操作対象（ダブルクリックで実行）とは異なる準備段階のためMERGE（使用方法→導入に修正、2026-07-28再差し戻し対応）。
input-0036,input-0036,input,.rn/20260724-ntf-yaml-support/input/ntf-testdata-doc-examples-file.md,2,4,NTF テストデータ解説書 — 記述例（ファイルデータ） > (L1直下),3,user,第3部 テストの実装方法,テストデータの記載例,使用方法,MERGE,文書全体の導入文。「ファイルデータ（固定長／可変長）のテストデータをExcelとYAMLで書くための記述例集です。該当するシナリオの節を引いて、Excel表とYAMLを写して使います」という1文。design.mdの「テストデータの記載例」ページ（用途別実例をExcelとYAMLの対比で示す）の導入部として、batch-11のinput-0058（同型の記述例集ドキュメントのL1直下導入文）と同じ扱いでMERGE。
input-0037,input-0037,input,.rn/20260724-ntf-yaml-support/input/ntf-testdata-doc-examples-file.md,6,50,NTF テストデータ解説書 — 記述例（ファイルデータ） > 全体像,45,user,第3部 テストの実装方法,テストデータの記載例,使用方法,MERGE,「全体像」節。Excel/YAMLの中核要素対応を示すmermaid図（SETUP_FIXED⇔path/type/group_id、レコード種別+フィールド名称行⇔record_type、データ型行/フィールド長行⇔fields、データ行⇔rows）、6.1〜6.6の節一覧表（節番号・シナリオ・引くきっかけ、うち6.4〜6.6は本バッチ範囲外）、形式間で共通する記法規則（フィールド定義の書式・パディングなし・rows順序一致・Excelデータ行先頭セル空）の4点を説明。ファイルデータの記載例集全体に共通する前提であり、design.mdの「テストデータの記載例」ページ（用途別実例をExcelとYAMLの対比で示す）の一部として、後続の各節（6.1〜6.3）と同じdest_sectionへMERGE（batch-11で当該ページの内容を全て使用方法に集約した先例を踏襲。この特殊2ページには機能概要相当のアウトラインがdesign.mdに定義されていないため）。
input-0038,input-0038,input,.rn/20260724-ntf-yaml-support/input/ntf-testdata-doc-examples-file.md,52,54,NTF テストデータ解説書 — 記述例（ファイルデータ） > 6.1 固定長ファイル > (L2直下),3,user,第3部 テストの実装方法,テストデータの記載例,使用方法,MERGE,「注文データのバッチ処理テスト。固定長の入力ファイルを読み込んで処理し、結果を固定長の出力ファイルに書き出すことを確認するケース」という6.1の導入文。判断ルール1により、後続の子セクション（Excel／YAML）と同じdest_sectionへMERGE。
input-0039,input-0039,input,.rn/20260724-ntf-yaml-support/input/ntf-testdata-doc-examples-file.md,56,72,NTF テストデータ解説書 — 記述例（ファイルデータ） > 6.1 固定長ファイル > Excel,17,user,第3部 テストの実装方法,テストデータの記載例,使用方法,MERGE,SETUP_FIXED=work/input.txt（ID／COUNTER／MESSAGE）とEXPECTED_FIXED=work/output.txtのExcel記述例（データ型行・フィールド長行・データ行を含む）。6.1ケースの具体例として使用方法へMERGE。
input-0040,input-0040,input,.rn/20260724-ntf-yaml-support/input/ntf-testdata-doc-examples-file.md,74,104,NTF テストデータ解説書 — 記述例（ファイルデータ） > 6.1 固定長ファイル > YAML,31,user,第3部 テストの実装方法,テストデータの記載例,使用方法,MERGE,同ケースのYAML記述例（setup_files:／expected_files:のrecords／fields／rows構造）。Excel例（input-0039）と対をなすYAML対比としてMERGE。
input-0041,input-0041,input,.rn/20260724-ntf-yaml-support/input/ntf-testdata-doc-examples-file.md,106,108,NTF テストデータ解説書 — 記述例（ファイルデータ） > 6.2 エンコーディング指定付き固定長ファイル > (L2直下),3,user,第3部 テストの実装方法,テストデータの記載例,使用方法,MERGE,「MS932エンコーディングで顧客データファイルを読み込むケース。ディレクティブでエンコーディングを明示指定します」という6.2の導入文。判断ルール1により子セクション（Excel／YAML）と同じdest_sectionへMERGE。
input-0042,input-0042,input,.rn/20260724-ntf-yaml-support/input/ntf-testdata-doc-examples-file.md,110,121,NTF テストデータ解説書 — 記述例（ファイルデータ） > 6.2 エンコーディング指定付き固定長ファイル > Excel,12,user,第3部 テストの実装方法,テストデータの記載例,使用方法,MERGE,SETUP_FIXED=input/data.dat（text-encoding=MS932ディレクティブ行、DATAレコードのUSER_ID／USER_NAME／AMOUNT）のExcel記述例と、「ディレクティブ行はレコード定義より前に記述します（キー|値の2セル構成）」という補足。6.2ケースの具体例として使用方法へMERGE。
input-0043,input-0043,input,.rn/20260724-ntf-yaml-support/input/ntf-testdata-doc-examples-file.md,123,144,NTF テストデータ解説書 — 記述例（ファイルデータ） > 6.2 エンコーディング指定付き固定長ファイル > YAML,22,user,第3部 テストの実装方法,テストデータの記載例,使用方法,MERGE,同ケースのYAML記述例（directives: text-encoding: MS932）と、「ディレクティブはdirectives:オブジェクトのkey: value形式で記述します」という補足。Excel例（input-0042）と対をなすYAML対比としてMERGE。
input-0044,input-0044,input,.rn/20260724-ntf-yaml-support/input/ntf-testdata-doc-examples-file.md,146,148,NTF テストデータ解説書 — 記述例（ファイルデータ） > 6.3 groupId 付き固定長ファイル > (L2直下),3,user,第3部 テストの実装方法,テストデータの記載例,使用方法,MERGE,「テストケースごとに異なる入力ファイルを使い分けるケース。groupIdなしがデフォルトの1件処理、case2が追加データありの複数件処理に対応します」という6.3の導入文。判断ルール1により子セクションと同じdest_sectionへMERGE。
input-0045,input-0045,input,.rn/20260724-ntf-yaml-support/input/ntf-testdata-doc-examples-file.md,150,166,NTF テストデータ解説書 — 記述例（ファイルデータ） > 6.3 groupId 付き固定長ファイル > Excel,17,user,第3部 テストの実装方法,テストデータの記載例,使用方法,MERGE,SETUP_FIXED=work/input.txtとSETUP_FIXED[case2]=work/input.txtの2ブロックによるExcel記述例、および「groupIdはSETUP_FIXED[case2]=パスのように指定します」という補足。6.3ケースの具体例として使用方法へMERGE。
input-0046,input-0046,input,.rn/20260724-ntf-yaml-support/input/ntf-testdata-doc-examples-file.md,168,198,NTF テストデータ解説書 — 記述例（ファイルデータ） > 6.3 groupId 付き固定長ファイル > YAML,31,user,第3部 テストの実装方法,テストデータの記載例,使用方法,MERGE,同ケースのYAML記述例（group_id: case2フィールドで2エントリを同一setup_files:リストに並べる）と、「groupIdはgroup_id:フィールドで指定します。省略するとグループIDなし（デフォルトグループ）扱いです」「groupIdなしとgroup_id: case2の2エントリが同一setup_files:リストに並びます」という補足。Excel例（input-0045）と対をなすYAML対比としてMERGE。
input-0075,input-0075,input,.rn/20260724-ntf-yaml-support/input/ntf-testdata-doc-examples-overview.md,2,4,NTF テストデータ解説書 — 記述例（概要・groupId） > (L1直下),3,user,,,,DROP,"空/アンカーのみ。本文は`<a name=""overview""></a>`というMarkdown内部アンカーと空行のみで、実体的な記述を一切含まない（ファイルタイトル自体はsrc_line=1の見出し行にあり本セクションのbody範囲には含まれない）。判断ルール1（RSTアンカーのみ・toctreeのみ・空のセクションはDROP）に準じてDROP。"
input-0076,input-0076,input,.rn/20260724-ntf-yaml-support/input/ntf-testdata-doc-examples-overview.md,6,8,NTF テストデータ解説書 — 記述例（概要・groupId） > 1. NTF テストデータ > (L2直下),3,user,第3部 テストの実装方法,テストデータの記載例,使用方法,MERGE,「リクエスト単体テスト（バッチ処理）の例。1ファイルにテストケース・セットアップ・検証が共存する」という節1の導入文。判断ルール1により子セクション（Excel／YAML）と同じdest_sectionへMERGE。
input-0077,input-0077,input,.rn/20260724-ntf-yaml-support/input/ntf-testdata-doc-examples-overview.md,10,35,NTF テストデータ解説書 — 記述例（概要・groupId） > 1. NTF テストデータ > Excel,26,user,第3部 テストの実装方法,テストデータの記載例,使用方法,MERGE,LIST_MAP=testShots（no／description／expectedStatusCode／setUpTable／expectedTable／setUpFile／expectedFile／diConfig／requestPath／userId／expectedLog）、SETUP_TABLE=ORDER_HEADER、EXPECTED_TABLE=ORDER_HEADER、LIST_MAP=expectedLogの4ブロックによるExcel記述例と、「種別はブロック先頭のラベルで決まる」という補足。1ファイルにテストケース・セットアップ・検証が共存する構成の具体例として使用方法へMERGE。
input-0078,input-0078,input,.rn/20260724-ntf-yaml-support/input/ntf-testdata-doc-examples-overview.md,37,92,NTF テストデータ解説書 — 記述例（概要・groupId） > 1. NTF テストデータ > YAML,56,user,第3部 テストの実装方法,テストデータの記載例,使用方法,MERGE,同ケースのYAML記述例（list_maps:／setup_tables:／expected_tables:のトップレベルキー構成）と、「種別はトップレベルキーで決まる」「任意IDのlist_maps:エントリも同一ファイルに共存できる」「同一のlist_maps:キーには複数エントリをリストとして並べる」という3点の補足。Excel例（input-0077）と対をなすYAML対比としてMERGE。要確認: body末尾に`> [要確認] description カラムがExcel例（注文カウンタが正しくインクリメントされます）とYAML例（正しく更新されます）で食い違う。両形式は同一データを表すべきなのでどちらかが誤り。正しい文言を確認のうえ揃える。`という原資料内の既知の不整合指摘がそのまま残っている。ページ化時に文言をどちらかへ統一する必要があり、要確認事項としてそのままMERGEするが後工程での対応が必要。
input-0079,input-0079,input,.rn/20260724-ntf-yaml-support/input/ntf-testdata-doc-examples-overview.md,94,103,NTF テストデータ解説書 — 記述例（概要・groupId） > 4.3 セクションのグループ化（groupId） > (L2直下),10,user,第3部 テストの実装方法,テストデータの記載例,使用方法,MERGE,「テストケースごとに異なるセットアップ／検証データを使い分けるシナリオ。testShotsのsetUpTable／expectedTableカラムに書いた値がgroupIdとなり、そのgroupIdが付いたセクションだけが対象になる」という導入文と、ケース1（正常注文）／ケース2（大量注文）のsetUpTableとSETUP_TABLE[...]対応を示す表、およびexpectedTableについての同様の補足文。(L2直下)セクションだが実質的な説明を含む。判断ルール1により、見出し階層上は同じ4.3の子である後続のExcel／YAMLセクションと同じdest_sectionへMERGE。
input-0080,input-0080,input,.rn/20260724-ntf-yaml-support/input/ntf-testdata-doc-examples-overview.md,105,135,NTF テストデータ解説書 — 記述例（概要・groupId） > 4.3 セクションのグループ化（groupId） > Excel,31,user,第3部 テストの実装方法,テストデータの記載例,使用方法,MERGE,「groupIdはセクションラベルの[...]で表す」という説明と、LIST_MAP=testShots（case01／case02）、SETUP_TABLE[case01]=ORDER_DETAIL、EXPECTED_TABLE[case01]=ORDER_DETAIL、SETUP_TABLE[case02]=ORDER_DETAIL、EXPECTED_TABLE[case02]=ORDER_DETAILの5ブロックによるExcel記述例。4.3ケースの具体例として使用方法へMERGE。
input-0081,input-0081,input,.rn/20260724-ntf-yaml-support/input/ntf-testdata-doc-examples-overview.md,137,194,NTF テストデータ解説書 — 記述例（概要・groupId） > 4.3 セクションのグループ化（groupId） > YAML,58,user,第3部 テストの実装方法,テストデータの記載例,使用方法,MERGE,「groupIdは各セクションのgroup_idキーで表す」という説明と、同ケースのYAML記述例（list_maps:／setup_tables:／expected_tables:各エントリにgroup_id: case01／case02を付与）。Excel例（input-0080）と対をなすYAML対比としてMERGE。
input-0047,input-0047,input,.rn/20260724-ntf-yaml-support/input/ntf-testdata-doc-examples-file.md,200,202,NTF テストデータ解説書 — 記述例（ファイルデータ） > 6.4 可変長ファイル > (L2直下),3,user,第3部 テストの実装方法,テストデータの記載例,使用方法,MERGE,6.4可変長ファイルの導入文（L2直下）。「CSV形式の顧客データファイルを入力として使うケース。フィールド区切り文字をディレクティブで指定します。」という1文のみ。判断ルール2により後続のExcel／YAML例（input-0048〜0051）と同じdest_sectionへMERGE。
input-0048,input-0048,input,.rn/20260724-ntf-yaml-support/input/ntf-testdata-doc-examples-file.md,204,212,NTF テストデータ解説書 — 記述例（ファイルデータ） > 6.4 可変長ファイル > Excel,9,user,第3部 テストの実装方法,テストデータの記載例,使用方法,MERGE,6.4可変長ファイルのExcel記述例。SETUP_VARIABLE=input/data.csvの識別子とfield-separatorディレクティブ（カンマ）、DATAレコード（USER_ID/USER_NAME/AMOUNT、半角/全角/半角）とデータ2行（001 山田太郎 5000／002 鈴木花子 3000）の表。input-0049のYAML例と対をなす記載例としてMERGE。
input-0049,input-0049,input,.rn/20260724-ntf-yaml-support/input/ntf-testdata-doc-examples-file.md,214,245,NTF テストデータ解説書 — 記述例（ファイルデータ） > 6.4 可変長ファイル > YAML,32,user,第3部 テストの実装方法,テストデータの記載例,使用方法,MERGE,"input-0048と対をなすYAML記述例（setup_files:のpath/type: variable/directives field-separator/records DATAのfields・rows）。続けて「固定長との差異はtype: fixed／type: variableとlengthの有無だけ」という補足と、H4小見出し「クォート付きフィールド（カンマを含む値）の扱い」でquoting-delimiterディレクティブ未指定時のエラー例（number of input fields was invalid...）と対応方法（quoting-delimiter: ""\""""の追加）を説明する文章を含む。この小見出し以下は次のinput-0050/0051の記載例（quoting-delimiter付き）の前置き解説であり、同一L3セクション（YAML）の本文としてまとめてMERGE。"
input-0050,input-0050,input,.rn/20260724-ntf-yaml-support/input/ntf-testdata-doc-examples-file.md,247,255,NTF テストデータ解説書 — 記述例（ファイルデータ） > 6.4 可変長ファイル > Excel,9,user,第3部 テストの実装方法,テストデータの記載例,使用方法,MERGE,"quoting-delimiter使用時のExcel記述例。EXPECTED_VARIABLE=output/data.csvの識別子、field-separatorとquoting-delimiter（""）のディレクティブ、DATAレコード（USER_ID/NOTE/AMOUNT、いずれも半角）とカンマを含む値をダブルクォートで囲んだデータ行（001 ""hello, world"" 5000）の表。input-0051のYAML例と対をなす記載例としてMERGE。"
input-0051,input-0051,input,.rn/20260724-ntf-yaml-support/input/ntf-testdata-doc-examples-file.md,257,283,NTF テストデータ解説書 — 記述例（ファイルデータ） > 6.4 可変長ファイル > YAML,27,user,第3部 テストの実装方法,テストデータの記載例,使用方法,MERGE,"input-0050と対をなすYAML記述例（expected_files:のfield-separator/quoting-delimiterディレクティブ、DATAのfields・rowsでダブルクォートを\""\""と二重エスケープした値）。続けて「quoting-delimiterに指定できるのは1文字のみ」「クォート内のダブルクォートは""""と二重に書いてエスケープする（RFC 4180準拠）」という記法上の補足箇条書きと、「> **根拠**: VariableLengthDataRecordFormatterがquoting-delimiterディレクティブを持ち、VariableLengthDirective.VALUESにも含まれているため...（VariableLengthFileParser.isDirective()でVALUES.containsKey(key)により認識される）」という、NTF内部クラス名を挙げてディレクティブの正当性を裏付ける引用ブロックを含む。この引用は内部実装クラスの参照だが、本セクションの主要部分（YAML記載例と記法補足）は利用者向けの記載例であり、マッピング粒度（L3相当）としてセクション全体をMERGEする。「根拠」引用部分はページ執筆時に転記要否を判断する必要がある。"
input-0052,input-0052,input,.rn/20260724-ntf-yaml-support/input/ntf-testdata-doc-examples-file.md,285,287,NTF テストデータ解説書 — 記述例（ファイルデータ） > 6.5 複数レコードレイアウト > (L2直下),3,user,第3部 テストの実装方法,テストデータの記載例,使用方法,MERGE,6.5複数レコードレイアウトの導入文（L2直下）。「1ファイルにHEADERレコードとDATAレコードが混在する振込依頼ファイルを扱うケース。」という1文のみ。判断ルール2により後続のExcel／YAML例（input-0053・0054）と同じdest_sectionへMERGE。
input-0053,input-0053,input,.rn/20260724-ntf-yaml-support/input/ntf-testdata-doc-examples-file.md,289,302,NTF テストデータ解説書 — 記述例（ファイルデータ） > 6.5 複数レコードレイアウト > Excel,14,user,第3部 テストの実装方法,テストデータの記載例,使用方法,MERGE,複数レコードレイアウトのExcel記述例。SETUP_FIXED=input/multi.datの識別子、HEADERレコード（SEQ/TYPE、X型、4/2桁、値H001/01）とDATAレコード（USER_ID/AMOUNT/NOTE、X/Z/N型、10/10/20桁、値001/5000/備考）の2レコード種別を1セクション内に続けて記載した表と、「同一セクション内でレコード種別+フィールド名称行を続けて書くと、複数レコードレイアウトになります。」という補足。input-0054のYAML例と対をなす記載例としてMERGE。
input-0054,input-0054,input,.rn/20260724-ntf-yaml-support/input/ntf-testdata-doc-examples-file.md,304,330,NTF テストデータ解説書 — 記述例（ファイルデータ） > 6.5 複数レコードレイアウト > YAML,27,user,第3部 テストの実装方法,テストデータの記載例,使用方法,MERGE,input-0053と対をなすYAML記述例（setup_files:のtype: fixed、records:配列にHEADER/DATAの2レコードレイアウトをfields・rows付きで並べる構成）と、「records:配列に複数のレコードレイアウトを並べます。」という補足。MERGE。
input-0055,input-0055,input,.rn/20260724-ntf-yaml-support/input/ntf-testdata-doc-examples-file.md,332,334,NTF テストデータ解説書 — 記述例（ファイルデータ） > 6.6 空ファイル > (L2直下),3,user,第3部 テストの実装方法,テストデータの記載例,使用方法,MERGE,6.6空ファイルの導入文（L2直下）。「出力ファイルがゼロ件のときに0バイトの空ファイルを生成することを確認するケース。」という1文のみ。判断ルール2により後続のExcel／YAML例（input-0056・0057）と同じdest_sectionへMERGE。
input-0056,input-0056,input,.rn/20260724-ntf-yaml-support/input/ntf-testdata-doc-examples-file.md,336,342,NTF テストデータ解説書 — 記述例（ファイルデータ） > 6.6 空ファイル > Excel,7,user,第3部 テストの実装方法,テストデータの記載例,使用方法,MERGE,空ファイルのExcel記述例。SETUP_FIXED=input/empty.datの識別子とtext-encoding（MS932）ディレクティブのみの表と、「ディレクティブ行のみ記述してレコード定義以降を省略します。」という補足。input-0057のYAML例と対をなす記載例としてMERGE。
input-0057,input-0057,input,.rn/20260724-ntf-yaml-support/input/ntf-testdata-doc-examples-file.md,344,354,NTF テストデータ解説書 — 記述例（ファイルデータ） > 6.6 空ファイル > YAML,11,user,第3部 テストの実装方法,テストデータの記載例,使用方法,MERGE,input-0056と対をなすYAML記述例（setup_files:のtype: fixed、directives text-encoding: MS932、records: []で空配列を指定）と、「レコードはrecords: []と空配列で記述します。」という補足。MERGE。
current-0153,current-0153,current,ja/development_tools/testing_framework/guide/development_guide/05_UnitTestGuide/03_DealUnitTest/send_sync.rst,1,2,(冒頭),2,user,,,,DROP,本文は「.. _dealUnitTest_send_sync:」というRST内部アンカーラベルと空行のみで、実体的な記述がない。新規ページ作成時に:refラベルを付与し直せば足りるため対応不要。判断ルール1によりDROP。
current-0154,current-0154,current,ja/development_tools/testing_framework/guide/development_guide/05_UnitTestGuide/03_DealUnitTest/send_sync.rst,6,46,同期応答メッセージ送信処理を伴う取引単体テストの実施方法 > (L1直下),41,user,第3部 テストの実装方法,取引単体テスト（MOMによるメッセージング）,機能概要,MOVE,#6でdesign.md §4「4. 第3部 テストの実装方法」が確定し、取引単体テスト（MOMによるメッセージング）は独立ページとして維持されることが確定した（checks/task-06.md③未処理2参照）。dest_page/dest_sectionは変更せず、以下は確定した割当理由として残す。design.md §10未確定事項#2により取引単体テストのページ構成は文量集計後に確定するため、vocabulary.mdの暫定語彙「取引単体テスト（MOMによるメッセージング）」を使用（本ファイルは「同期応答メッセージ送信処理」＝MOMによるメッセージングを扱うためcurrent-0321の判断と同型）。ページ冒頭の機能概要。同期応答メッセージ送信処理を伴うウェブアプリケーションで取引単体テストを行う場合、Nablarch提供のモックアップクラスを使用する旨、通常の処理フロー図（send_sync_online_base.png）とモックアップクラス使用時の処理フロー図（send_sync_online_mock.png）、モックアップクラスが提供する3機能（任意の応答電文を返却する機能／要求電文をログに出力する機能／障害系のテストを行う機能）の箇条書き説明、キュー不要でミドルウェア環境設定なしに取引単体テストができる旨、脚注[#f1]（「要求電文」「応答電文」の用語定義）。design.md第3部の機能概要「このページで何ができるようになるか」に該当しMOVE。
current-0155,current-0155,current,ja/development_tools/testing_framework/guide/development_guide/05_UnitTestGuide/03_DealUnitTest/send_sync.rst,50,63,同期応答メッセージ送信処理を伴う取引単体テストの実施方法 > モックアップクラスを使用した取引単体テストの実施方法 > (L2直下),14,user,第3部 テストの実装方法,取引単体テスト（MOMによるメッセージング）,使用方法,MOVE,dest_pageの判断根拠はcurrent-0154のnoteを参照（#6で確定）。「モックアップクラスを使用した取引単体テストの実施方法」章の導入文（L2直下）。モックアップクラス使用時、応答電文のフォーマットおよびデータをExcelファイルに定義し、要求電文についてはフォーマットのみ定義する旨、ExcelファイルはリクエストIDごとに用意しファイル名をリクエストIDと一致させる規則（例: RM21AA0101→RM21AA0101.xlsx）、ファイルの配置ディレクトリは設定ファイルに定義し詳細は:ref:`send_sync_test_data_path`（current-0158側）を参照という導線、脚注[#f2]（ここでのリクエストIDはメッセージ送信先システムの機能を一意に識別するIDであり、ウェブアプリケーションやバッチのリクエストIDとは意味が異なるという用語注記）。直後の子セクション（current-0156の分割a/b/c、current-0157、current-0158）はテストデータの書き方・取引単体テスト使用方法・設定の各ページに分かれるため判断ルール2の「同じdest_section」を機械的には適用できないが、内容自体はExcelファイルをリクエストIDごとに用意して配置するという手順の橋渡し（テストデータを作成する使用方法の一部）であり、記法の仕様書ではないためテストデータの書き方ではなく取引単体テスト（MOMによるメッセージング）の使用方法へMOVE。
current-0156-a,current-0156,current,ja/development_tools/testing_framework/guide/development_guide/05_UnitTestGuide/03_DealUnitTest/send_sync.rst,67,172,同期応答メッセージ送信処理を伴う取引単体テストの実施方法 > モックアップクラスを使用した取引単体テストの実施方法 > Excelファイルの書き方,106,user,第3部 テストの実装方法,テストデータの書き方,使用方法,SPLIT,split-plan.md（current-0156検索）で承認済みの分割の1つ目。Excelファイル記述ルール4項目（シート名は「message」固定／返却する応答電文のFW制御ヘッダ・本文のフォーマットを定義／同データを定義／要求電文のFW制御ヘッダ・本文のフォーマットを定義）、「書き方の例」（send_sync_test_data.jpgの画像参照）、「電文のフォーマットおよびデータの記載方法」（識別子／ディレクティブ行／no／フィールド名称／データ型／フィールド長／データの表形式、脚注f3〜f5、識別子の書式4種＝EXPECTED_REQUEST_HEADER_MESSAGES等＝リクエストIDの説明表、データ型はBasicDataTypeMappingのDEFAULT_TABLE参照との案内、ディレクティブ記述不要な項目file-type／record-lengthの表（脚注f6））、および「フィールド名称、データ型、フィールド長の記述は、外部インタフェース設計書からコピー＆ペーストすることで効率良く作成できる」というtip。電文フォーマット・記法の説明であり、current-0126・current-0189と同じテストデータの書き方ページへ合流させる方針（split-plan.md）に基づきSPLIT。
current-0156-b,current-0156,current,ja/development_tools/testing_framework/guide/development_guide/05_UnitTestGuide/03_DealUnitTest/send_sync.rst,173,198,同期応答メッセージ送信処理を伴う取引単体テストの実施方法 > モックアップクラスを使用した取引単体テストの実施方法 > Excelファイルの書き方,26,user,第3部 テストの実装方法,取引単体テスト（MOMによるメッセージング）,使用方法,SPLIT,dest_pageの判断根拠はcurrent-0154のnoteを参照（#6で確定）。split-plan.md（current-0156検索）で承認済みの分割の2つ目。小見出し「Excelファイルの再読み込み」。モックアップクラスはExcelファイルを手動編集してテストをやり直すケースや同じデータで繰り返しテストを行うケースを想定し、Excelファイルのタイムスタンプが更新された場合にファイルを再読み込みする機能を提供する旨、通常は応答電文を返却するたびにnoがインクリメントされアプリケーションサーバ起動中は初期化されない旨、その挙動を示す画像（send_sync_test_data_no.png）、Excelファイルの編集・上書きによりタイムスタンプを更新すればサーバ起動中でも再読み込みできる旨とその例の画像（send_sync_response_count_change.png）。モックアップクラス固有の再読み込み挙動の説明であり、記法ではないため元の宛先（取引単体テストの使用方法ページ）に残す、というsplit-plan.mdの判断どおりSPLIT。
current-0156-c,current-0156,current,ja/development_tools/testing_framework/guide/development_guide/05_UnitTestGuide/03_DealUnitTest/send_sync.rst,199,220,同期応答メッセージ送信処理を伴う取引単体テストの実施方法 > モックアップクラスを使用した取引単体テストの実施方法 > Excelファイルの書き方,22,user,第3部 テストの実装方法,テストデータの書き方,使用方法,SPLIT,split-plan.md（current-0156検索）で承認済みの分割の3つ目。小見出し「障害系のテスト」。応答電文の本文の表の最初のフィールドに「errorMode:」から始まる特定の値を設定することで障害系のテストを行える旨、設定値と対応の表（errorMode:timeout→メッセージ送信中のタイムアウトエラーのテスト・sendSyncメソッドの戻り値としてnullを返却／errorMode:msgException→メッセージ送受信エラーのテスト・MessagingExceptionをスロー）、記載例の画像（send_sync_test_data_error.png）。`errorMode:`による障害系テストの記法であり、current-0126の同種記法と同じテストデータの書き方ページへ合流させる方針（split-plan.md）に基づきSPLIT。
current-0157,current-0157,current,ja/development_tools/testing_framework/guide/development_guide/05_UnitTestGuide/03_DealUnitTest/send_sync.rst,224,276,同期応答メッセージ送信処理を伴う取引単体テストの実施方法 > モックアップクラスを使用した取引単体テストの実施方法 > 要求電文のログ出力,53,user,第3部 テストの実装方法,取引単体テスト（MOMによるメッセージング）,使用方法,MOVE,dest_pageの判断根拠はcurrent-0154のnoteを参照（#6で確定）。要求電文のログ出力機能。要求電文のログはMap形式（デバッグ用）とCSV形式（エビデンス取得用）で出力される旨、サンプルではMap形式を標準出力とアプリケーションログファイルに、CSV形式を専用ログファイルに出力する仕様だがログ設定の修正で出力先を切り替え可能な旨、Map形式のログ出力例（MESSAGING_SEND_MAPのcode-block）とCSV形式のログ出力例（MESSAGING_SEND_CSVのcode-block、header/bodyのCSV行）、ログの出力設定はlog.propertiesで行うとしその設定例（writer.MESSAGING_CSV／loggers.MESSAGING_CSV／loggers.MESSAGING_MAPの各プロパティのcode-block）を示す。取引単体テストのエビデンス確認（テスト結果を確認する使用方法）に該当する内容としてMOVE。
current-0158,current-0158,current,ja/development_tools/testing_framework/guide/development_guide/05_UnitTestGuide/03_DealUnitTest/send_sync.rst,280,383,同期応答メッセージ送信処理を伴う取引単体テストの実施方法 > モックアップクラスを使用した取引単体テストの実施方法 > フレームワークで使用するクラスの設定,104,user,第2部 導入と設定,取引単体テストの設定（MOMによるメッセージング）,使用方法,MOVE,#6でdesign.md §3「3. 第2部 導入と設定」が確定し、取引単体テストの設定は実データのある3処理方式（RESTfulウェブサービス／HTTPメッセージング／MOMによるメッセージング）のみページ化することが確定した。MOMによるメッセージングは対象に含まれるため、取引単体テストの設定（MOMによるメッセージング）ページは正式に確定する（checks/task-06.md①③参照）。dest_page/dest_sectionは変更せず、以下は確定した割当理由として残す。vocabulary.md（94〜98行）が「第2部 導入と設定 > 取引単体テストの設定（MOMによるメッセージング）」の割当根拠として「current-0158の暫定値（後述）」と明記しているページ。冒頭で「これらの設定は取引単体テストでのみ必要な設定である。そのため、テスト用のプロファイルにこれらを設定する」「環境ごとにコンポーネントを切り替える方法については:ref:`how_to_change_componet_define`参照」「通常、これらの設定はアーキテクトが行うものでありアプリケーションプログラマが設定する必要はない」と明記。以下4小見出し。(1)モックアップクラスの設定：コンポーネント設定ファイルにmessagingProvider=nablarch.test.core.messaging.MockMessagingProviderを設定するXML例。(2)Excelファイルの配置場所の設定（アンカーsend_sync_test_data_path）：filePathSettingコンポーネントでbasePathSettings（sendSyncTestData/formatのパス）とfileExtensions（拡張子xlsx/fmt）を設定するXML例、配置イメージ画像（send_sync_test_data_structure.png）、配置パスはクラスパスでなくファイルシステムパス（file:）を推奨する旨のtip。(3)テストデータ解析クラスの設定：messagingTestDataParserコンポーネント（xlsReaderForPoi、messagingTestInterpretersリスト）を設定するXML例。(4)必要な単体テストライブラリのpom.xmlへの追加：nablarch-testing依存関係（除外設定含む）の追加例。いずれもアーキテクトが行うコンポーネント設定・ビルド設定でありMOVE。
input-0082,input-0082,input,.rn/20260724-ntf-yaml-support/input/ntf-testdata-doc-examples-special.md,2,6,NTF テストデータ解説書 — 記述例（特殊値・ディレクティブ・ヘッダ） > (L1直下),5,user,第3部 テストの実装方法,テストデータの記載例,使用方法,MERGE,文書全体の導入文。「特殊値・インタープリタ、ファイルディレクティブ、ヘッダ／コメント／空エントリのExcel・YAML記法を項目ごとに引く。各項目ともExcelとYAMLの対応例を並べ、末尾に制約を示す」旨を説明。判断ルール1により後続の子セクション（8.1〜11.2）と同じdest_sectionへ。design.mdの「テストデータの記載例」ページ（用途別実例をExcelとYAMLの対比で示す）の導入部としてMERGE。batch-11のinput-0058（同シリーズ資料の導入文）と同型。
input-0083,input-0083,input,.rn/20260724-ntf-yaml-support/input/ntf-testdata-doc-examples-special.md,10,58,NTF テストデータ解説書 — 記述例（特殊値・ディレクティブ・ヘッダ） > 8. 特殊値・インタープリタ > 8.1 日付型・Timestamp・特殊値,49,user,第3部 テストの実装方法,テストデータの記載例,使用方法,MERGE,EXPECTED_TABLEで日付・タイムスタンプ・NULL・システム日時を使うケースのExcel・YAML記述例（BasicTestDataParserTest.xlsのconvertedValuesシート参照）。制約として、NULL文字列のNullInterpreterによるJava null変換（大文字小文字不問、YAMLはアンクォート必須）、${systemTime}が完全一致のみ変換される旨、java.sql.Timestamp型は末尾.0が必須である旨を説明。8.1ケースの具体例として使用方法へMERGE。【要確認】本文中に原文の「[要確認] ${updateTime}・${setUpTime}（行4）が解決する値の定義が本ファイルにない。${systemTime}との違いと対応するインタープリタを確認のうえ補う。」という未解決の確認事項が含まれる。ページ作成時に別途確認が必要。
input-0084,input-0084,input,.rn/20260724-ntf-yaml-support/input/ntf-testdata-doc-examples-special.md,60,87,NTF テストデータ解説書 — 記述例（特殊値・ディレクティブ・ヘッダ） > 8. 特殊値・インタープリタ > 8.2 QuotationTrimmer によるスペース値明示記法,28,user,第3部 テストの実装方法,テストデータの記載例,使用方法,MERGE,"空白値やダブルクォート文字を明示して記述するケースのExcel・YAML記述例。制約として、Excelは半角/全角ダブルクォートで前後を囲むと外側1層のみ除去される旨、YAMLは""\""""または'""'でダブルクォート文字を記述する旨を説明。8.2ケースの具体例として使用方法へMERGE。"
input-0085,input-0085,input,.rn/20260724-ntf-yaml-support/input/ntf-testdata-doc-examples-special.md,89,120,NTF テストデータ解説書 — 記述例（特殊値・ディレクティブ・ヘッダ） > 8. 特殊値・インタープリタ > 8.3 バイナリデータ,32,user,第3部 テストの実装方法,テストデータの記載例,使用方法,MERGE,BLOBカラムにバイナリデータを記述するケースのExcel・YAML記述例（0xプレフィクス付き16進数、${binaryFile:パス}記法）。制約として、0xプレフィクスがない場合は文字列としてエンコードされる旨を説明。8.3ケースの具体例として使用方法へMERGE。
input-0086,input-0086,input,.rn/20260724-ntf-yaml-support/input/ntf-testdata-doc-examples-special.md,124,163,NTF テストデータ解説書 — 記述例（特殊値・ディレクティブ・ヘッダ） > 9. ディレクティブ > 9.1 固定長ファイルのディレクティブ,40,user,第3部 テストの実装方法,テストデータの記載例,使用方法,MERGE,エンコーディング（text-encoding）とゾーン10進数の符号ニブル（positive-zone-sign-nibble）を指定するケースのExcel・YAML記述例。制約として、Excelはディレクティブ行を「キー|値」2セルで記述しYAMLはdirectives:オブジェクトのkey: value形式である旨、file-typeとrecord-lengthは自動設定のため通常不要な旨、無効なディレクティブキーはIllegalArgumentExceptionがスローされる旨を説明。9.1ケースの具体例として使用方法へMERGE。
input-0087,input-0087,input,.rn/20260724-ntf-yaml-support/input/ntf-testdata-doc-examples-special.md,165,205,NTF テストデータ解説書 — 記述例（特殊値・ディレクティブ・ヘッダ） > 9. ディレクティブ > 9.2 可変長ファイルのディレクティブ,41,user,第3部 テストの実装方法,テストデータの記載例,使用方法,MERGE,"タブ区切り・CRLF改行のファイルを扱うケースのExcel・YAML記述例。制約として、タブ文字の記法がExcel（\t の2文字）とYAML（""\\t""）で異なる旨、record-separatorの有効値（NONE/CR/LF/CRLF/任意リテラル）、field-separatorは1文字のみ有効で2文字以上はIllegalArgumentExceptionがスローされる旨を説明。9.2ケースの具体例として使用方法へMERGE。"
input-0088,input-0088,input,.rn/20260724-ntf-yaml-support/input/ntf-testdata-doc-examples-special.md,209,246,NTF テストデータ解説書 — 記述例（特殊値・ディレクティブ・ヘッダ） > 10. ヘッダ・コメント・空エントリ > 10.1 コメントとマーカーカラム,38,user,第3部 テストの実装方法,テストデータの記載例,使用方法,MERGE,コメント行とマーカーカラムのExcel・YAML記述例。制約として、Excelは//で始まる行が丸ごとスキップされ行内コメントも切り捨てられる旨（Excel固有）、YAMLは標準の#コメント構文を使う旨、[no]・[desc]等の角括弧カラムはマーカーカラムでDB操作から除外されYAMLではダブルクォートで囲む旨を説明。10.1ケースの具体例として使用方法へMERGE。
input-0089,input-0089,input,.rn/20260724-ntf-yaml-support/input/ntf-testdata-doc-examples-special.md,248,281,NTF テストデータ解説書 — 記述例（特殊値・ディレクティブ・ヘッダ） > 10. ヘッダ・コメント・空エントリ > 10.2 空エントリのスキップ,34,user,第3部 テストの実装方法,テストデータの記載例,使用方法,MERGE,全要素がnullまたは空文字のエントリが読み飛ばされるケースのExcel・YAML記述例。制約として、Excelは全セルが空の行が自動的にスキップされる旨、YAMLはキー省略のため空エントリを記述する機会がほとんどなく空行を挿入しても無視される旨を説明。10.2ケースの具体例として使用方法へMERGE。
input-0090,input-0090,input,.rn/20260724-ntf-yaml-support/input/ntf-testdata-doc-examples-special.md,283,285,NTF テストデータ解説書 — 記述例（特殊値・ディレクティブ・ヘッダ） > 11. DB アサート > (L2直下),3,user,第3部 テストの実装方法,テストデータの記載例,使用方法,MERGE,「テーブルアサートの記法・省略カラムの扱い・主キー突合はntf-testdata-doc-examples-table.mdと本体仕様（ntf-testdata-doc.md 5.4）に詳しい。ここではDBアサート固有の挙動だけを示す」という導入文。一般的な記法仕様は既存の別資料が担うと明言したうえで、本セクション（11.1/11.2）は具体的な挙動の実例に限定する旨を宣言する内容であり、実質的に用途別実例（記載例ページ）の性格を持つ。判断ルール1により子セクション（11.1・11.2）と同じdest_sectionへMERGE。
input-0091,input-0091,input,.rn/20260724-ntf-yaml-support/input/ntf-testdata-doc-examples-special.md,287,316,NTF テストデータ解説書 — 記述例（特殊値・ディレクティブ・ヘッダ） > 11. DB アサート > 11.1 テーブルアサート（順序不問・主キー突合・全件列挙）,30,user,第3部 テストの実装方法,テストデータの記載例,使用方法,MERGE,EXPECTED_TABLEの行照合の動作（期待行とDB行はDBの主キーで対応付けられ記述順とDB格納順が違っても突合される、対象テーブルのDB行は全件列挙が必要で部分検証はできない）を説明したうえで、USERテーブル2行を前提としたExcel・YAML記述例を示す。主キーが自動採番の場合は複数行検証が成立しない旨の注意も含む。冒頭の「動作」説明部分は本体仕様（ntf-testdata-doc.md 5.4、入力側の記述によれば既に別資料で説明済み）と重なる可能性があるが、input-0090が明言するとおり本節はその具体例（DBアサート固有の挙動を示す実例）としての位置づけであり、design.mdが定める「書き方」（抽象仕様）／「記載例」（用途別実例）の意図的な2ページ構成上、記載例側で具体例に即した制約を再掲するのは想定内のためbatch-11のinput-0062等と同様に分割せずMERGE。
input-0092,input-0092,input,.rn/20260724-ntf-yaml-support/input/ntf-testdata-doc-examples-special.md,318,330,NTF テストデータ解説書 — 記述例（特殊値・ディレクティブ・ヘッダ） > 11. DB アサート > 11.2 EXPECTED_COMPLETE_TABLE（省略カラムにデフォルト値補完）,13,user,第3部 テストの実装方法,テストデータの記載例,使用方法,MERGE,"省略したカラムにデフォルト値を補完してから比較するEXPECTED_COMPLETE_TABLEのYAML記述例（Excel例はなし。USERテーブルでAGE等省略カラムが数値型ならデフォルト値""0""で補完される旨のコメント）。文書全体の他項目と同じ「用途別のケース＋記述例」の構成であり、11.1と同じくDBアサート固有の挙動の実例として使用方法へMERGE。"
current-0352,current-0352,current,ja/development_tools/testing_framework/guide/development_guide/08_TestTools/02_MasterDataSetup/01_MasterDataSetupTool.rst,1,2,(冒頭),2,user,,,,DROP,"本文は"".. _master_data_setup_tool:""というRSTアンカーラベルと空行のみで、説明文・前提事項等の地の文を一切含まない。判断ルール1（RSTアンカーのみのセクションはDROP）に該当。"
current-0353,current-0353,current,ja/development_tools/testing_framework/guide/development_guide/08_TestTools/02_MasterDataSetup/01_MasterDataSetupTool.rst,9,13,マスタデータ投入ツール > 概要,5,user,第4部 ツール,マスタデータ投入ツール,機能概要,MOVE,「概要」節の本文。「データベースにマスタデータを投入する機能を提供する。」という1文のみで、本ツールの全体像（何をするツールか）を説明する。design.mdの機能概要（全体像）に相当するためMOVE。
current-0354,current-0354,current,ja/development_tools/testing_framework/guide/development_guide/08_TestTools/02_MasterDataSetup/01_MasterDataSetupTool.rst,16,28,マスタデータ投入ツール > 特徴,13,user,第4部 ツール,マスタデータ投入ツール,機能概要,MOVE,「特徴」節の本文。自動テストのテストデータと同じ形式で記述できる旨、コンポーネント設定ファイルを使うので別途設定ファイル不要な旨、バックアップ用スキーマへの同時データ投入が可能な旨（脚注でマスタデータ復旧機能のバックアップ用スキーマの説明を補足）を箇条書きで示し、importantでマルチスレッド機能に対応せずマルチスレッドのテストは結合テスト等の別手段で行うべき旨を説明。design.mdの機能概要（全体像・前提事項）に相当する内容のため分割せず全体をMOVE。なお末尾のimportant（マルチスレッド非対応）はbatch-11のcurrent-0365（index.rstのimportant、同一文言、同じくマスタデータ投入ツールページの機能概要へMOVE済み）と内容が重複するが、本セクションの箇条書き（特徴3点）と脚注はindex.rst側にはない固有情報であるため、セクション単位の粒度に従いDROPせずMOVEする。ページ作成時に重複箇所の統合が必要。
current-0355,current-0355,current,ja/development_tools/testing_framework/guide/development_guide/08_TestTools/02_MasterDataSetup/01_MasterDataSetupTool.rst,34,36,マスタデータ投入ツール > 使用方法 > 前提条件,3,user,第4部 ツール,マスタデータ投入ツール,使用方法,REFERENCE,「前提条件」節の本文。「:doc:`02_ConfigMasterDataSetupTool`の:ref:`master_data_setup_prerequisite`参照」という1文のみで、独自の説明を持たず別ファイル（マスタデータ投入ツールの設定手順を扱う02_ConfigMasterDataSetupTool.rst、batch-23で処理対象）の前提条件節への参照のみの短い節。batch-15のcurrent-0064等と同型の参照のみの節のためREFERENCEとし、使用方法へ割り当てる。
current-0356,current-0356,current,ja/development_tools/testing_framework/guide/development_guide/08_TestTools/02_MasterDataSetup/01_MasterDataSetupTool.rst,39,42,マスタデータ投入ツール > 使用方法 > データ作成方法,4,user,第4部 ツール,マスタデータ投入ツール,使用方法,MOVE,「データ作成方法」節の本文。投入したいデータをMASTER_DATA.xlsxに記載する旨、記載方法は自動テストと同じである旨を説明し、詳細記法は:ref:`how_to_write_setup_table`（テストデータの書き方ページに相当するラベル）を参照させる。実体的な指示（投入先ファイル名・自動テストと同じ形式）を含むためMOVE。テストデータの書き方ページへの参照文を含むため、ページ作成時にはdesign.md「書き方」から「記載例」へのリンク必須ルールと対をなす形でリンクを残すこと。
current-0357,current-0357,current,ja/development_tools/testing_framework/guide/development_guide/08_TestTools/02_MasterDataSetup/01_MasterDataSetupTool.rst,45,71,マスタデータ投入ツール > 使用方法 > 実行方法,27,user,第4部 ツール,マスタデータ投入ツール,使用方法,MOVE,「実行方法」節の本文。Antビューから実行したいターゲットをダブルクリックする操作手順、Antビュー設定への参照tip、image（build_file_in_view.png）、およびターゲット一覧表（データ投入(main)/データ投入(test)/マスタデータ投入の3ターゲットの説明）を含む。design.mdの使用方法（テストを実行できるようにする）に相当する実体的な手順のためMOVE。
current-0001,current-0001,current,ja/development_tools/testing_framework/guide/development_guide/05_UnitTestGuide/01_ClassUnitTest/01_entityUnitTest/01_entityUnitTestWithBeanValidation.rst,1,2,(冒頭),2,user,,,,DROP,「.. _entityUnitTestWithBeanValidation:」というRST内部参照ラベルと直後の空行のみで、地の文を持たない。判断ルール1によりDROP。新構成のページ作成時に:refラベルを付与し直せば足りるため対応不要。batch-22のcurrent-0011（Nablarch Validation版の同型冒頭）と同型の判断。
current-0002,current-0002,current,ja/development_tools/testing_framework/guide/development_guide/05_UnitTestGuide/01_ClassUnitTest/01_entityUnitTest/01_entityUnitTestWithBeanValidation.rst,6,12,Bean Validationに対応したForm/Entityのクラス単体テスト > (L1直下),7,user,第3部 テストの実装方法,エンティティ単体テスト,機能概要,MOVE,「本項では、入力値チェックをbean_validationで実施しているFormおよびEntityクラス単体テスト(以下Form単体テストまたはEntity単体テスト)について説明する。両者はほぼ同じように単体テストを行えるため、共通する内容についてはForm単体テストをベースに説明し、特有の処理については個別に説明する」という本ページの対象・進め方の説明と、Form、Entityの責務については各処理方式の責務配置（ウェブアプリケーションの責務配置・Nablarchバッチアプリケーションの責務配置）を参照するよう促すtip。design.mdの機能概要「このページで何ができるようになるか」に該当するためMOVE。batch-22のcurrent-0012（Nablarch Validation版の同型L1直下）と同型の判断。
current-0003,current-0003,current,ja/development_tools/testing_framework/guide/development_guide/05_UnitTestGuide/01_ClassUnitTest/01_entityUnitTest/01_entityUnitTestWithBeanValidation.rst,16,21,Bean Validationに対応したForm/Entityのクラス単体テスト > Form/Entity単体テストの書き方 > (L2直下),6,user,第3部 テストの実装方法,エンティティ単体テスト,使用方法,MOVE,「本項で例として使用したテストクラスとテストデータは以下のとおり(右クリック->保存でダウンロード)」として、テストクラス(UserRegistrationFormTest.java)・テストデータ(UserRegistrationFormTest.xlsx)・テスト対象クラス(UserRegistrationForm.java)の3ファイルのダウンロードリンクを示す実体的な内容。判断ルール2により後続の子セクション（テストデータの作成・テストクラスの作成等、いずれも使用方法）と同じdest_sectionへMOVE。batch-22のcurrent-0013（Nablarch Validation版の同型L2直下、ダウンロードファイルはSystemAccountEntity系）と同型の判断。
current-0004,current-0004,current,ja/development_tools/testing_framework/guide/development_guide/05_UnitTestGuide/01_ClassUnitTest/01_entityUnitTest/01_entityUnitTestWithBeanValidation.rst,24,34,Bean Validationに対応したForm/Entityのクラス単体テスト > Form/Entity単体テストの書き方 > テストデータの作成,11,user,第3部 テストの実装方法,エンティティ単体テスト,使用方法,MOVE,テストデータを記載したExcelファイルそのものの作成方法として、テストソースコードと同じディレクトリに同じ名前(拡張子のみ異なる)で格納する旨、精査のテストケース・setter/getterに対するテストケースがそれぞれ1シートずつ使用する前提である旨を説明。テストデータの記述方法詳細は:doc:`06_TestFWGuide/01_Abstract`、:doc:`06_TestFWGuide/02_DbAccessTest`を参照させる導線を含むが、記法仕様そのものではなくファイル配置規則という本ページ固有の作成手順のため、判断ルール3の対象外として「テストデータを作成する」手順で使用方法へMOVE。メッセージデータやコードマスタ等の静的マスタデータは個別のテストデータとして作成しない前提である旨も記載。batch-22のcurrent-0014（Nablarch Validation版の同型節）と同型の判断。
current-0005,current-0005,current,ja/development_tools/testing_framework/guide/development_guide/05_UnitTestGuide/01_ClassUnitTest/01_entityUnitTest/01_entityUnitTestWithBeanValidation.rst,37,65,Bean Validationに対応したForm/Entityのクラス単体テスト > Form/Entity単体テストの書き方 > テストクラスの作成,29,user,第3部 テストの実装方法,エンティティ単体テスト,使用方法,MOVE,テストクラスのパッケージはテスト対象のForm/Entityと同じとする・<Form/Entityクラス名>Testというクラス名とする・nablarch.test.core.db.EntityTestSupportを継承するという3条件と、それに沿ったテストクラスのコード例(UserRegistrationFormTest)。「テストクラスを作成する」手順の中核。batch-22のcurrent-0015（Nablarch Validation版の同型節、SystemAccountEntityTest）と同型の判断。
current-0006,current-0006,current,ja/development_tools/testing_framework/guide/development_guide/05_UnitTestGuide/01_ClassUnitTest/01_entityUnitTest/01_entityUnitTestWithBeanValidation.rst,68,315,Bean Validationに対応したForm/Entityのクラス単体テスト > Form/Entity単体テストの書き方 > 文字種と文字列長の単項目精査テストケース,248,user,第3部 テストの実装方法,エンティティ単体テスト,使用方法,MOVE,248行(>=100)のためmapping/split-plan.mdを確認(grep -n '^| current-0006' split-plan.md)。既承認結果は「no split」で、「テストケース表（カラム定義）とテストメソッドの呼び出し手順のみで構成される。設定ファイルやクラス拡張の説明は含まない。第3部 テストの実装方法 > クラス単体テスト > エンティティ単体テスト の「使用方法」に一致する内容」と明記済み。実測でもテストケース表の作成方法（propertyName/allowEmpty/group/min/max/messageIdWhenEmptyInput等のカラム定義、o/x記法、メッセージ指定方法）、テストメソッドの作成方法（testValidateCharsetAndLengthの呼び出しとコード例）、実行時の観点表のみで構成され、設定・拡張の説明は含まない。「テストデータを作成する」「テストメソッドを作成する」手順としてそのままMOVE(分割なし)。batch-22のcurrent-0016（Nablarch Validation版、同型でsplit-plan既承認）と対をなす。
current-0007,current-0007,current,ja/development_tools/testing_framework/guide/development_guide/05_UnitTestGuide/01_ClassUnitTest/01_entityUnitTest/01_entityUnitTestWithBeanValidation.rst,318,429,Bean Validationに対応したForm/Entityのクラス単体テスト > Form/Entity単体テストの書き方 > その他の単項目精査のテストケース,112,user,第3部 テストの実装方法,エンティティ単体テスト,使用方法,MOVE,112行(>=100)のためsplit-plan.mdを確認(grep -n '^| current-0007' split-plan.md)。既承認結果は「no split」で、「current-0006と同型（テストケース表の作成方法／テストメソッドの作成方法）。単項目精査の別パターンを説明しているだけで、宛先・性質は同一。第3部 > クラス単体テスト > エンティティ単体テスト」と明記済み。実測でも日付フォーマット精査など文字種・文字列長テストでカバーできない単項目精査を1入力値と期待メッセージIDのペアでテストする方法として、テストケース表の作成方法(propertyName/case/group/input/messageId等のカラム定義)とテストメソッドの作成方法(testSingleValidationの呼び出しとコード例)のみで構成。「テストデータを作成する」「テストメソッドを作成する」手順としてそのままMOVE(分割なし)。batch-22のcurrent-0017（Nablarch Validation版の同型節）と対をなす。
current-0008,current-0008,current,ja/development_tools/testing_framework/guide/development_guide/05_UnitTestGuide/01_ClassUnitTest/01_entityUnitTest/01_entityUnitTestWithBeanValidation.rst,432,569,Bean Validationに対応したForm/Entityのクラス単体テスト > Form/Entity単体テストの書き方 > 項目間精査のテストケース,138,user,第3部 テストの実装方法,エンティティ単体テスト,使用方法,MOVE,138行(>=100)のためsplit-plan.mdを確認(grep -n '^| current-0008' split-plan.md)。既承認結果は「no split」で、「テストケース表・入力パラメータ表の作成方法とテストメソッドの実装例のみ。設定・拡張の説明なし。第3部 > クラス単体テスト > エンティティ単体テスト」と明記済み。実測でも@AssertTrue等を指定した項目間精査のテストケース表(title/description/group/expectedMessageId/propertyName/interpolateKey/interpolateValue)と入力パラメータ表(params)の作成方法、複数Formを保持するFormのプロパティ指定方法のtip、テストメソッドの作成方法(testBeanValidationの呼び出しとコード例)のみで構成。「テストデータを作成する」「テストメソッドを作成する」手順としてそのままMOVE(分割なし)。batch-22のcurrent-0018（Nablarch Validation版、@ValidateForベースのバリデーションメソッドのテストケース。仕組みは異なるが同種の項目間精査カテゴリとして同じdest）と対をなす。
current-0009,current-0009,current,ja/development_tools/testing_framework/guide/development_guide/05_UnitTestGuide/01_ClassUnitTest/01_entityUnitTest/01_entityUnitTestWithBeanValidation.rst,572,701,Bean Validationに対応したForm/Entityのクラス単体テスト > Form/Entity単体テストの書き方 > setter、getterに対するテストケース,130,user,第3部 テストの実装方法,エンティティ単体テスト,使用方法,MOVE,130行(>=100)のためsplit-plan.mdを確認(grep -n '^| current-0009' split-plan.md)。既承認結果は「no split」で、「setter/getterテストのExcel定義とテストメソッド例のみ。第3部 > クラス単体テスト > エンティティ単体テスト」と明記済み。実測でもsetterに渡す値とgetterで取得した値が一致することを確認するテストケースの説明、Entityはsetter/getterが自動生成されるためリクエスト単体テストでカバーできない旨のtip、Excelへの定義例、テストメソッドの作成方法(testSetterAndGetterの呼び出しとコード例)、対応可能な型の制限と非対応型の個別テスト実装例(コード例)、setter/getterにロジックがある場合の確認例のみで構成。「テストデータを作成する」「テストメソッドを作成する」手順としてそのままMOVE(分割なし)。batch-22のcurrent-0020（Nablarch Validation版、本セクションを:ref:`entityUnitTest_SetterGetterCase_BeanValidation`で参照するのみのREFERENCE。実体は本バッチでMOVEされる想定と明記済み）から参照される実体セクション。
current-0010,current-0010,current,ja/development_tools/testing_framework/guide/development_guide/05_UnitTestGuide/01_ClassUnitTest/01_entityUnitTest/01_entityUnitTestWithBeanValidation.rst,704,770,Bean Validationに対応したForm/Entityのクラス単体テスト > Form/Entity単体テストの書き方 > 自動テストフレームワーク設定値,67,user,第2部 導入と設定,クラス単体テストの設定,使用方法,MOVE,67行(100行未満のためsplit-plan.mdの対象外、本バッチで直接判断)。文字種と文字列長の単項目精査テスト(current-0006)実施に必要な初期値設定の説明。nablarch.test.core.entity.EntityTestConfigurationクラスで設定する項目一覧(maxMessageId/maxAndMinMessageId/underLimitMessageId/fixLengthMessageId/minMessageId/emptyInputMessageId/characterGenerator/validationTestStrategy)の表と、コンポーネント設定ファイルの記述例(XMLコード例)。design.md第2部の記載範囲「コンポーネント設定ファイルの設定項目一覧」「設定ファイルの記述例」に完全一致するため、第3部のエンティティ単体テストではなく第2部のクラス単体テストの設定ページ(暫定語彙)へMOVE。dest_sectionは第2部アウトラインの使用方法「コンポーネントを設定する」に相当。batch-22のcurrent-0021（Nablarch Validation版の同型節、EntityTestConfigurationの設定項目一覧を持つ同一クラス）と同型の判断。
current-0113,current-0113,current,ja/development_tools/testing_framework/guide/development_guide/05_UnitTestGuide/02_RequestUnitTest/rest.rst,7,11,リクエスト単体テストの実施方法 > 前提条件,5,user,,,,DROP,"RESTfulウェブサービス実行基盤向けのテストでは他の実行基盤向けテスティングフレームワークに加え依存するモジュールを追加する必要がある旨と、詳細は:ref:`自動テストフレームワークの使用方法<rest_testing_fw>`（=06_TestFWGuide/RequestUnitTest_rest.rst全体）を参照させる導線のみ。batch-17のcurrent-0307（同ファイルの「概要 L2直下」、同内容をモジュール一覧・設定への言及とともにより具体的に記載し既にリクエスト単体テスト（RESTfulウェブサービス）ページの機能概要へMOVE済み）およびcurrent-0310（モジュール一覧の依存関係定義コード例、リクエスト単体テストの設定（RESTfulウェブサービス）へMOVE済み）を実際に読み比べたところ本セクションは要点のみの簡略な要約であるため判断ルール5により重複先を残しDROP（重複先: current-0307, current-0310）。"
current-0114,current-0114,current,ja/development_tools/testing_framework/guide/development_guide/05_UnitTestGuide/02_RequestUnitTest/rest.rst,14,52,リクエスト単体テストの実施方法 > テストクラスの書き方 > (L2直下),39,user,第3部 テストの実装方法,リクエスト単体テスト（RESTfulウェブサービス）,使用方法,MOVE,テストクラスの書き方の5ステップチェックリスト（フレームワークで用意されたテストクラスのスーパークラスを継承する／JUnit4のアノテーションを使用する／事前準備補助機能を使ってリクエストを生成する／リクエストを送信する／結果を確認する、各:ref:）と、RestTestSupportを継承したSampleTestクラスの一連の実装例（get()でリクエスト生成、sendRequest()で送信、assertStatusCode()でステータス確認、hasJsonPath・JSONAssertでレスポンスボディ検証まで1メソッドに集約したコード例）。batch-17で処理済みの06_TestFWGuide/RequestUnitTest_rest.rst（current-0306〜0320）を実際に読み比べたが、同ファイルは事前準備補助機能・実行・結果確認の各要素を個別の節でメソッドシグネチャ単位に説明するのみで、本セクションのような一連の流れを1つのテストクラスにまとめた具体例は存在しない。実測で重複がないことを確認したためMOVE。リクエスト単体テスト（RESTfulウェブサービス）ページの「テストクラスを作成する」手順の導入・具体例としてMOVE。
current-0115,current-0115,current,ja/development_tools/testing_framework/guide/development_guide/05_UnitTestGuide/02_RequestUnitTest/rest.rst,55,61,リクエスト単体テストの実施方法 > テストクラスの書き方 > フレームワークで用意されたテストクラスのスーパークラスを継承する,7,user,,,,DROP,"テストクラスのスーパークラスとしてRestTestSupportを継承する旨、テストデータの投入とデータベースのアサートが不要な場合はSimpleRestTestSupportを継承する旨、それぞれのスーパークラスの詳細は:ref:`自動テストフレームワークの使用方法<rest_test_superclasses>`を参照という導線のみ。batch-17で処理済みのRequestUnitTest_rest.rstのcurrent-0313（SimpleRestTestSupportの位置づけとRestTestSupport使用時のdbInfo/testDataParser要否の違いを説明するtip付き）およびcurrent-0314（RestTestSupportがSimpleRestTestSupportを継承しデータベース関連機能を持つ旨）を実際に読み比べたところ両者は同内容をより詳しく説明しており、本セクションは要約のみで新規情報を持たない。判断ルール5により重複先を残しDROP（重複先: current-0313, current-0314）。"
current-0116,current-0116,current,ja/development_tools/testing_framework/guide/development_guide/05_UnitTestGuide/02_RequestUnitTest/rest.rst,64,65,リクエスト単体テストの実施方法 > テストクラスの書き方 > JUnit4のアノテーションを使用する,2,user,,,,DROP,"「テスティングフレームワークはJUnit4をベースとしているため、テスト対象メソッドに@Testアノテーションを付与する」という2行のみの記述。batch-03で処理済みの06_TestFWGuide/01_Abstract.rstのcurrent-0162（自動テストフレームワークがJUnit4ベースである旨、annotation・assertメソッド・Matcherクラス使用への言及、第1部 全体像へMOVE済み）およびcurrent-0166（JUnit4のannotationを使用したテストメソッド作成の基本、@Testアノテーション付与のコード例付き、第1部 全体像へMOVE済み）を実際に確認したところ、処理方式に依存しない一般的なJUnit4知識として既により詳しく（コード例付きで）説明済みである。本セクションはコード例を持たない簡略な繰り返しのため判断ルール5により重複先を残しDROP（重複先: current-0162, current-0166）。"
current-0117,current-0117,current,ja/development_tools/testing_framework/guide/development_guide/05_UnitTestGuide/02_RequestUnitTest/rest.rst,68,69,リクエスト単体テストの実施方法 > テストクラスの書き方 > 事前準備補助機能を使ってリクエストを生成する,2,user,,,,DROP,「スーパークラスに用意された:ref:`事前準備補助機能<rest_test_helper>`を使ってリクエストを生成する」という1文のみ。batch-17で処理済みのRequestUnitTest_rest.rstのcurrent-0316（get/post/put/patch/delete/newRequestの各メソッドのコード例、パラメータ設定方法、流れるようなインターフェイスでのリクエスト構築例のtipを含む詳細な節）を実際に確認したところ本セクションの内容を包含しより詳しい。判断ルール5により重複先を残しDROP（重複先: current-0316）。
current-0118,current-0118,current,ja/development_tools/testing_framework/guide/development_guide/05_UnitTestGuide/02_RequestUnitTest/rest.rst,72,73,リクエスト単体テストの実施方法 > テストクラスの書き方 > リクエストを送信する,2,user,,,,DROP,「スーパークラスに用意された:ref:`リクエスト送信メソッド<rest_test_execute>`を呼び出すことでリクエストを送信する」という1文のみ。batch-17で処理済みのRequestUnitTest_rest.rstのcurrent-0317（sendRequest(HttpRequest request)メソッドのコード例付き説明）を実際に確認したところ同内容をコード例付きでより詳しく説明済み。判断ルール5により重複先を残しDROP（重複先: current-0317）。
current-0119,current-0119,current,ja/development_tools/testing_framework/guide/development_guide/05_UnitTestGuide/02_RequestUnitTest/rest.rst,76,80,リクエスト単体テストの実施方法 > テストクラスの書き方 > 結果を確認する,5,user,,,,DROP,「ステータスコードは、スーパークラスに用意された:ref:`メソッド<rest_test_assert>`を呼び出すことで検証する。レスポンスボディについては任意のライブラリを使用してアプリケーションに合わせて検証する」という要約2文のみ。batch-17で処理済みのRequestUnitTest_rest.rstのcurrent-0318（assertStatusCodeメソッドの引数・アサート失敗条件・コード例、レスポンスボディ検証に推奨する外部ライブラリ(JSONAssert/json-path-assert/XMLUnit)、readTextResourceによるファイルベース期待値読み込みのディレクトリ対応表を含む詳細な節）を実際に確認したところ本セクションの内容を包含しより詳しい。判断ルール5により重複先を残しDROP（重複先: current-0318）。
current-0120,current-0120,current,ja/development_tools/testing_framework/guide/development_guide/05_UnitTestGuide/02_RequestUnitTest/rest.rst,83,106,リクエスト単体テストの実施方法 > テストデータの書き方 > (L2直下),24,user,第3部 テストの実装方法,リクエスト単体テスト（RESTfulウェブサービス）,使用方法,MOVE,「:ref:`how_to_write_excel`に記載された方法でテストデータを記述できるが、RESTfulウェブサービス実行基盤向けのテストで自動的に読み込まれるデータはテストクラスで共通のデータベース初期値・テストメソッド毎のデータベース初期値の2種類のみである」という限定事項、他の実行基盤と異なりExcelファイルが存在しなくてもエラーにならずデータ投入がスキップされるだけである旨のimportant、上記以外のテストデータをExcelに記載した場合にRestTestSupportが提供するgetListMap/getListParamMap/getParamMapメソッドで値を取得する必要がある旨のimportantとメソッドシグネチャのコード例で構成。getListMap系のLIST_MAP記法自体はbatch-04のcurrent-0215（06_TestFWGuide/03_Tips.rst、TestSupport#getListMap等の記法とAPIをテストデータの書き方ページへMERGE済み）で既出だが、本セクションの主眼はRESTfulウェブサービス固有のテストデータ読み込み挙動（自動読み込み対象の限定・Excelファイル省略可）でありcurrent-0215にはない新規情報のためDROPしない。batch-01のcurrent-0079（ウェブアプリケーション版の同型L2直下、ファイル配置規則+参照導線をリクエスト単体テスト（ウェブアプリケーション）ページの使用方法へMOVE、判断ルール3の対象外とした前例）に倣い、記法仕様そのものではなく本処理方式固有の挙動説明としてリクエスト単体テスト（RESTfulウェブサービス）ページの使用方法（テストデータを作成する）へMOVE。
current-0121,current-0121,current,ja/development_tools/testing_framework/guide/development_guide/05_UnitTestGuide/02_RequestUnitTest/rest.rst,109,111,リクエスト単体テストの実施方法 > テストデータの書き方 > テストクラスで共通のデータベース初期値,3,user,第3部 テストの実装方法,リクエスト単体テスト（RESTfulウェブサービス）,使用方法,REFERENCE,実測: 「:ref:`request_test_setup_db` 参照。」の1文のみ。batch.rst側のcurrent-0035・real.rst側のcurrent-0104が同一パターン（同じ参照先、同程度の情報量の1文参照）でdisposition=REFERENCEとして参照導線を残しているため、整合性のため本行もREFERENCEへ変更（[3観点レビュー対応]、旧disposition=DROPは同型行との不整合だった）。
current-0122,current-0122,current,ja/development_tools/testing_framework/guide/development_guide/05_UnitTestGuide/02_RequestUnitTest/rest.rst,114,118,リクエスト単体テストの実施方法 > テストデータの書き方 > テストメソッド毎のデータベース初期値,5,user,第3部 テストの実装方法,テストデータの書き方,使用方法,MOVE,テストデータを記載したExcelファイルに**テストメソッドの名前**でシートを用意し、**SETUP_TABLES**のデータタイプでデータベース初期値を記載する旨、フレームワークによりテストメソッド実行時に投入される旨の記法仕様。git grep -n SETUP_TABLES <base-commit> -- ja/development_tools/testing_framework/で確認したところSETUP_TABLESという表記は本ファイルのみに出現し、他の処理方式ページや既処理バッチに同等の記法説明は見当たらない（テストクラス共通のsetUpDbシートとは異なる、テストメソッド単位の初期値投入という固有の記法）。判断ルール3（テストデータの記法説明はテストデータの書き方ページへMOVE/MERGE）によりテストデータの書き方ページの使用方法へMOVE。
current-0321,current-0321,current,ja/development_tools/testing_framework/guide/development_guide/06_TestFWGuide/RequestUnitTest_send_sync.rst,8,18,リクエスト単体テスト（同期応答メッセージ送信処理） > 概要 > (L2直下),11,user,第3部 テストの実装方法,リクエスト単体テスト（MOMによるメッセージング）,機能概要,MOVE,#6でdesign.md §4「4. 第3部 テストの実装方法」が確定し、リクエスト単体テスト（MOMによるメッセージング）はプレフィックス付き表記のまま正式なページ名として確定した（design.md §13参照）。dest_page/dest_sectionは変更せず、以下は確定した割当理由として残す。「リクエスト単体テスト（同期応答メッセージ送信処理）では、要求電文1件をキューに送信し、結果を同期的に受信する際の動作を擬似的に再現し、テストを行う。」という導入文と、リクエスト単体テストそのものの概要は:ref:`message_sendSyncMessage_test`（メッセージング処理の概要ページ、本バッチでは未処理）を参照という旨のtip（L2直下）。判断ルール1により後続の全体像（current-0322）と同じdest_sectionへ。同期応答メッセージ送信処理はMOMによるメッセージングの処理方式（用語集の正表記「同期応答メッセージ送信」）のためリクエスト単体テスト（MOMによるメッセージング）ページの機能概要へMOVE。
current-0322,current-0322,current,ja/development_tools/testing_framework/guide/development_guide/06_TestFWGuide/RequestUnitTest_send_sync.rst,21,36,リクエスト単体テスト（同期応答メッセージ送信処理） > 概要 > 全体像,16,user,第3部 テストの実装方法,リクエスト単体テスト（MOMによるメッセージング）,機能概要,MOVE,（#6で確定。dest_page/dest_sectionは変更なし）send_sync.pngの全体像図（バッチ処理の中で同期応答メッセージ送信処理を行う場合の構成図）と、テストケースの親クラスはStandaloneTestSupportTemplateまたはAbstractHttpRequestTestTemplateのいずれかを継承する必要がある旨のtip。design.md第3部の機能概要「全体像（図）」に相当するためリクエスト単体テスト（MOMによるメッセージング）ページの機能概要へMOVE。batch-17のcurrent-0308（RESTful版の同型全体像）と同型の判断。
current-0323,current-0323,current,ja/development_tools/testing_framework/guide/development_guide/06_TestFWGuide/RequestUnitTest_send_sync.rst,39,67,"リクエスト単体テスト（同期応答メッセージ送信処理） > 主なクラス, リソース",29,user,第3部 テストの実装方法,リクエスト単体テスト（MOMによるメッセージング）,機能概要,MOVE,（#6で確定。dest_page/dest_sectionは変更なし）リクエスト単体テストクラス／Excelファイル（テストデータ）／StandaloneTestSupportTemplate／AbstractHttpRequestTestTemplate／MessageSender／RequestTestingMessagingProvider／TestDataConvertorの7行の名称・役割・作成単位表。design.md「主なクラスとリソース」表そのものでありリクエスト単体テスト（MOMによるメッセージング）ページの機能概要へMOVE。batch-17のcurrent-0309（RESTful版の同型表）と同型の判断。
current-0324,current-0324,current,ja/development_tools/testing_framework/guide/development_guide/06_TestFWGuide/RequestUnitTest_send_sync.rst,74,81,リクエスト単体テスト（同期応答メッセージ送信処理） > 構造 > StandaloneTestSupportTemplate,8,user,第3部 テストの実装方法,リクエスト単体テスト（MOMによるメッセージング）,使用方法,MOVE,（#6で確定。dest_page/dest_sectionは変更なし）StandaloneTestSupportTemplateがAction実行後にMockMessagingContextを用いて要求電文のアサートを行う機能であり、同期応答メッセージ送信処理のリクエスト単体テストでは処理の形態に合わせて本クラスもしくはAbstractHttpRequestTestTemplateを実装したテストケースを使用する必要がある旨の説明。主なクラスとリソース表(current-0323)より詳細な、テストケースの親クラス選定という「テストクラスを作成する」手順の説明のため、batch-17のcurrent-0313（RestTestSupport系スーパクラス説明、使用方法へMOVE）と同型の判断でリクエスト単体テスト（MOMによるメッセージング）ページの使用方法へMOVE。
current-0325,current-0325,current,ja/development_tools/testing_framework/guide/development_guide/06_TestFWGuide/RequestUnitTest_send_sync.rst,84,90,リクエスト単体テスト（同期応答メッセージ送信処理） > 構造 > AbstractHttpRequestTestTemplate,7,user,第3部 テストの実装方法,リクエスト単体テスト（MOMによるメッセージング）,使用方法,MOVE,（#6で確定。dest_page/dest_sectionは変更なし）AbstractHttpRequestTestTemplateがAction実行後にMockMessagingContextを用いて要求電文のアサートを行う機能であり、処理の形態に合わせて本クラスもしくはStandaloneTestSupportTemplateを実装したテストケースを使用する必要がある旨の説明。current-0324と対をなすスーパクラス選定の説明のためリクエスト単体テスト（MOMによるメッセージング）ページの使用方法へMOVE。
current-0326,current-0326,current,ja/development_tools/testing_framework/guide/development_guide/06_TestFWGuide/RequestUnitTest_send_sync.rst,93,110,リクエスト単体テスト（同期応答メッセージ送信処理） > 構造 > RequestTestingMessagingProvider,18,user,第3部 テストの実装方法,リクエスト単体テスト（MOMによるメッセージング）,使用方法,MOVE,（#6で確定。dest_page/dest_sectionは変更なし）RequestTestingMessagingProviderが要求電文のアサートおよび応答電文の生成・返却する機能を提供するクラスであり、Excelに記載された要求電文の期待値と応答電文の読み込みも実行する旨の説明、本クラスが提供する準備処理（応答電文の生成）と結果確認（要求電文のアサート）の対応表、および要求電文のアサートは送信毎ではなくAction実行後に一括で行う旨のtip。主なクラスとリソース表より詳細なクラス説明のためリクエスト単体テスト（MOMによるメッセージング）ページの使用方法へMOVE。
current-0327,current-0327,current,ja/development_tools/testing_framework/guide/development_guide/06_TestFWGuide/RequestUnitTest_send_sync.rst,113,124,リクエスト単体テスト（同期応答メッセージ送信処理） > 構造 > MessageSender,12,user,第3部 テストの実装方法,リクエスト単体テスト（MOMによるメッセージング）,使用方法,MOVE,（#6で確定。dest_page/dest_sectionは変更なし）MessageSenderが同期応答メッセージ送信処理で使用するコンポーネントであり、Actionなどの呼び出し元から渡されたパラメータから要求電文を生成する・要求電文を元にMockMessagingContextを実行する・MockMessagingContextから返却された応答電文をパースする・パース結果のオブジェクトを呼び出し元に返却する、という4つの機能を提供する旨の箇条書き。主なクラスとリソース表より詳細なクラス説明のためリクエスト単体テスト（MOMによるメッセージング）ページの使用方法へMOVE。
current-0328,current-0328,current,ja/development_tools/testing_framework/guide/development_guide/06_TestFWGuide/RequestUnitTest_send_sync.rst,127,140,リクエスト単体テスト（同期応答メッセージ送信処理） > 構造 > TestDataConvertor,14,user,第2部 導入と設定,リクエスト単体テストの設定（MOMによるメッセージング）,拡張例,MOVE,"#6でdesign.md §3「3. 第2部 導入と設定」が確定し、リクエスト単体テストの設定（MOMによるメッセージング）はプレフィックス付き表記のまま正式なページ名として確定した（design.md §13参照）。dest_page/dest_sectionは変更せず、以下は確定した割当理由として残す。TestDataConvertorがExcelから読み込んだテストデータを編集するためのインタフェースであり、必要に応じてXMLやJSONなどのデータ種別ごとにアーキテクトが実装する旨、実装クラスが持つべき機能（Excelから読み込んだデータを任意の値に編集する／編集したデータを読み込むためのレイアウト定義データを動的に生成する）、本インタフェース実装によりExcelに日本語で記述されたデータをURLエンコーディングする等の処理を追加可能である旨、実装クラスは""TestDataConverter_<データ種別>""というキー名でテスト用のコンポーネント設定ファイルに登録する必要がある旨の説明。「アーキテクトが実装する」拡張点であり、design.md記載区分の「拡張方法（クラス差し替え、独自Extension等）」に該当するため、batch-13のcurrent-0204/0205（AbstractHttpRequestTestTemplate/TestCaseInfoの拡張説明、拡張例へMOVE）と同型の判断でリクエスト単体テストの設定（MOMによるメッセージング）ページの拡張例へMOVE。"
current-0329,current-0329,current,ja/development_tools/testing_framework/guide/development_guide/06_TestFWGuide/RequestUnitTest_send_sync.rst,143,146,リクエスト単体テスト（同期応答メッセージ送信処理） > テストデータ > (L2直下),4,user,第3部 テストの実装方法,リクエスト単体テスト（MOMによるメッセージング）,使用方法,MOVE,（#6で確定。dest_page/dest_sectionは変更なし）「同期応答メッセージ送信処理固有のテストデータについて説明する。」という導入文（L2直下）。判断ルール1により後続の同期応答メッセージ送信処理節（current-0330）と同じdest_sectionへ。リクエスト単体テスト（MOMによるメッセージング）ページの使用方法へMOVE。
current-0330,current-0330,current,ja/development_tools/testing_framework/guide/development_guide/06_TestFWGuide/RequestUnitTest_send_sync.rst,149,156,リクエスト単体テスト（同期応答メッセージ送信処理） > テストデータ > 同期応答メッセージ送信処理,8,user,第3部 テストの実装方法,リクエスト単体テスト（MOMによるメッセージング）,使用方法,REFERENCE,（#6で確定。dest_page/dest_sectionは変更なし）基本的な記述方法は:ref:`send_sync_request_write_test_data`（実体は05_UnitTestGuide/02_RequestUnitTest/send_sync.rst L72以降、本バッチでは未処理。mapping/_batch/batch-*.csvにこのファイルの行が存在しないことをgrepで確認済み）を参照という文と、パディングおよびバイナリデータの扱いは:ref:`about_fixed_length_file`と同様である旨のtip。実体的な記法ではなく参照文のみのため、batch-17のcurrent-0049（http_real.rstの同型参照文、REFERENCEとして使用方法に残した前例）に倣いMOVEではなくREFERENCEとし、リクエスト単体テスト（MOMによるメッセージング）ページの使用方法に割り当てる。記法の実体は参照先が処理される際にテストデータの書き方ページへ判断ルール3に従い送られる想定。
current-0333,current-0333,current,ja/development_tools/testing_framework/guide/development_guide/08_TestTools/01_HttpDumpTool/01_HttpDumpTool.rst,1,2,(冒頭),2,user,,,,DROP,`.. _`http_dump_tool`:`という内部参照ラベルのみで地の文を持たない。判断ルール1によりDROP。
current-0334,current-0334,current,ja/development_tools/testing_framework/guide/development_guide/08_TestTools/01_HttpDumpTool/01_HttpDumpTool.rst,9,22,リクエスト単体データ作成ツール > 概要,14,user,第4部 ツール,リクエスト単体データ作成ツール,機能概要,MOVE,リクエスト単体テスト(ウェブアプリケーション)ではHTMLからのリクエストパラメータにあるキーと値をテストデータとして作成する必要があり、これを人手で実施するとパラメータ名（form内のname属性）を写し間違える恐れがあり登録画面などパラメータ数が多い画面ほど可能性が高い旨、このミスを解消するためリクエスト単体テストで生成されたHTMLを使用して次画面へのリクエストパラメータを作成できるツールを提供する旨の説明、およびリクエストパラメータのテストデータ記述方法は05_UnitTestGuide/02_RequestUnitTest/index（特にrequest_test_req_paramsの項）を参照という脚注。design.mdの確定dest_pageであるリクエスト単体データ作成ツールページの機能概要へMOVE。
current-0335,current-0335,current,ja/development_tools/testing_framework/guide/development_guide/08_TestTools/01_HttpDumpTool/01_HttpDumpTool.rst,25,30,リクエスト単体データ作成ツール > 特徴,6,user,第4部 ツール,リクエスト単体データ作成ツール,機能概要,MOVE,本ツールはリクエスト単体テストで生成されたHTMLをブラウザで操作することで次画面へのリクエストパラメータをExcel形式で取得でき、ウェブアプリケーションを操作するような感覚で直感的にテストデータが作成できる旨の説明。ツールの提供価値の説明のためリクエスト単体データ作成ツールページの機能概要へMOVE。
current-0336,current-0336,current,ja/development_tools/testing_framework/guide/development_guide/08_TestTools/01_HttpDumpTool/01_HttpDumpTool.rst,33,39,リクエスト単体データ作成ツール > 使用方法 > (L2直下),7,user,第4部 ツール,リクエスト単体データ作成ツール,使用方法,MOVE,「下記の図に沿って、本ツールの使用方法を説明する。」という導入文とrequestDumpToolAbstract.pngの使用方法概観図（L2直下）。判断ルール1により後続の前提条件・入力となるHTML生成等の各手順（current-0337〜0342）と同じdest_sectionへ。リクエスト単体データ作成ツールページの使用方法へMOVE。
current-0337,current-0337,current,ja/development_tools/testing_framework/guide/development_guide/08_TestTools/01_HttpDumpTool/01_HttpDumpTool.rst,42,46,リクエスト単体データ作成ツール > 使用方法 > 前提条件,5,user,第4部 ツール,リクエスト単体データ作成ツール,使用方法,MOVE,開発環境構築ガイドに従って開発環境を構築済みであること、および02_SetUpHttpDumpTool（インストールガイド、batch-22で処理済み）のhttp_dump_tool_prerequisite（前提事項節）を参照という2点の箇条書き。ツール使用の前提条件のためリクエスト単体データ作成ツールページの使用方法へMOVE。
current-0338,current-0338,current,ja/development_tools/testing_framework/guide/development_guide/08_TestTools/01_HttpDumpTool/01_HttpDumpTool.rst,49,60,リクエスト単体データ作成ツール > 使用方法 > 入力となるHTML生成,12,user,第4部 ツール,リクエスト単体データ作成ツール,使用方法,MOVE,リクエスト単体テストを実行しHTMLファイルを生成する旨、初期画面表示のリクエスト単体テスト用データだけは手動で用意する必要があり、初期画面表示リクエスト（例えばメニューからの単純な画面遷移）にはリクエストパラメータが含まれていないことがほとんどのため通常は空のリクエストパラメータを作成すればよい旨の説明。ツール使用手順（入力データ準備）のためリクエスト単体データ作成ツールページの使用方法へMOVE。
current-0339,current-0339,current,ja/development_tools/testing_framework/guide/development_guide/08_TestTools/01_HttpDumpTool/01_HttpDumpTool.rst,63,73,リクエスト単体データ作成ツール > 使用方法 > ツール起動,11,user,第4部 ツール,リクエスト単体データ作成ツール,使用方法,MOVE,Eclipse上からHTMLファイルを右クリックしツールを起動する旨とhowToExecuteFromEclipse（02_SetUpHttpDumpTool側のEclipseとの連携手順、batch-22で処理済み）を参照という文、Windows上で本ツールを起動するとコマンドプロンプト（内蔵サーバのプロセス）が現れ使用中は実行したままにしておくとよい旨・2回目以降は起動が速くなる旨・誤って落としても次回起動時に自動起動されるため問題ない旨のtip。ツール使用手順（起動方法）のためリクエスト単体データ作成ツールページの使用方法へMOVE。
current-0340,current-0340,current,ja/development_tools/testing_framework/guide/development_guide/08_TestTools/01_HttpDumpTool/01_HttpDumpTool.rst,76,78,リクエスト単体データ作成ツール > 使用方法 > データ入力,3,user,第4部 ツール,リクエスト単体データ作成ツール,使用方法,MOVE,HTMLファイルがブラウザで起動されるので、画面上で入力してサブミットを実行する旨の説明。ツール使用手順（データ入力）のためリクエスト単体データ作成ツールページの使用方法へMOVE。
current-0341,current-0341,current,ja/development_tools/testing_framework/guide/development_guide/08_TestTools/01_HttpDumpTool/01_HttpDumpTool.rst,81,86,リクエスト単体データ作成ツール > 使用方法 > Excelダウンロード,6,user,第4部 ツール,リクエスト単体データ作成ツール,使用方法,MOVE,サブミットで発生したHTTPリクエストがExcelファイルに記載された状態でダウンロードできる旨、Excelファイルをローカル上に保存する必要はなくブラウザから直接ExcelやOpenOfficeで起動すればよい旨の説明。ツール使用手順（結果取得）のためリクエスト単体データ作成ツールページの使用方法へMOVE。
current-0342,current-0342,current,ja/development_tools/testing_framework/guide/development_guide/08_TestTools/01_HttpDumpTool/01_HttpDumpTool.rst,89,93,リクエスト単体データ作成ツール > 使用方法 > データ編集,5,user,第4部 ツール,リクエスト単体データ作成ツール,使用方法,MOVE,ダウンロードしたExcelファイルにHTTPリクエストパラメータのデータが記載されており、そのデータをリクエスト単体テストのテストデータにコピーする旨の説明。ツール使用手順（テストデータへの反映）のためリクエスト単体データ作成ツールページの使用方法へMOVE。
current-0366,current-0366,current,ja/development_tools/testing_framework/guide/development_guide/08_TestTools/03_HtmlCheckTool/index.rst,1,2,(冒頭),2,user,,,,DROP,本文は「.. _html_check_tool:」というRST内部アンカーラベルと空行のみで、実体的な記述がない。判断ルール1によりDROP。新規ページ作成時に:refラベルを付与し直せば足りる。
current-0367,current-0367,current,ja/development_tools/testing_framework/guide/development_guide/08_TestTools/03_HtmlCheckTool/index.rst,6,9,HTMLチェックツール > (L1直下),4,user,第4部 ツール,HTMLチェックツール,機能概要,MERGE,#6着手前の#5d差し戻し対応（2026-07-28）でdesign.md第4部「ツール」が新設され、HTMLチェックツールは確定ページに格上げ済み（vocabulary.md参照）。受け皿問題は解決済みのため、以下は確定した割当理由として残す。design.mdの第2部・第3部いずれのページツリーにもHTMLチェックツールに対応するページが存在しない（HttpDumpTool→リクエスト単体データ作成ツール、MasterDataSetup→マスタデータ投入ツールは既存バッチで割当済みだが、同じ08_TestTools配下のHtmlCheckToolのみ受け皿がない。glossary.mdもHTMLチェックツールを正表記として確定しつつ『design.mdに受け皿のページがない（§11 申し送り事項1）』と明記）。本セクションはL1見出し直下の1文「HTMLチェックツールの目的、仕様、使用方法に関して記述する。」のみで、ページが扱う3項目（目的・仕様・使用方法）を列挙する導入文であり実体的な解説はない。HttpDumpTool/MasterDataSetupが第3部・第2部にそれぞれ独立ページとして割り当てられた前例に倣い、HTMLチェックツールも第2部 導入と設定配下に暫定ページ「HTMLチェックツール」を新設して割り当てる（config/拡張中心の内容のため第2部が適切と判断）。design.md未記載のため要確認。
current-0368,current-0368,current,ja/development_tools/testing_framework/guide/development_guide/08_TestTools/03_HtmlCheckTool/index.rst,12,16,HTMLチェックツール > 目的,5,user,第4部 ツール,HTMLチェックツール,機能概要,MERGE,（#6で確定。dest_page/dest_sectionは変更なし）終了タグ忘れ等の構文不正による想定外の画面表示を防ぐことと、プロジェクト規約で禁止されたタグの使用を防ぐことの2点を箇条書きで説明。ツールの存在理由そのものであり機能概要へMERGE。
current-0369,current-0369,current,ja/development_tools/testing_framework/guide/development_guide/08_TestTools/03_HtmlCheckTool/index.rst,19,65,HTMLチェックツール > 仕様 > (L2直下),47,user,第4部 ツール,HTMLチェックツール,機能概要,MERGE,（#6で確定。dest_page/dest_sectionは変更なし）リクエスト単体テストで自動生成されたHTMLファイルにチェックを行い不正HTML検出時はテスト失敗とする旨、本ツールはリクエスト単体テストに標準組み込みで実行される旨を述べたうえで、チェック内容（デフォルトでHTML4.01準拠の構文チェック、開始・終了タグの記述漏れをタグ省略許可なしでチェック、設定ファイルに記載したタグ・属性の使用有無チェック、大文字小文字区別なし、boolean属性使用可、属性のクォーテーション省略不可）を箇条書きで列挙し、脚注でカスタマイズ可能な旨・例外は次項参照・デフォルトはW3C非推奨タグ属性が設定済みでカスタマイズ方法は:ref:`01_custom`参照と補足。加えてtipでHTMLに直接記述したJavaScriptに「-」が2つ以上連続するとテスト失敗となる旨、失敗するJavaScript実装例・エラーメッセージ・対応方法（外部ファイル化）を示す。いずれも本ツールの検査仕様（何をどうチェックするか）の説明のため機能概要へMERGE。
current-0370,current-0370,current,ja/development_tools/testing_framework/guide/development_guide/08_TestTools/03_HtmlCheckTool/index.rst,68,82,HTMLチェックツール > 仕様 > HTML4.01との相違点,15,user,第4部 ツール,HTMLチェックツール,機能概要,MERGE,（#6で確定。dest_page/dest_sectionは変更なし）クライアントサイドでの動的DOM操作が一般化しているため、本ツールはボディが空のタグ（例：空のspanタグ、optionのないselectタグ）を許容するというHTML4.01仕様との相違点をコード例とともに説明。current-0369と同じ検査仕様の一部のため機能概要へMERGE。
current-0371,current-0371,current,ja/development_tools/testing_framework/guide/development_guide/08_TestTools/03_HtmlCheckTool/index.rst,88,92,HTMLチェックツール > 使用方法 > 前提条件,5,user,第4部 ツール,HTMLチェックツール,機能概要,MERGE,（#6で確定。dest_page/dest_sectionは変更なし）実体は「リクエスト単体テストを実行可能であること。」という1文の前提条件のみ。design.mdの第2部ページテンプレートでは前提事項は機能概要配下の項目として定義されているため（原文見出しは「使用方法」配下だが内容は前提条件そのもの）、機能概要へMERGE。
current-0372,current-0372,current,ja/development_tools/testing_framework/guide/development_guide/08_TestTools/03_HtmlCheckTool/index.rst,95,139,HTMLチェックツール > 使用方法 > 使用禁止タグ・属性のカスタマイズ方法,45,user,第4部 ツール,HTMLチェックツール,使用方法,MERGE,（#6で確定。dest_page/dest_sectionは変更なし）デフォルト設定のまま使う場合は変更不要である旨、自動テスト用設定ファイルのhtmlCheckerConfigプロパティに禁止タグ・属性を記載した設定ファイルへのパスを指定するXML設定例、その設定ファイル自体の記述方法（タグ名と属性名をカンマ区切りで1行、複数属性は複数行、属性欄省略でタグ自体の使用を禁止、属性欄省略時もカンマは省略不可）を説明。コンポーネント設定ファイルの設定項目そのものであり使用方法へMERGE。
current-0373,current-0373,current,ja/development_tools/testing_framework/guide/development_guide/08_TestTools/03_HtmlCheckTool/index.rst,142,160,HTMLチェックツール > 使用方法 > HTMLチェック実行要否の設定方法,19,user,第4部 ツール,HTMLチェックツール,使用方法,MERGE,（#6で確定。dest_page/dest_sectionは変更なし）自動テスト用設定ファイルのcheckHtmlプロパティをtrue/falseで切り替えることでHTMLチェック実施要否を設定できる旨とXML設定例。設定ファイルの設定項目のため使用方法へMERGE。
current-0374,current-0374,current,ja/development_tools/testing_framework/guide/development_guide/08_TestTools/03_HtmlCheckTool/index.rst,163,226,HTMLチェックツール > 使用方法 > HTMLチェック内容の変更,64,user,第4部 ツール,HTMLチェックツール,使用方法,MERGE,nablarch.test.core.http.HttpTestConfigurationクラスのhtmlCheckerプロパティを変更することでHTMLチェック内容自体を変更できる旨を説明し、独自実装クラスSimpleHtmlChecker（HtmlCheckerインタフェースを実装しチェック内容を差し替える例）のJavaコード例と、そのクラスをhtmlCheckerとしてコンポーネント設定するXML例を示す。第4部の「使用方法」は<操作手順>するの緩いテンプレートであり、本ツールが提供する操作手順の1つとして使用方法へMERGE（2026-07-28、dest_section=拡張例はvocabulary.mdの第4部に定義がなくverify_mapping.pyで検出、ユーザー判断により使用方法へ変更。旧判断はcheck/task-05.md参照）。
current-0375,current-0375,current,ja/development_tools/testing_framework/guide/development_guide/08_TestTools/03_HtmlCheckTool/index.rst,229,238,HTMLチェックツール > 使用方法 > テスト実行時指摘確認方法,10,user,第4部 ツール,HTMLチェックツール,使用方法,MERGE,（#6で確定。dest_page/dest_sectionは変更なし）リクエスト単体テスト実行時に自動生成されたHTMLファイルに指摘があった場合は該当テストケースが失敗する旨、JUnitコンソールに指摘箇所・指摘内容が出力される旨（スクリーンショット画像を伴う）、該当HTMLの出力元JSPを修正しテストを再実行する旨を説明。本ツールが失敗した際の確認・対応手順であり使用方法へMERGE。
current-0123,current-0123,current,ja/development_tools/testing_framework/guide/development_guide/05_UnitTestGuide/02_RequestUnitTest/send_sync.rst,1,2,(冒頭),2,user,,,,DROP,「.. _`message_sendSyncMessage_test`:」というRST内部アンカーラベルのみで実体的な記述がない。判断ルール1によりDROP。
current-0124,current-0124,current,ja/development_tools/testing_framework/guide/development_guide/05_UnitTestGuide/02_RequestUnitTest/send_sync.rst,10,61,リクエスト単体テストの実施方法(同期応答メッセージ送信処理) > 出力ライブラリ(同期応答メッセージ送信処理)の構造とテスト範囲,52,user,第3部 テストの実装方法,リクエスト単体テスト（MOMによるメッセージング）,機能概要,MERGE,同期応答メッセージ送信処理のリクエスト単体テストはリクエストID単位で行う旨（脚注でここでのリクエストIDはウェブ/バッチのリクエストIDとは意味が異なる旨を注記）、要求電文・応答電文の用語定義、実施時のイメージ図2枚、動作フロー①〜⑤（自動テストフレームワークがNablarch Application Frameworkを起動しActionを起動、Actionがメッセージ同期送信処理を実行し要求電文に変換、自動テストフレームワークがテストデータをもとに要求電文をアサートし応答電文を生成してActionへ返却）を説明。tipで送信・受信キューを使わずキュー手前でアサート・生成するため特別なミドルウェアや環境設定が不要な旨、さらに「書きやすいテストデータ（Excelで外部インタフェース設計書のフォーマット定義に沿って記載可能、専用書式提供）」「テストコードを記載する必要がない（典型的定型処理を実装したスーパークラス提供、テストデータのみでほぼコーディングなしでテスト可能）」という2つの特色・利点を挙げる。design.md#5により本セクションはリクエスト単体テストのMOMによるメッセージング処理方式に該当し、内容はテスト対象範囲・仕組み・利点というページ概要のため機能概要へMERGE。RequestUnitTest_send_sync.rst（06_TestFWGuide、batch-28処理対象）と同じ同期応答メッセージ送信処理を扱う別世代ファイルの可能性があるため同一dest_pageを暫定採用。
current-0125,current-0125,current,ja/development_tools/testing_framework/guide/development_guide/05_UnitTestGuide/02_RequestUnitTest/send_sync.rst,64,73,リクエスト単体テストの実施方法(同期応答メッセージ送信処理) > テストの実施方法 > (L2直下),10,user,第3部 テストの実装方法,リクエスト単体テスト（MOMによるメッセージング）,使用方法,MERGE,同期応答メッセージ送信処理のテストはウェブアプリケーションやバッチ処理などのテスト方式を踏襲して行われる旨、テストクラスの書き方や各種準備データの準備方法はそれらのテストの実施方法を参照するよう案内し、本項では同期応答メッセージ送信処理固有の実施方法のみ解説する旨を述べる橋渡し文（L2直下）。「テストクラスを作成する」手順の参照導線に相当するため使用方法へMERGE。判断ルール2の対象だが、後続の子セクションcurrent-0126はテストデータ記法のためテストデータの書き方ページへ切り出す一方、本セクションは実施方法の案内文であるためMOMによるメッセージングページの使用方法に残す。
current-0126,current-0126,current,ja/development_tools/testing_framework/guide/development_guide/05_UnitTestGuide/02_RequestUnitTest/send_sync.rst,77,288,リクエスト単体テストの実施方法(同期応答メッセージ送信処理) > テストの実施方法 > テストデータの書き方,212,user,第3部 テストの実装方法,テストデータの書き方,使用方法,MERGE,split-plan.md（current-0126、split=no、宛先『第3部 テストの実装方法 > テストデータの書き方（MOMによるメッセージング）』）の既存判断を実測で確認し踏襲。テストデータExcelファイルの配置場所（テストソースコードと同ディレクトリ・同名、拡張子のみ異なる）と:ref:`how_to_write_excel`参照、リクエストIDごとの要求電文・応答電文のヘッダ部/ボディ部フォーマットとデータの定義方法、テストケースとグループIDによる電文表の対応付け、メッセージ欄が空欄の場合の挙動、複数件送信時の記載方法、電文表の書式（識別子・ディレクティブ行・no・フィールド名称/データ型/フィールド長/データの表構造と各欄の説明表）、important（フィールド名称の重複禁止）、tip（外部インタフェース設計書からのコピー＆ペースト）、具体的な記載例、important（ヘッダとレコードを交互記載する必要性）、複数回送信時のデータタイプまとめ書きの注意、tip（送信順序はテスト不可）、障害系テスト（`errorMode:timeout`/`errorMode:msgException`という設定値と自動テストフレームワークの動作の対応、記載位置）を一貫して説明。設定ファイルへの言及はなく電文Excelデータの記法仕様に終始するため、design.md§4の記法統合方針に従いテストデータの書き方ページの使用方法へMERGE。
current-0127,current-0127,current,ja/development_tools/testing_framework/guide/development_guide/05_UnitTestGuide/02_RequestUnitTest/send_sync.rst,292,296,リクエスト単体テストの実施方法(同期応答メッセージ送信処理) > テストの実施方法 > テスト結果検証,5,user,第3部 テストの実装方法,リクエスト単体テスト（MOMによるメッセージング）,使用方法,MERGE,要求電文の期待値を定義した場合、自動テストフレームワーク側で要求電文の内容の検証・要求電文の送信件数の検証が行われる旨を説明。テスト実行後に自動的に行われる検証内容の説明であり「テスト結果を確認する」手順に相当するため使用方法へMERGE。
current-0148,current-0148,current,ja/development_tools/testing_framework/guide/development_guide/05_UnitTestGuide/03_DealUnitTest/rest.rst,4,8,取引単体テストの実施方法 > (L1直下),5,user,第3部 テストの実装方法,取引単体テスト（RESTfulウェブサービス）,機能概要,MERGE,ウェブサービスでは取引は1リクエストで完結することがほとんどであり、1リクエスト＝1取引の場合は取引単体テストを実施する必要はない旨、複数リクエストにより取引が成立する場合はリクエスト毎のテストを連続実行することで取引単体テストが実施可能である旨を説明。取引単体テスト（RESTfulウェブサービス）が必要となる条件を述べる内容のため機能概要へMERGE。 [セクション境界] 本行は導入文であり、後続の本体行（current-0149）はdest_section=使用方法に置かれている。ページ作成時、導入文と本体の接続をページ内で再構成すること（design.md §8「出典の文面をそのまま流用しない」の範囲で対応可能）。
current-0149,current-0149,current,ja/development_tools/testing_framework/guide/development_guide/05_UnitTestGuide/03_DealUnitTest/rest.rst,11,37,取引単体テストの実施方法 > 取引単体テストのテストクラス例,27,user,第3部 テストの実装方法,取引単体テスト（RESTfulウェブサービス）,使用方法,MERGE,更新対象を取得し取得情報から更新用フォームを作成して更新を実行し、想定通り更新されたことを検証するJavaのテストクラス実装例全文（RestMockHttpRequestでGET/PUTを連続実行するプロジェクト更新取引のテストコード）。複数リクエストを連続実行する取引単体テストの具体的な書き方の実例のため使用方法へMERGE。
current-0150,current-0150,current,ja/development_tools/testing_framework/guide/development_guide/05_UnitTestGuide/03_DealUnitTest/rest.rst,40,43,取引単体テストの実施方法 > Cookieなど前のレスポンスの情報を引き継ぐ方法 > (L2直下),4,user,第2部 導入と設定,取引単体テストの設定（RESTfulウェブサービス）,使用方法,MERGE,取引単体テストではセッションIDやCSRFトークンなど先行するリクエストのレスポンスとしてサーバから受け取った値を次のリクエストに含めたい場合がある旨、その実現方法が以下にある旨を述べる導入文（L2直下）。後続の実装クラス作成（current-0151）・コンポーネント設定（current-0152）はいずれもクラス差し替え・拡張の性質を持つためdesign.md#4の記載範囲表に基づき第2部 取引単体テストの設定（RESTfulウェブサービス）へ振り分けており、本導入文もその前提説明として同ページの機能概要へMERGE。 [#5d STEP7是正] 旧: 機能概要→新: 使用方法。check_intro_section_splitのERROR検出により是正（2026-07-28）。steering.md #5 Stepsのルール「(L2直下)行は同じ親を持つ配下セクションと同じdest_sectionに置く」を適用。同階層行current-0151(拡張例)/current-0152(使用方法)の2案から選定: 導入文（rest.rst 40-43行）「そのような場合は以下の方法で実現できる」は機能の必要性を述べる前提説明であり、design.md記載範囲表上、拡張例は「独自インタフェース実装クラスを作成する拡張方法」という技術手順そのものに限定される（current-0151のnote参照）のに対し、使用方法は機能の入口となる操作手順一般を扱う。前提説明という性質は使用方法に近いと判断し使用方法へ変更。
current-0151,current-0151,current,ja/development_tools/testing_framework/guide/development_guide/05_UnitTestGuide/03_DealUnitTest/rest.rst,46,65,取引単体テストの実施方法 > Cookieなど前のレスポンスの情報を引き継ぐ方法 > ``RequestResponseProcessor`` の実装クラスを作成する,20,user,第2部 導入と設定,取引単体テストの設定（RESTfulウェブサービス）,拡張例,MERGE,RESTfulウェブサービス実行基盤向けテスティングフレームワークが提供するRequestResponseProcessorインタフェース（リクエスト・レスポンスを操作するためのインタフェース）の説明、フレームワーク提供の実装例RequestResponseCookieManager（Set-Cookieヘッダからプロパティで指定した名前のクッキーを抽出しCookieヘッダへ引き継ぐ）・NablarchSIDManager（セッションIDに特化、デフォルトのクッキー名NABLARCH_SIDを前提）の紹介、DIコンテナ上でシングルトンとなるため複数テストケース間で状態が引き継がれないようテストケースごとにreset()が呼ばれる仕組みと、状態を引き継ぎたくない場合はreset()に初期化処理を実装する必要がある旨を説明。独自インタフェース実装クラスを作成する拡張方法の説明であり、design.md#4記載範囲表の「拡張方法（クラス差し替え、独自Extension等）」に該当するため第2部 取引単体テストの設定（RESTfulウェブサービス）の拡張例へMERGE。
current-0152,current-0152,current,ja/development_tools/testing_framework/guide/development_guide/05_UnitTestGuide/03_DealUnitTest/rest.rst,68,95,取引単体テストの実施方法 > Cookieなど前のレスポンスの情報を引き継ぐ方法 > コンポーネント設定ファイルに ``defaultProcessor`` という名前で実装クラスを設定する,28,user,第2部 導入と設定,取引単体テストの設定（RESTfulウェブサービス）,使用方法,MERGE,コンポーネント設定ファイルにdefaultProcessorという名前でRequestResponseCookieManagerを設定するXML例、複数のRequestResponseProcessorを使いたい場合はComplexRequestResponseProcessorを使用する旨とRequestResponseCookieManager・NablarchSIDManager・独自CSRFTokenManagerを組み合わせるXML例、defaultProcessorという名前で設定されたRequestResponseProcessorは内蔵サーバへのリクエスト送信前にprocessRequestが、レスポンス受信後にprocessResponseがそれぞれ実行される旨を説明。コンポーネント設定ファイルの設定項目・記述例そのものであり、design.md#4記載範囲表の「コンポーネント設定ファイルの設定項目一覧」「設定ファイルの記述例」に該当するため使用方法へMERGE。
input-0093,input-0093,input,.rn/20260724-ntf-yaml-support/input/ntf-testdata-doc-examples-table.md,2,6,NTF テストデータ解説書 — 記述例（テーブルデータ） > (L1直下),5,user,第3部 テストの実装方法,テストデータの記載例,使用方法,MERGE,"文書全体の導入文。実測: アンカー`<a name=""table-data""></a>`（3行目）に続き「テーブル系データブロック（SETUP_TABLE / EXPECTED_TABLE / EXPECTED_COMPLETE_TABLE / LIST_MAP）のExcel・YAML記法を種別ごとに引く。各種別ともExcelとYAMLの対応例を並べ、末尾に制約を示す。」という1文（5行目）。design.mdの「テストデータの記載例」ページ（用途別実例をExcelとYAMLの対比で示す）の導入部として、batch-11のinput-0058・batch-24のinput-0036と同型の記述例集ドキュメントのL1直下導入文と同じ扱いでMERGE。判断ルール1のアンカーのみ／空セクションには該当しない（本文1文が実在するため）。"
input-0094,input-0094,input,.rn/20260724-ntf-yaml-support/input/ntf-testdata-doc-examples-table.md,8,10,NTF テストデータ解説書 — 記述例（テーブルデータ） > 5.1 テーブルデータの基本形式 > (L2直下),3,user,,,,DROP,"空/TOC/アンカーのみ。実測: 「## 5.1 テーブルデータの基本形式」見出し直後の(L2直下)セクションの本文範囲（8〜10行目）は空行・`<a name=""setup-table""></a>`という内部アンカー・空行のみで、文章を一切含まない。判断ルール1（RSTアンカーのみ・toctreeのみ・空のセクションはDROP）に該当。batch-24のinput-0075（overview.mdの同型アンカーのみパターン）と同じ判断。"
input-0095,input-0095,input,.rn/20260724-ntf-yaml-support/input/ntf-testdata-doc-examples-table.md,12,61,NTF テストデータ解説書 — 記述例（テーブルデータ） > 5.1 テーブルデータの基本形式 > SETUP_TABLE,50,user,第3部 テストの実装方法,テストデータの記載例,使用方法,MERGE,実測: 「会員テーブルへ初期データをINSERTするケース」の導入文、Excel記述例（SETUP_TABLE=MEMBER、1行目カラム名/2行目以降データ、`//`コメント行の補足）、YAML記述例（setup_tables:のtable/rows構造、1行1オブジェクト、NULL値はアンクォートのnull）、制約3点（主キーカラム省略不可・NULL文字列のNullInterpreterによるJava null変換・`${binaryFile:パス}`のバイナリ読み込みHexString変換）を1セットで説明。主キーカラム省略不可の制約はbatch-06のinput-0012（DB系4データタイプのカラム省略制約、テストデータの書き方へMERGE済み）と重複するが、`${binaryFile:パス}`によるバイナリ変換とNULL文字列の具体的なYAML表現はinput-0012にない新規情報であり、書き方（抽象仕様）／記載例（用途別実例）の意図的な2ページ構成上、実例側に同じ制約を再掲するのは想定内のため分割せずセクション全体をMERGE。
input-0096,input-0096,input,.rn/20260724-ntf-yaml-support/input/ntf-testdata-doc-examples-table.md,63,125,NTF テストデータ解説書 — 記述例（テーブルデータ） > 5.1 テーブルデータの基本形式 > EXPECTED_TABLE と EXPECTED_COMPLETE_TABLE,63,user,第3部 テストの実装方法,テストデータの記載例,使用方法,MERGE,実測: 「バッチ処理後の会員スコアと注文カウンタを検証するケース」の導入文、EXPECTED_TABLE=MEMBERとEXPECTED_COMPLETE_TABLE=ORDER_HEADERのExcel記述例、対応するYAML記述例（expected_tables:/expected_complete_tables:）、省略カラムの扱い表（EXPECTED_TABLE/expected_tables:は比較対象外、EXPECTED_COMPLETE_TABLE/expected_complete_tables:はBasicDefaultValuesのデフォルト値を補完してから比較）、制約2点（Excelは混在禁止・YAMLは混在可）を1セットで説明。省略カラムの扱いと混在可否のルールはbatch-07のinput-0128（EXPECTED_COMPLETE_TABLEの省略カラムへのデフォルト値補完規則、Excel混在禁止・YAML混在可を含む、テストデータの書き方へMERGE済み）と重複するが、本セクションは実際のカラム名・データを伴う具体的なExcel/YAML対比例であり、書き方／記載例の意図的な2ページ構成上、記載例側に同じ規則を再掲するのは想定内のため分割せずセクション全体をMERGE。
input-0097,input-0097,input,.rn/20260724-ntf-yaml-support/input/ntf-testdata-doc-examples-table.md,127,182,NTF テストデータ解説書 — 記述例（テーブルデータ） > 5.1 テーブルデータの基本形式 > LIST_MAP,56,user,第3部 テストの実装方法,テストデータの記載例,使用方法,MERGE,実測: 「キーバリュー形式の汎用データ。マーカーカラム・期待ログ・リクエストパラメータ等に使う」という導入、Excel記述例2種（LIST_MAP=searchParamsのマーカーカラム`[no]`/`[desc]`付きリクエストパラメータ例、LIST_MAP=expectedLogの期待ログ例）、対応するYAML記述例（list_maps:のid/rows構造、マーカーカラムはダブルクォート囲み）、マーカーカラムの説明（角括弧カラムはDB操作から除外）、制約2点（testShotsは予約IDでフレームワークが自動読み込み・IDは完全一致検索で同一ID重複時は先着1件優先）を1セットで説明。マーカーカラムの概念自体はbatch-12のinput-0163（SETUP_TABLE/EXPECTED_TABLE/LIST_MAP適用対象のExcel/YAML対比表、テストデータの書き方へMERGE済み）、ID解決規則（完全一致検索・重複時先着1件）はbatch-07のinput-0129（LIST_MAP全般のID解決規則、テストデータの書き方へMERGE済み）とそれぞれ重複するが、本セクションは実際のカラム名・データを伴う具体的なExcel/YAML対比例であり、書き方／記載例の意図的な2ページ構成上、記載例側に同じ規則を再掲するのは想定内のため分割せずセクション全体をMERGE。
current-0137,current-0137,current,ja/development_tools/testing_framework/guide/development_guide/05_UnitTestGuide/03_DealUnitTest/http_send_sync.rst,1,2,(冒頭),2,user,,,,DROP,実測: 本文は`.. _dealUnitTest_http_send_sync:`というRST内部アンカーラベルと空行のみで文章を一切含まない。判断ルール1（RSTアンカーのみ・toctreeのみ・空のセクションはDROP）に該当しDROP。
current-0138,current-0138,current,ja/development_tools/testing_framework/guide/development_guide/05_UnitTestGuide/03_DealUnitTest/http_send_sync.rst,6,15,HTTP同期応答メッセージ送信処理を伴う取引単体テストの実施方法 > (L1直下),10,user,第3部 テストの実装方法,取引単体テスト（HTTPメッセージング）,機能概要,REFERENCE,実測: 「HTTP同期応答メッセージ送信処理を伴うウェブアプリケーションで、取引単体テストを行う場合は、Nablarchが提供するモックアップクラスを使用する。取引単体テスト実施方法は、:ref:`dealUnitTest_send_sync`を参照すること。ただし、『送信キュー』『受信キュー』を『通信先』と読み替えること。本項では、:ref:`dealUnitTest_send_sync`と異なる箇所を解説する。」という導入文。参照先dealUnitTest_send_syncは同ディレクトリ(03_DealUnitTest)のsend_sync.rst（同期応答メッセージ送信処理を伴う取引単体テストの実施方法。MOMメッセージング版。current-0153〜0158、本バッチ対象外・未処理）であり、送信キュー/受信キューを通信先と読み替える旨の記述はMOM（キュー）とHTTP（通信先）の用語差分説明そのもの。batch-15のcurrent-0064（http_real.rstの同型L1直下、参照先ページ＋差分解説という導入文をREFERENCEとしてHTTPメッセージング処理方式ページの使用方法に残した前例）と同じパターンのためREFERENCEとし、取引単体テスト側の暫定語彙「取引単体テスト（HTTPメッセージング）」の使用方法へ割り当てる。ファイルパス(03_DealUnitTest/http_send_sync.rst)と『通信先』という本文中の用語自体がHTTP処理方式であることを明示しており、この処理方式割当自体に迷いはない（design.md自身が取引単体テストのページ構成を未確定としている点はcurrent-0142等の総論セクションに限られ、本セクションのように処理方式が本文・ファイル名から明白なセクションには及ばないと判断。batch-15のcurrent-0064／batch-04のcurrent-0074等、同型のHTTPメッセージング処理方式セクションもnoteを「暫定。」で始めていない先例に倣う）。（#5b STEP2再判定: 使用方法→機能概要に修正。本文はモックアップクラス使用の方針、参照先dealUnitTest_send_syncとの差分（送信キュー/受信キューを通信先と読み替え）の説明のみで、後続の「モックアップクラスを使用した取引単体テストの実施方法」節（current-0139、手順そのもの）とは独立した、ページ冒頭のスコープ説明。design.md §4の機能概要定義「このページで何ができるようになるか」に該当するため機能概要へ変更する。）
current-0139,current-0139,current,ja/development_tools/testing_framework/guide/development_guide/05_UnitTestGuide/03_DealUnitTest/http_send_sync.rst,24,46,HTTP同期応答メッセージ送信処理を伴う取引単体テストの実施方法 > モックアップクラスを使用した取引単体テストの実施方法 > Excelファイルの書き方,23,user,第3部 テストの実装方法,取引単体テスト（HTTPメッセージング）,使用方法,MERGE,実測: 「取引単体テストを行う場合は、定められた記述ルールに従いExcelファイルを記載する。Excelファイルに定義した応答電文のフォーマットおよびデータは、モックアップクラスが返却する応答電文を生成するために使用される。また要求電文のフォーマットは、モックアップクラスが要求電文のログを出力するために使用される。」というモックアップクラスの挙動説明、「書き方の例」小見出し配下の`.. image:: ./_images/http_send_sync_test_data.png`（Excel記載例スクリーンショット、テキスト化不可）、「電文のフォーマットおよびデータの記載方法」小見出し配下の「同期応答メッセージ送信処理の:ref:`send_sync_test_data_format`と同じ。ただし、HTTP通信は要求、応答電文ともにヘッダが存在しないため、本文のみ定義する。」という差分説明。見出しは「Excelファイルの書き方」だが、実際のメッセージ記法仕様（フィールド定義・データ行の書式等）はsend_sync.rst側のcurrent-0156（同ファイル「Excelファイルの書き方」154行、本バッチ対象外・未処理）に:ref:参照で委譲されており、本セクション自体はテストデータ記法の抽象仕様を新規に定義していない。そのためテストデータの書き方ページへの記法分離候補として検討したが、内容の主眼はモックアップクラスがExcelデータをどう使うか・HTTP通信はヘッダなしという処理方式固有の挙動差分であり、判断ルール3が対象とする記法説明そのものではないと判断。split-plan.mdにcurrent-0139の分割承認がないことも踏まえ分割せず、単一の宛先として「取引単体テスト（HTTPメッセージング）」ページの使用方法へMERGE。要確認: 画像(`_images/http_send_sync_test_data.png`)の扱いはテキスト化できないため、ページ化時にスクリーンショット素材の再作成要否を別途判断する必要がある。
current-0140,current-0140,current,ja/development_tools/testing_framework/guide/development_guide/05_UnitTestGuide/03_DealUnitTest/http_send_sync.rst,50,69,HTTP同期応答メッセージ送信処理を伴う取引単体テストの実施方法 > モックアップクラスを使用した取引単体テストの実施方法 > フレームワークで使用するクラスの設定,20,user,第2部 導入と設定,取引単体テストの設定（HTTPメッセージング）,使用方法,MOVE,"実測: 「通常、これらの設定はアーキテクトが行うものでありアプリケーションプログラマが設定する必要はない。」という導入文、「モックアップクラスの設定」小見出し配下の「コンポーネント設定ファイルに、取引単体テストで使用するモックアップクラスを設定する。」という説明とXMLコード例（component name=""defaultMessageSenderClient"" class=""nablarch.test.core.messaging.MockMessagingClient""、property charset=""Shift-JIS""）、および「charsetに文字コード名を指定することでログに出力する文字コードを変更できる。通常は省略可能で、省略した場合はUTF-8が使用される。」という補足。アーキテクトが行うコンポーネント設定というPart2「導入と設定」向けの内容であり、batch-15のcurrent-0066-b（同型の「フレームワーク制御ヘッダ設定はアーキテクトの作業でアプリ開発者の作業ではない」という理由でaudience=developer・リクエスト単体テストの設定（HTTPメッセージング）へSPLIT）、および同一処理方式の対をなすリクエスト単体テスト側current-0074/0075（フレームワークで使用するクラスの設定＋モックアップクラスの設定、同じ文言「通常、これらの設定はアーキテクトが行うものであり...」を含み、リクエスト単体テストの設定（HTTPメッセージング）の使用方法へMOVE済み。設定対象クラスがRequestTestingMessagingClientである点のみが本セクションのMockMessagingClientと異なる）と完全に同型の構成のため、同じ判断でaudience=developer・取引単体テストの設定（HTTPメッセージング）ページの使用方法へMOVE。 [3観点レビュー対応] audienceをdeveloperからuserへ修正（同上。note自身がcurrent-0074/0075と同型と認めており、それらはuser/MOVE済みのため整合させた）。"
